ISO-10303-21;
HEADER;
FILE_DESCRIPTION(('Open CASCADE Model'),'2;1');
FILE_NAME('Open CASCADE Shape Model','2026-09-29T12:45:17',('Author'),(
    'Open CASCADE'),'Open CASCADE STEP processor 7.9','Open CASCADE 7.9'
  ,'Unknown');
FILE_SCHEMA(('AUTOMOTIVE_DESIGN { 1 0 10303 214 1 1 1 1 }'));
ENDSEC;
DATA;
#1 = APPLICATION_PROTOCOL_DEFINITION('international standard',
  'automotive_design',2000,#2);
#2 = APPLICATION_CONTEXT(
  'core data for automotive mechanical design processes');
#3 = SHAPE_DEFINITION_REPRESENTATION(#4,#10);
#4 = PRODUCT_DEFINITION_SHAPE('','',#5);
#5 = PRODUCT_DEFINITION('design','',#6,#9);
#6 = PRODUCT_DEFINITION_FORMATION('','',#7);
#7 = PRODUCT('vivienda_v2','vivienda_v2','',(#8));
#8 = PRODUCT_CONTEXT('',#2,'mechanical');
#9 = PRODUCT_DEFINITION_CONTEXT('part definition',#2,'design');
#10 = SHAPE_REPRESENTATION('',(#11,#15,#19,#23,#27,#31,#35,#39,#43),#47
  );
#11 = AXIS2_PLACEMENT_3D('',#12,#13,#14);
#12 = CARTESIAN_POINT('',(0.,0.,0.));
#13 = DIRECTION('',(0.,0.,1.));
#14 = DIRECTION('',(1.,0.,-0.));
#15 = AXIS2_PLACEMENT_3D('',#16,#17,#18);
#16 = CARTESIAN_POINT('',(0.,0.,0.));
#17 = DIRECTION('',(0.,0.,1.));
#18 = DIRECTION('',(1.,0.,-0.));
#19 = AXIS2_PLACEMENT_3D('',#20,#21,#22);
#20 = CARTESIAN_POINT('',(0.,0.,0.));
#21 = DIRECTION('',(0.,0.,1.));
#22 = DIRECTION('',(1.,0.,-0.));
#23 = AXIS2_PLACEMENT_3D('',#24,#25,#26);
#24 = CARTESIAN_POINT('',(0.,0.,0.));
#25 = DIRECTION('',(0.,0.,1.));
#26 = DIRECTION('',(1.,0.,-0.));
#27 = AXIS2_PLACEMENT_3D('',#28,#29,#30);
#28 = CARTESIAN_POINT('',(0.,0.,0.));
#29 = DIRECTION('',(0.,0.,1.));
#30 = DIRECTION('',(1.,0.,-0.));
#31 = AXIS2_PLACEMENT_3D('',#32,#33,#34);
#32 = CARTESIAN_POINT('',(0.,0.,0.));
#33 = DIRECTION('',(0.,0.,1.));
#34 = DIRECTION('',(1.,0.,-0.));
#35 = AXIS2_PLACEMENT_3D('',#36,#37,#38);
#36 = CARTESIAN_POINT('',(0.,0.,0.));
#37 = DIRECTION('',(0.,0.,1.));
#38 = DIRECTION('',(1.,0.,-0.));
#39 = AXIS2_PLACEMENT_3D('',#40,#41,#42);
#40 = CARTESIAN_POINT('',(0.,0.,0.));
#41 = DIRECTION('',(0.,0.,1.));
#42 = DIRECTION('',(1.,0.,-0.));
#43 = AXIS2_PLACEMENT_3D('',#44,#45,#46);
#44 = CARTESIAN_POINT('',(0.,0.,0.));
#45 = DIRECTION('',(0.,0.,1.));
#46 = DIRECTION('',(1.,0.,-0.));
#47 = ( GEOMETRIC_REPRESENTATION_CONTEXT(3) 
GLOBAL_UNCERTAINTY_ASSIGNED_CONTEXT((#51)) GLOBAL_UNIT_ASSIGNED_CONTEXT(
(#48,#49,#50)) REPRESENTATION_CONTEXT('Context #1',
  '3D Context with UNIT and UNCERTAINTY') );
#48 = ( LENGTH_UNIT() NAMED_UNIT(*) SI_UNIT(.MILLI.,.METRE.) );
#49 = ( NAMED_UNIT(*) PLANE_ANGLE_UNIT() SI_UNIT($,.RADIAN.) );
#50 = ( NAMED_UNIT(*) SI_UNIT($,.STERADIAN.) SOLID_ANGLE_UNIT() );
#51 = UNCERTAINTY_MEASURE_WITH_UNIT(LENGTH_MEASURE(2.E-07),#48,
  'distance_accuracy_value','confusion accuracy');
#52 = PRODUCT_RELATED_PRODUCT_CATEGORY('part',$,(#7));
#53 = SHAPE_DEFINITION_REPRESENTATION(#54,#60);
#54 = PRODUCT_DEFINITION_SHAPE('','',#55);
#55 = PRODUCT_DEFINITION('design','',#56,#59);
#56 = PRODUCT_DEFINITION_FORMATION('','',#57);
#57 = PRODUCT('cimentacion','cimentacion','',(#58));
#58 = PRODUCT_CONTEXT('',#2,'mechanical');
#59 = PRODUCT_DEFINITION_CONTEXT('part definition',#2,'design');
#60 = ADVANCED_BREP_SHAPE_REPRESENTATION('',(#11,#61),#1775);
#61 = MANIFOLD_SOLID_BREP('',#62);
#62 = CLOSED_SHELL('',(#63,#183,#259,#335,#855,#1290,#1317,#1344,#1371,
    #1398,#1425,#1452,#1459,#1506,#1533,#1560,#1587,#1614,#1639,#1684,
    #1711,#1736,#1761,#1768));
#63 = ADVANCED_FACE('',(#64),#78,.F.);
#64 = FACE_BOUND('',#65,.F.);
#65 = EDGE_LOOP('',(#66,#101,#129,#157));
#66 = ORIENTED_EDGE('',*,*,#67,.T.);
#67 = EDGE_CURVE('',#68,#70,#72,.T.);
#68 = VERTEX_POINT('',#69);
#69 = CARTESIAN_POINT('',(2.533132017509,6.97,-0.6));
#70 = VERTEX_POINT('',#71);
#71 = CARTESIAN_POINT('',(2.533132017509,6.97,0.));
#72 = SURFACE_CURVE('',#73,(#77,#89),.PCURVE_S1.);
#73 = LINE('',#74,#75);
#74 = CARTESIAN_POINT('',(2.533132017509,6.97,-0.6));
#75 = VECTOR('',#76,1.);
#76 = DIRECTION('',(0.,0.,1.));
#77 = PCURVE('',#78,#83);
#78 = PLANE('',#79);
#79 = AXIS2_PLACEMENT_3D('',#80,#81,#82);
#80 = CARTESIAN_POINT('',(2.533132017509,6.97,-0.6));
#81 = DIRECTION('',(0.999269218339,3.822341272335E-02,-0.));
#82 = DIRECTION('',(3.822341272335E-02,-0.999269218339,0.));
#83 = DEFINITIONAL_REPRESENTATION('',(#84),#88);
#84 = LINE('',#85,#86);
#85 = CARTESIAN_POINT('',(-8.875293551993E-16,0.));
#86 = VECTOR('',#87,1.);
#87 = DIRECTION('',(0.,-1.));
#88 = ( GEOMETRIC_REPRESENTATION_CONTEXT(2) 
PARAMETRIC_REPRESENTATION_CONTEXT() REPRESENTATION_CONTEXT('2D SPACE',''
  ) );
#89 = PCURVE('',#90,#95);
#90 = PLANE('',#91);
#91 = AXIS2_PLACEMENT_3D('',#92,#93,#94);
#92 = CARTESIAN_POINT('',(-0.35,6.97,-0.6));
#93 = DIRECTION('',(0.,1.,0.));
#94 = DIRECTION('',(1.,0.,0.));
#95 = DEFINITIONAL_REPRESENTATION('',(#96),#100);
#96 = LINE('',#97,#98);
#97 = CARTESIAN_POINT('',(2.883132017509,0.));
#98 = VECTOR('',#99,1.);
#99 = DIRECTION('',(0.,-1.));
#100 = ( GEOMETRIC_REPRESENTATION_CONTEXT(2) 
PARAMETRIC_REPRESENTATION_CONTEXT() REPRESENTATION_CONTEXT('2D SPACE',''
  ) );
#101 = ORIENTED_EDGE('',*,*,#102,.T.);
#102 = EDGE_CURVE('',#70,#103,#105,.T.);
#103 = VERTEX_POINT('',#104);
#104 = CARTESIAN_POINT('',(2.813132017509,-0.35,0.));
#105 = SURFACE_CURVE('',#106,(#110,#117),.PCURVE_S1.);
#106 = LINE('',#107,#108);
#107 = CARTESIAN_POINT('',(2.520255773581,7.306621805547,0.));
#108 = VECTOR('',#109,1.);
#109 = DIRECTION('',(3.822341272335E-02,-0.999269218339,-0.));
#110 = PCURVE('',#78,#111);
#111 = DEFINITIONAL_REPRESENTATION('',(#112),#116);
#112 = LINE('',#113,#114);
#113 = CARTESIAN_POINT('',(-0.336867982491,-0.6));
#114 = VECTOR('',#115,1.);
#115 = DIRECTION('',(1.,0.));
#116 = ( GEOMETRIC_REPRESENTATION_CONTEXT(2) 
PARAMETRIC_REPRESENTATION_CONTEXT() REPRESENTATION_CONTEXT('2D SPACE',''
  ) );
#117 = PCURVE('',#118,#123);
#118 = PLANE('',#119);
#119 = AXIS2_PLACEMENT_3D('',#120,#121,#122);
#120 = CARTESIAN_POINT('',(5.863038408691,8.73070285966,0.));
#121 = DIRECTION('',(0.,0.,1.));
#122 = DIRECTION('',(1.,0.,-0.));
#123 = DEFINITIONAL_REPRESENTATION('',(#124),#128);
#124 = LINE('',#125,#126);
#125 = CARTESIAN_POINT('',(-3.34278263511,-1.424081054114));
#126 = VECTOR('',#127,1.);
#127 = DIRECTION('',(3.822341272335E-02,-0.999269218339));
#128 = ( GEOMETRIC_REPRESENTATION_CONTEXT(2) 
PARAMETRIC_REPRESENTATION_CONTEXT() REPRESENTATION_CONTEXT('2D SPACE',''
  ) );
#129 = ORIENTED_EDGE('',*,*,#130,.F.);
#130 = EDGE_CURVE('',#131,#103,#133,.T.);
#131 = VERTEX_POINT('',#132);
#132 = CARTESIAN_POINT('',(2.813132017509,-0.35,-0.6));
#133 = SURFACE_CURVE('',#134,(#138,#145),.PCURVE_S1.);
#134 = LINE('',#135,#136);
#135 = CARTESIAN_POINT('',(2.813132017509,-0.35,-0.6));
#136 = VECTOR('',#137,1.);
#137 = DIRECTION('',(0.,0.,1.));
#138 = PCURVE('',#78,#139);
#139 = DEFINITIONAL_REPRESENTATION('',(#140),#144);
#140 = LINE('',#141,#142);
#141 = CARTESIAN_POINT('',(7.325353233804,0.));
#142 = VECTOR('',#143,1.);
#143 = DIRECTION('',(0.,-1.));
#144 = ( GEOMETRIC_REPRESENTATION_CONTEXT(2) 
PARAMETRIC_REPRESENTATION_CONTEXT() REPRESENTATION_CONTEXT('2D SPACE',''
  ) );
#145 = PCURVE('',#146,#151);
#146 = PLANE('',#147);
#147 = AXIS2_PLACEMENT_3D('',#148,#149,#150);
#148 = CARTESIAN_POINT('',(2.813132017509,-0.35,-0.6));
#149 = DIRECTION('',(0.,1.,0.));
#150 = DIRECTION('',(1.,0.,0.));
#151 = DEFINITIONAL_REPRESENTATION('',(#152),#156);
#152 = LINE('',#153,#154);
#153 = CARTESIAN_POINT('',(0.,0.));
#154 = VECTOR('',#155,1.);
#155 = DIRECTION('',(0.,-1.));
#156 = ( GEOMETRIC_REPRESENTATION_CONTEXT(2) 
PARAMETRIC_REPRESENTATION_CONTEXT() REPRESENTATION_CONTEXT('2D SPACE',''
  ) );
#157 = ORIENTED_EDGE('',*,*,#158,.F.);
#158 = EDGE_CURVE('',#68,#131,#159,.T.);
#159 = SURFACE_CURVE('',#160,(#164,#171),.PCURVE_S1.);
#160 = LINE('',#161,#162);
#161 = CARTESIAN_POINT('',(2.520255773581,7.306621805547,-0.6));
#162 = VECTOR('',#163,1.);
#163 = DIRECTION('',(3.822341272335E-02,-0.999269218339,-0.));
#164 = PCURVE('',#78,#165);
#165 = DEFINITIONAL_REPRESENTATION('',(#166),#170);
#166 = LINE('',#167,#168);
#167 = CARTESIAN_POINT('',(-0.336867982491,-0.));
#168 = VECTOR('',#169,1.);
#169 = DIRECTION('',(1.,0.));
#170 = ( GEOMETRIC_REPRESENTATION_CONTEXT(2) 
PARAMETRIC_REPRESENTATION_CONTEXT() REPRESENTATION_CONTEXT('2D SPACE',''
  ) );
#171 = PCURVE('',#172,#177);
#172 = PLANE('',#173);
#173 = AXIS2_PLACEMENT_3D('',#174,#175,#176);
#174 = CARTESIAN_POINT('',(5.863038408691,8.73070285966,-0.6));
#175 = DIRECTION('',(0.,0.,1.));
#176 = DIRECTION('',(1.,0.,-0.));
#177 = DEFINITIONAL_REPRESENTATION('',(#178),#182);
#178 = LINE('',#179,#180);
#179 = CARTESIAN_POINT('',(-3.34278263511,-1.424081054114));
#180 = VECTOR('',#181,1.);
#181 = DIRECTION('',(3.822341272335E-02,-0.999269218339));
#182 = ( GEOMETRIC_REPRESENTATION_CONTEXT(2) 
PARAMETRIC_REPRESENTATION_CONTEXT() REPRESENTATION_CONTEXT('2D SPACE',''
  ) );
#183 = ADVANCED_FACE('',(#184),#90,.F.);
#184 = FACE_BOUND('',#185,.F.);
#185 = EDGE_LOOP('',(#186,#216,#237,#238));
#186 = ORIENTED_EDGE('',*,*,#187,.T.);
#187 = EDGE_CURVE('',#188,#190,#192,.T.);
#188 = VERTEX_POINT('',#189);
#189 = CARTESIAN_POINT('',(-0.35,6.97,-0.6));
#190 = VERTEX_POINT('',#191);
#191 = CARTESIAN_POINT('',(-0.35,6.97,0.));
#192 = SURFACE_CURVE('',#193,(#197,#204),.PCURVE_S1.);
#193 = LINE('',#194,#195);
#194 = CARTESIAN_POINT('',(-0.35,6.97,-0.6));
#195 = VECTOR('',#196,1.);
#196 = DIRECTION('',(0.,0.,1.));
#197 = PCURVE('',#90,#198);
#198 = DEFINITIONAL_REPRESENTATION('',(#199),#203);
#199 = LINE('',#200,#201);
#200 = CARTESIAN_POINT('',(4.440892098501E-16,0.));
#201 = VECTOR('',#202,1.);
#202 = DIRECTION('',(0.,-1.));
#203 = ( GEOMETRIC_REPRESENTATION_CONTEXT(2) 
PARAMETRIC_REPRESENTATION_CONTEXT() REPRESENTATION_CONTEXT('2D SPACE',''
  ) );
#204 = PCURVE('',#205,#210);
#205 = PLANE('',#206);
#206 = AXIS2_PLACEMENT_3D('',#207,#208,#209);
#207 = CARTESIAN_POINT('',(-0.35,16.65,-0.6));
#208 = DIRECTION('',(1.,0.,-0.));
#209 = DIRECTION('',(0.,-1.,0.));
#210 = DEFINITIONAL_REPRESENTATION('',(#211),#215);
#211 = LINE('',#212,#213);
#212 = CARTESIAN_POINT('',(9.68,0.));
#213 = VECTOR('',#214,1.);
#214 = DIRECTION('',(0.,-1.));
#215 = ( GEOMETRIC_REPRESENTATION_CONTEXT(2) 
PARAMETRIC_REPRESENTATION_CONTEXT() REPRESENTATION_CONTEXT('2D SPACE',''
  ) );
#216 = ORIENTED_EDGE('',*,*,#217,.T.);
#217 = EDGE_CURVE('',#190,#70,#218,.T.);
#218 = SURFACE_CURVE('',#219,(#223,#230),.PCURVE_S1.);
#219 = LINE('',#220,#221);
#220 = CARTESIAN_POINT('',(0.,6.97,0.));
#221 = VECTOR('',#222,1.);
#222 = DIRECTION('',(1.,0.,0.));
#223 = PCURVE('',#90,#224);
#224 = DEFINITIONAL_REPRESENTATION('',(#225),#229);
#225 = LINE('',#226,#227);
#226 = CARTESIAN_POINT('',(0.35,-0.6));
#227 = VECTOR('',#228,1.);
#228 = DIRECTION('',(1.,0.));
#229 = ( GEOMETRIC_REPRESENTATION_CONTEXT(2) 
PARAMETRIC_REPRESENTATION_CONTEXT() REPRESENTATION_CONTEXT('2D SPACE',''
  ) );
#230 = PCURVE('',#118,#231);
#231 = DEFINITIONAL_REPRESENTATION('',(#232),#236);
#232 = LINE('',#233,#234);
#233 = CARTESIAN_POINT('',(-5.863038408691,-1.76070285966));
#234 = VECTOR('',#235,1.);
#235 = DIRECTION('',(1.,0.));
#236 = ( GEOMETRIC_REPRESENTATION_CONTEXT(2) 
PARAMETRIC_REPRESENTATION_CONTEXT() REPRESENTATION_CONTEXT('2D SPACE',''
  ) );
#237 = ORIENTED_EDGE('',*,*,#67,.F.);
#238 = ORIENTED_EDGE('',*,*,#239,.F.);
#239 = EDGE_CURVE('',#188,#68,#240,.T.);
#240 = SURFACE_CURVE('',#241,(#245,#252),.PCURVE_S1.);
#241 = LINE('',#242,#243);
#242 = CARTESIAN_POINT('',(0.,6.97,-0.6));
#243 = VECTOR('',#244,1.);
#244 = DIRECTION('',(1.,0.,0.));
#245 = PCURVE('',#90,#246);
#246 = DEFINITIONAL_REPRESENTATION('',(#247),#251);
#247 = LINE('',#248,#249);
#248 = CARTESIAN_POINT('',(0.35,0.));
#249 = VECTOR('',#250,1.);
#250 = DIRECTION('',(1.,0.));
#251 = ( GEOMETRIC_REPRESENTATION_CONTEXT(2) 
PARAMETRIC_REPRESENTATION_CONTEXT() REPRESENTATION_CONTEXT('2D SPACE',''
  ) );
#252 = PCURVE('',#172,#253);
#253 = DEFINITIONAL_REPRESENTATION('',(#254),#258);
#254 = LINE('',#255,#256);
#255 = CARTESIAN_POINT('',(-5.863038408691,-1.76070285966));
#256 = VECTOR('',#257,1.);
#257 = DIRECTION('',(1.,0.));
#258 = ( GEOMETRIC_REPRESENTATION_CONTEXT(2) 
PARAMETRIC_REPRESENTATION_CONTEXT() REPRESENTATION_CONTEXT('2D SPACE',''
  ) );
#259 = ADVANCED_FACE('',(#260),#146,.F.);
#260 = FACE_BOUND('',#261,.F.);
#261 = EDGE_LOOP('',(#262,#263,#286,#314));
#262 = ORIENTED_EDGE('',*,*,#130,.T.);
#263 = ORIENTED_EDGE('',*,*,#264,.T.);
#264 = EDGE_CURVE('',#103,#265,#267,.T.);
#265 = VERTEX_POINT('',#266);
#266 = CARTESIAN_POINT('',(9.9,-0.35,0.));
#267 = SURFACE_CURVE('',#268,(#272,#279),.PCURVE_S1.);
#268 = LINE('',#269,#270);
#269 = CARTESIAN_POINT('',(3.15,-0.35,0.));
#270 = VECTOR('',#271,1.);
#271 = DIRECTION('',(1.,0.,0.));
#272 = PCURVE('',#146,#273);
#273 = DEFINITIONAL_REPRESENTATION('',(#274),#278);
#274 = LINE('',#275,#276);
#275 = CARTESIAN_POINT('',(0.336867982491,-0.6));
#276 = VECTOR('',#277,1.);
#277 = DIRECTION('',(1.,0.));
#278 = ( GEOMETRIC_REPRESENTATION_CONTEXT(2) 
PARAMETRIC_REPRESENTATION_CONTEXT() REPRESENTATION_CONTEXT('2D SPACE',''
  ) );
#279 = PCURVE('',#118,#280);
#280 = DEFINITIONAL_REPRESENTATION('',(#281),#285);
#281 = LINE('',#282,#283);
#282 = CARTESIAN_POINT('',(-2.713038408691,-9.08070285966));
#283 = VECTOR('',#284,1.);
#284 = DIRECTION('',(1.,0.));
#285 = ( GEOMETRIC_REPRESENTATION_CONTEXT(2) 
PARAMETRIC_REPRESENTATION_CONTEXT() REPRESENTATION_CONTEXT('2D SPACE',''
  ) );
#286 = ORIENTED_EDGE('',*,*,#287,.F.);
#287 = EDGE_CURVE('',#288,#265,#290,.T.);
#288 = VERTEX_POINT('',#289);
#289 = CARTESIAN_POINT('',(9.9,-0.35,-0.6));
#290 = SURFACE_CURVE('',#291,(#295,#302),.PCURVE_S1.);
#291 = LINE('',#292,#293);
#292 = CARTESIAN_POINT('',(9.9,-0.35,-0.6));
#293 = VECTOR('',#294,1.);
#294 = DIRECTION('',(0.,0.,1.));
#295 = PCURVE('',#146,#296);
#296 = DEFINITIONAL_REPRESENTATION('',(#297),#301);
#297 = LINE('',#298,#299);
#298 = CARTESIAN_POINT('',(7.086867982491,0.));
#299 = VECTOR('',#300,1.);
#300 = DIRECTION('',(0.,-1.));
#301 = ( GEOMETRIC_REPRESENTATION_CONTEXT(2) 
PARAMETRIC_REPRESENTATION_CONTEXT() REPRESENTATION_CONTEXT('2D SPACE',''
  ) );
#302 = PCURVE('',#303,#308);
#303 = PLANE('',#304);
#304 = AXIS2_PLACEMENT_3D('',#305,#306,#307);
#305 = CARTESIAN_POINT('',(9.9,-0.35,-0.6));
#306 = DIRECTION('',(-1.,0.,0.));
#307 = DIRECTION('',(0.,1.,0.));
#308 = DEFINITIONAL_REPRESENTATION('',(#309),#313);
#309 = LINE('',#310,#311);
#310 = CARTESIAN_POINT('',(0.,0.));
#311 = VECTOR('',#312,1.);
#312 = DIRECTION('',(0.,-1.));
#313 = ( GEOMETRIC_REPRESENTATION_CONTEXT(2) 
PARAMETRIC_REPRESENTATION_CONTEXT() REPRESENTATION_CONTEXT('2D SPACE',''
  ) );
#314 = ORIENTED_EDGE('',*,*,#315,.F.);
#315 = EDGE_CURVE('',#131,#288,#316,.T.);
#316 = SURFACE_CURVE('',#317,(#321,#328),.PCURVE_S1.);
#317 = LINE('',#318,#319);
#318 = CARTESIAN_POINT('',(3.15,-0.35,-0.6));
#319 = VECTOR('',#320,1.);
#320 = DIRECTION('',(1.,0.,0.));
#321 = PCURVE('',#146,#322);
#322 = DEFINITIONAL_REPRESENTATION('',(#323),#327);
#323 = LINE('',#324,#325);
#324 = CARTESIAN_POINT('',(0.336867982491,0.));
#325 = VECTOR('',#326,1.);
#326 = DIRECTION('',(1.,0.));
#327 = ( GEOMETRIC_REPRESENTATION_CONTEXT(2) 
PARAMETRIC_REPRESENTATION_CONTEXT() REPRESENTATION_CONTEXT('2D SPACE',''
  ) );
#328 = PCURVE('',#172,#329);
#329 = DEFINITIONAL_REPRESENTATION('',(#330),#334);
#330 = LINE('',#331,#332);
#331 = CARTESIAN_POINT('',(-2.713038408691,-9.08070285966));
#332 = VECTOR('',#333,1.);
#333 = DIRECTION('',(1.,0.));
#334 = ( GEOMETRIC_REPRESENTATION_CONTEXT(2) 
PARAMETRIC_REPRESENTATION_CONTEXT() REPRESENTATION_CONTEXT('2D SPACE',''
  ) );
#335 = ADVANCED_FACE('',(#336,#525,#744),#172,.F.);
#336 = FACE_BOUND('',#337,.F.);
#337 = EDGE_LOOP('',(#338,#339,#340,#363,#391,#419,#447,#475,#503,#524)
  );
#338 = ORIENTED_EDGE('',*,*,#158,.T.);
#339 = ORIENTED_EDGE('',*,*,#315,.T.);
#340 = ORIENTED_EDGE('',*,*,#341,.T.);
#341 = EDGE_CURVE('',#288,#342,#344,.T.);
#342 = VERTEX_POINT('',#343);
#343 = CARTESIAN_POINT('',(9.9,7.95,-0.6));
#344 = SURFACE_CURVE('',#345,(#349,#356),.PCURVE_S1.);
#345 = LINE('',#346,#347);
#346 = CARTESIAN_POINT('',(9.9,0.,-0.6));
#347 = VECTOR('',#348,1.);
#348 = DIRECTION('',(0.,1.,0.));
#349 = PCURVE('',#172,#350);
#350 = DEFINITIONAL_REPRESENTATION('',(#351),#355);
#351 = LINE('',#352,#353);
#352 = CARTESIAN_POINT('',(4.036961591309,-8.73070285966));
#353 = VECTOR('',#354,1.);
#354 = DIRECTION('',(0.,1.));
#355 = ( GEOMETRIC_REPRESENTATION_CONTEXT(2) 
PARAMETRIC_REPRESENTATION_CONTEXT() REPRESENTATION_CONTEXT('2D SPACE',''
  ) );
#356 = PCURVE('',#303,#357);
#357 = DEFINITIONAL_REPRESENTATION('',(#358),#362);
#358 = LINE('',#359,#360);
#359 = CARTESIAN_POINT('',(0.35,0.));
#360 = VECTOR('',#361,1.);
#361 = DIRECTION('',(1.,0.));
#362 = ( GEOMETRIC_REPRESENTATION_CONTEXT(2) 
PARAMETRIC_REPRESENTATION_CONTEXT() REPRESENTATION_CONTEXT('2D SPACE',''
  ) );
#363 = ORIENTED_EDGE('',*,*,#364,.T.);
#364 = EDGE_CURVE('',#342,#365,#367,.T.);
#365 = VERTEX_POINT('',#366);
#366 = CARTESIAN_POINT('',(12.4,7.95,-0.6));
#367 = SURFACE_CURVE('',#368,(#372,#379),.PCURVE_S1.);
#368 = LINE('',#369,#370);
#369 = CARTESIAN_POINT('',(9.55,7.95,-0.6));
#370 = VECTOR('',#371,1.);
#371 = DIRECTION('',(1.,0.,0.));
#372 = PCURVE('',#172,#373);
#373 = DEFINITIONAL_REPRESENTATION('',(#374),#378);
#374 = LINE('',#375,#376);
#375 = CARTESIAN_POINT('',(3.686961591309,-0.78070285966));
#376 = VECTOR('',#377,1.);
#377 = DIRECTION('',(1.,0.));
#378 = ( GEOMETRIC_REPRESENTATION_CONTEXT(2) 
PARAMETRIC_REPRESENTATION_CONTEXT() REPRESENTATION_CONTEXT('2D SPACE',''
  ) );
#379 = PCURVE('',#380,#385);
#380 = PLANE('',#381);
#381 = AXIS2_PLACEMENT_3D('',#382,#383,#384);
#382 = CARTESIAN_POINT('',(9.9,7.95,-0.6));
#383 = DIRECTION('',(0.,1.,0.));
#384 = DIRECTION('',(1.,0.,0.));
#385 = DEFINITIONAL_REPRESENTATION('',(#386),#390);
#386 = LINE('',#387,#388);
#387 = CARTESIAN_POINT('',(-0.35,0.));
#388 = VECTOR('',#389,1.);
#389 = DIRECTION('',(1.,0.));
#390 = ( GEOMETRIC_REPRESENTATION_CONTEXT(2) 
PARAMETRIC_REPRESENTATION_CONTEXT() REPRESENTATION_CONTEXT('2D SPACE',''
  ) );
#391 = ORIENTED_EDGE('',*,*,#392,.T.);
#392 = EDGE_CURVE('',#365,#393,#395,.T.);
#393 = VERTEX_POINT('',#394);
#394 = CARTESIAN_POINT('',(12.4,12.15,-0.6));
#395 = SURFACE_CURVE('',#396,(#400,#407),.PCURVE_S1.);
#396 = LINE('',#397,#398);
#397 = CARTESIAN_POINT('',(12.4,8.3,-0.6));
#398 = VECTOR('',#399,1.);
#399 = DIRECTION('',(0.,1.,0.));
#400 = PCURVE('',#172,#401);
#401 = DEFINITIONAL_REPRESENTATION('',(#402),#406);
#402 = LINE('',#403,#404);
#403 = CARTESIAN_POINT('',(6.536961591309,-0.43070285966));
#404 = VECTOR('',#405,1.);
#405 = DIRECTION('',(0.,1.));
#406 = ( GEOMETRIC_REPRESENTATION_CONTEXT(2) 
PARAMETRIC_REPRESENTATION_CONTEXT() REPRESENTATION_CONTEXT('2D SPACE',''
  ) );
#407 = PCURVE('',#408,#413);
#408 = PLANE('',#409);
#409 = AXIS2_PLACEMENT_3D('',#410,#411,#412);
#410 = CARTESIAN_POINT('',(12.4,7.95,-0.6));
#411 = DIRECTION('',(-1.,0.,0.));
#412 = DIRECTION('',(0.,1.,0.));
#413 = DEFINITIONAL_REPRESENTATION('',(#414),#418);
#414 = LINE('',#415,#416);
#415 = CARTESIAN_POINT('',(0.35,0.));
#416 = VECTOR('',#417,1.);
#417 = DIRECTION('',(1.,0.));
#418 = ( GEOMETRIC_REPRESENTATION_CONTEXT(2) 
PARAMETRIC_REPRESENTATION_CONTEXT() REPRESENTATION_CONTEXT('2D SPACE',''
  ) );
#419 = ORIENTED_EDGE('',*,*,#420,.T.);
#420 = EDGE_CURVE('',#393,#421,#423,.T.);
#421 = VERTEX_POINT('',#422);
#422 = CARTESIAN_POINT('',(9.9,12.15,-0.6));
#423 = SURFACE_CURVE('',#424,(#428,#435),.PCURVE_S1.);
#424 = LINE('',#425,#426);
#425 = CARTESIAN_POINT('',(12.05,12.15,-0.6));
#426 = VECTOR('',#427,1.);
#427 = DIRECTION('',(-1.,0.,0.));
#428 = PCURVE('',#172,#429);
#429 = DEFINITIONAL_REPRESENTATION('',(#430),#434);
#430 = LINE('',#431,#432);
#431 = CARTESIAN_POINT('',(6.186961591309,3.41929714034));
#432 = VECTOR('',#433,1.);
#433 = DIRECTION('',(-1.,0.));
#434 = ( GEOMETRIC_REPRESENTATION_CONTEXT(2) 
PARAMETRIC_REPRESENTATION_CONTEXT() REPRESENTATION_CONTEXT('2D SPACE',''
  ) );
#435 = PCURVE('',#436,#441);
#436 = PLANE('',#437);
#437 = AXIS2_PLACEMENT_3D('',#438,#439,#440);
#438 = CARTESIAN_POINT('',(12.4,12.15,-0.6));
#439 = DIRECTION('',(0.,-1.,0.));
#440 = DIRECTION('',(-1.,0.,0.));
#441 = DEFINITIONAL_REPRESENTATION('',(#442),#446);
#442 = LINE('',#443,#444);
#443 = CARTESIAN_POINT('',(0.35,0.));
#444 = VECTOR('',#445,1.);
#445 = DIRECTION('',(1.,0.));
#446 = ( GEOMETRIC_REPRESENTATION_CONTEXT(2) 
PARAMETRIC_REPRESENTATION_CONTEXT() REPRESENTATION_CONTEXT('2D SPACE',''
  ) );
#447 = ORIENTED_EDGE('',*,*,#448,.T.);
#448 = EDGE_CURVE('',#421,#449,#451,.T.);
#449 = VERTEX_POINT('',#450);
#450 = CARTESIAN_POINT('',(9.9,16.65,-0.6));
#451 = SURFACE_CURVE('',#452,(#456,#463),.PCURVE_S1.);
#452 = LINE('',#453,#454);
#453 = CARTESIAN_POINT('',(9.9,11.8,-0.6));
#454 = VECTOR('',#455,1.);
#455 = DIRECTION('',(0.,1.,0.));
#456 = PCURVE('',#172,#457);
#457 = DEFINITIONAL_REPRESENTATION('',(#458),#462);
#458 = LINE('',#459,#460);
#459 = CARTESIAN_POINT('',(4.036961591309,3.06929714034));
#460 = VECTOR('',#461,1.);
#461 = DIRECTION('',(0.,1.));
#462 = ( GEOMETRIC_REPRESENTATION_CONTEXT(2) 
PARAMETRIC_REPRESENTATION_CONTEXT() REPRESENTATION_CONTEXT('2D SPACE',''
  ) );
#463 = PCURVE('',#464,#469);
#464 = PLANE('',#465);
#465 = AXIS2_PLACEMENT_3D('',#466,#467,#468);
#466 = CARTESIAN_POINT('',(9.9,12.15,-0.6));
#467 = DIRECTION('',(-1.,0.,0.));
#468 = DIRECTION('',(0.,1.,0.));
#469 = DEFINITIONAL_REPRESENTATION('',(#470),#474);
#470 = LINE('',#471,#472);
#471 = CARTESIAN_POINT('',(-0.35,0.));
#472 = VECTOR('',#473,1.);
#473 = DIRECTION('',(1.,0.));
#474 = ( GEOMETRIC_REPRESENTATION_CONTEXT(2) 
PARAMETRIC_REPRESENTATION_CONTEXT() REPRESENTATION_CONTEXT('2D SPACE',''
  ) );
#475 = ORIENTED_EDGE('',*,*,#476,.T.);
#476 = EDGE_CURVE('',#449,#477,#479,.T.);
#477 = VERTEX_POINT('',#478);
#478 = CARTESIAN_POINT('',(-0.35,16.65,-0.6));
#479 = SURFACE_CURVE('',#480,(#484,#491),.PCURVE_S1.);
#480 = LINE('',#481,#482);
#481 = CARTESIAN_POINT('',(9.55,16.65,-0.6));
#482 = VECTOR('',#483,1.);
#483 = DIRECTION('',(-1.,0.,0.));
#484 = PCURVE('',#172,#485);
#485 = DEFINITIONAL_REPRESENTATION('',(#486),#490);
#486 = LINE('',#487,#488);
#487 = CARTESIAN_POINT('',(3.686961591309,7.91929714034));
#488 = VECTOR('',#489,1.);
#489 = DIRECTION('',(-1.,0.));
#490 = ( GEOMETRIC_REPRESENTATION_CONTEXT(2) 
PARAMETRIC_REPRESENTATION_CONTEXT() REPRESENTATION_CONTEXT('2D SPACE',''
  ) );
#491 = PCURVE('',#492,#497);
#492 = PLANE('',#493);
#493 = AXIS2_PLACEMENT_3D('',#494,#495,#496);
#494 = CARTESIAN_POINT('',(9.9,16.65,-0.6));
#495 = DIRECTION('',(0.,-1.,0.));
#496 = DIRECTION('',(-1.,0.,0.));
#497 = DEFINITIONAL_REPRESENTATION('',(#498),#502);
#498 = LINE('',#499,#500);
#499 = CARTESIAN_POINT('',(0.35,0.));
#500 = VECTOR('',#501,1.);
#501 = DIRECTION('',(1.,0.));
#502 = ( GEOMETRIC_REPRESENTATION_CONTEXT(2) 
PARAMETRIC_REPRESENTATION_CONTEXT() REPRESENTATION_CONTEXT('2D SPACE',''
  ) );
#503 = ORIENTED_EDGE('',*,*,#504,.T.);
#504 = EDGE_CURVE('',#477,#188,#505,.T.);
#505 = SURFACE_CURVE('',#506,(#510,#517),.PCURVE_S1.);
#506 = LINE('',#507,#508);
#507 = CARTESIAN_POINT('',(-0.35,16.3,-0.6));
#508 = VECTOR('',#509,1.);
#509 = DIRECTION('',(0.,-1.,-0.));
#510 = PCURVE('',#172,#511);
#511 = DEFINITIONAL_REPRESENTATION('',(#512),#516);
#512 = LINE('',#513,#514);
#513 = CARTESIAN_POINT('',(-6.213038408691,7.56929714034));
#514 = VECTOR('',#515,1.);
#515 = DIRECTION('',(0.,-1.));
#516 = ( GEOMETRIC_REPRESENTATION_CONTEXT(2) 
PARAMETRIC_REPRESENTATION_CONTEXT() REPRESENTATION_CONTEXT('2D SPACE',''
  ) );
#517 = PCURVE('',#205,#518);
#518 = DEFINITIONAL_REPRESENTATION('',(#519),#523);
#519 = LINE('',#520,#521);
#520 = CARTESIAN_POINT('',(0.35,0.));
#521 = VECTOR('',#522,1.);
#522 = DIRECTION('',(1.,0.));
#523 = ( GEOMETRIC_REPRESENTATION_CONTEXT(2) 
PARAMETRIC_REPRESENTATION_CONTEXT() REPRESENTATION_CONTEXT('2D SPACE',''
  ) );
#524 = ORIENTED_EDGE('',*,*,#239,.T.);
#525 = FACE_BOUND('',#526,.F.);
#526 = EDGE_LOOP('',(#527,#556,#583,#611,#638,#665,#692,#719));
#527 = ORIENTED_EDGE('',*,*,#528,.T.);
#528 = EDGE_CURVE('',#529,#531,#533,.T.);
#529 = VERTEX_POINT('',#530);
#530 = CARTESIAN_POINT('',(11.3,9.05,-0.6));
#531 = VERTEX_POINT('',#532);
#532 = CARTESIAN_POINT('',(8.8,9.05,-0.6));
#533 = SURFACE_CURVE('',#534,(#538,#545),.PCURVE_S1.);
#534 = LINE('',#535,#536);
#535 = CARTESIAN_POINT('',(7.331519204346,9.05,-0.6));
#536 = VECTOR('',#537,1.);
#537 = DIRECTION('',(-1.,0.,0.));
#538 = PCURVE('',#172,#539);
#539 = DEFINITIONAL_REPRESENTATION('',(#540),#544);
#540 = LINE('',#541,#542);
#541 = CARTESIAN_POINT('',(1.468480795654,0.31929714034));
#542 = VECTOR('',#543,1.);
#543 = DIRECTION('',(-1.,0.));
#544 = ( GEOMETRIC_REPRESENTATION_CONTEXT(2) 
PARAMETRIC_REPRESENTATION_CONTEXT() REPRESENTATION_CONTEXT('2D SPACE',''
  ) );
#545 = PCURVE('',#546,#551);
#546 = PLANE('',#547);
#547 = AXIS2_PLACEMENT_3D('',#548,#549,#550);
#548 = CARTESIAN_POINT('',(8.8,9.05,-0.61));
#549 = DIRECTION('',(0.,1.,0.));
#550 = DIRECTION('',(1.,0.,0.));
#551 = DEFINITIONAL_REPRESENTATION('',(#552),#555);
#552 = B_SPLINE_CURVE_WITH_KNOTS('',1,(#553,#554),.UNSPECIFIED.,.F.,.F.,
  (2,2),(-3.968480795654,-1.468480795654),.PIECEWISE_BEZIER_KNOTS.);
#553 = CARTESIAN_POINT('',(2.5,-1.E-02));
#554 = CARTESIAN_POINT('',(0.,-1.E-02));
#555 = ( GEOMETRIC_REPRESENTATION_CONTEXT(2) 
PARAMETRIC_REPRESENTATION_CONTEXT() REPRESENTATION_CONTEXT('2D SPACE',''
  ) );
#556 = ORIENTED_EDGE('',*,*,#557,.T.);
#557 = EDGE_CURVE('',#531,#558,#560,.T.);
#558 = VERTEX_POINT('',#559);
#559 = CARTESIAN_POINT('',(8.8,8.12,-0.6));
#560 = SURFACE_CURVE('',#561,(#565,#572),.PCURVE_S1.);
#561 = LINE('',#562,#563);
#562 = CARTESIAN_POINT('',(8.8,4.74035142983,-0.6));
#563 = VECTOR('',#564,1.);
#564 = DIRECTION('',(0.,-1.,0.));
#565 = PCURVE('',#172,#566);
#566 = DEFINITIONAL_REPRESENTATION('',(#567),#571);
#567 = LINE('',#568,#569);
#568 = CARTESIAN_POINT('',(2.936961591309,-3.99035142983));
#569 = VECTOR('',#570,1.);
#570 = DIRECTION('',(0.,-1.));
#571 = ( GEOMETRIC_REPRESENTATION_CONTEXT(2) 
PARAMETRIC_REPRESENTATION_CONTEXT() REPRESENTATION_CONTEXT('2D SPACE',''
  ) );
#572 = PCURVE('',#573,#578);
#573 = PLANE('',#574);
#574 = AXIS2_PLACEMENT_3D('',#575,#576,#577);
#575 = CARTESIAN_POINT('',(8.8,0.75,-0.61));
#576 = DIRECTION('',(-1.,0.,0.));
#577 = DIRECTION('',(0.,1.,0.));
#578 = DEFINITIONAL_REPRESENTATION('',(#579),#582);
#579 = B_SPLINE_CURVE_WITH_KNOTS('',1,(#580,#581),.UNSPECIFIED.,.F.,.F.,
  (2,2),(-4.30964857017,3.99035142983),.PIECEWISE_BEZIER_KNOTS.);
#580 = CARTESIAN_POINT('',(8.3,-1.E-02));
#581 = CARTESIAN_POINT('',(0.,-1.E-02));
#582 = ( GEOMETRIC_REPRESENTATION_CONTEXT(2) 
PARAMETRIC_REPRESENTATION_CONTEXT() REPRESENTATION_CONTEXT('2D SPACE',''
  ) );
#583 = ORIENTED_EDGE('',*,*,#584,.F.);
#584 = EDGE_CURVE('',#585,#558,#587,.T.);
#585 = VERTEX_POINT('',#586);
#586 = CARTESIAN_POINT('',(0.75,8.12,-0.6));
#587 = SURFACE_CURVE('',#588,(#592,#599),.PCURVE_S1.);
#588 = LINE('',#589,#590);
#589 = CARTESIAN_POINT('',(5.E-02,8.12,-0.6));
#590 = VECTOR('',#591,1.);
#591 = DIRECTION('',(1.,0.,0.));
#592 = PCURVE('',#172,#593);
#593 = DEFINITIONAL_REPRESENTATION('',(#594),#598);
#594 = LINE('',#595,#596);
#595 = CARTESIAN_POINT('',(-5.813038408691,-0.61070285966));
#596 = VECTOR('',#597,1.);
#597 = DIRECTION('',(1.,0.));
#598 = ( GEOMETRIC_REPRESENTATION_CONTEXT(2) 
PARAMETRIC_REPRESENTATION_CONTEXT() REPRESENTATION_CONTEXT('2D SPACE',''
  ) );
#599 = PCURVE('',#600,#605);
#600 = PLANE('',#601);
#601 = AXIS2_PLACEMENT_3D('',#602,#603,#604);
#602 = CARTESIAN_POINT('',(5.E-02,8.12,-0.6));
#603 = DIRECTION('',(0.,1.,0.));
#604 = DIRECTION('',(0.,0.,1.));
#605 = DEFINITIONAL_REPRESENTATION('',(#606),#610);
#606 = LINE('',#607,#608);
#607 = CARTESIAN_POINT('',(0.,0.));
#608 = VECTOR('',#609,1.);
#609 = DIRECTION('',(0.,1.));
#610 = ( GEOMETRIC_REPRESENTATION_CONTEXT(2) 
PARAMETRIC_REPRESENTATION_CONTEXT() REPRESENTATION_CONTEXT('2D SPACE',''
  ) );
#611 = ORIENTED_EDGE('',*,*,#612,.T.);
#612 = EDGE_CURVE('',#585,#613,#615,.T.);
#613 = VERTEX_POINT('',#614);
#614 = CARTESIAN_POINT('',(0.75,15.55,-0.6));
#615 = SURFACE_CURVE('',#616,(#620,#627),.PCURVE_S1.);
#616 = LINE('',#617,#618);
#617 = CARTESIAN_POINT('',(0.75,12.14035142983,-0.6));
#618 = VECTOR('',#619,1.);
#619 = DIRECTION('',(-0.,1.,0.));
#620 = PCURVE('',#172,#621);
#621 = DEFINITIONAL_REPRESENTATION('',(#622),#626);
#622 = LINE('',#623,#624);
#623 = CARTESIAN_POINT('',(-5.113038408691,3.40964857017));
#624 = VECTOR('',#625,1.);
#625 = DIRECTION('',(0.,1.));
#626 = ( GEOMETRIC_REPRESENTATION_CONTEXT(2) 
PARAMETRIC_REPRESENTATION_CONTEXT() REPRESENTATION_CONTEXT('2D SPACE',''
  ) );
#627 = PCURVE('',#628,#633);
#628 = PLANE('',#629);
#629 = AXIS2_PLACEMENT_3D('',#630,#631,#632);
#630 = CARTESIAN_POINT('',(0.75,15.55,-0.61));
#631 = DIRECTION('',(1.,0.,-0.));
#632 = DIRECTION('',(0.,-1.,0.));
#633 = DEFINITIONAL_REPRESENTATION('',(#634),#637);
#634 = B_SPLINE_CURVE_WITH_KNOTS('',1,(#635,#636),.UNSPECIFIED.,.F.,.F.,
  (2,2),(-4.07035142983,3.40964857017),.PIECEWISE_BEZIER_KNOTS.);
#635 = CARTESIAN_POINT('',(7.48,-1.E-02));
#636 = CARTESIAN_POINT('',(0.,-1.E-02));
#637 = ( GEOMETRIC_REPRESENTATION_CONTEXT(2) 
PARAMETRIC_REPRESENTATION_CONTEXT() REPRESENTATION_CONTEXT('2D SPACE',''
  ) );
#638 = ORIENTED_EDGE('',*,*,#639,.T.);
#639 = EDGE_CURVE('',#613,#640,#642,.T.);
#640 = VERTEX_POINT('',#641);
#641 = CARTESIAN_POINT('',(8.8,15.55,-0.6));
#642 = SURFACE_CURVE('',#643,(#647,#654),.PCURVE_S1.);
#643 = LINE('',#644,#645);
#644 = CARTESIAN_POINT('',(7.331519204346,15.55,-0.6));
#645 = VECTOR('',#646,1.);
#646 = DIRECTION('',(1.,0.,-0.));
#647 = PCURVE('',#172,#648);
#648 = DEFINITIONAL_REPRESENTATION('',(#649),#653);
#649 = LINE('',#650,#651);
#650 = CARTESIAN_POINT('',(1.468480795654,6.81929714034));
#651 = VECTOR('',#652,1.);
#652 = DIRECTION('',(1.,0.));
#653 = ( GEOMETRIC_REPRESENTATION_CONTEXT(2) 
PARAMETRIC_REPRESENTATION_CONTEXT() REPRESENTATION_CONTEXT('2D SPACE',''
  ) );
#654 = PCURVE('',#655,#660);
#655 = PLANE('',#656);
#656 = AXIS2_PLACEMENT_3D('',#657,#658,#659);
#657 = CARTESIAN_POINT('',(8.8,15.55,-0.61));
#658 = DIRECTION('',(0.,-1.,0.));
#659 = DIRECTION('',(-1.,0.,0.));
#660 = DEFINITIONAL_REPRESENTATION('',(#661),#664);
#661 = B_SPLINE_CURVE_WITH_KNOTS('',1,(#662,#663),.UNSPECIFIED.,.F.,.F.,
  (2,2),(-6.581519204346,1.468480795654),.PIECEWISE_BEZIER_KNOTS.);
#662 = CARTESIAN_POINT('',(8.05,-1.E-02));
#663 = CARTESIAN_POINT('',(0.,-1.E-02));
#664 = ( GEOMETRIC_REPRESENTATION_CONTEXT(2) 
PARAMETRIC_REPRESENTATION_CONTEXT() REPRESENTATION_CONTEXT('2D SPACE',''
  ) );
#665 = ORIENTED_EDGE('',*,*,#666,.T.);
#666 = EDGE_CURVE('',#640,#667,#669,.T.);
#667 = VERTEX_POINT('',#668);
#668 = CARTESIAN_POINT('',(8.8,11.05,-0.6));
#669 = SURFACE_CURVE('',#670,(#674,#681),.PCURVE_S1.);
#670 = LINE('',#671,#672);
#671 = CARTESIAN_POINT('',(8.8,9.89035142983,-0.6));
#672 = VECTOR('',#673,1.);
#673 = DIRECTION('',(0.,-1.,0.));
#674 = PCURVE('',#172,#675);
#675 = DEFINITIONAL_REPRESENTATION('',(#676),#680);
#676 = LINE('',#677,#678);
#677 = CARTESIAN_POINT('',(2.936961591309,1.15964857017));
#678 = VECTOR('',#679,1.);
#679 = DIRECTION('',(0.,-1.));
#680 = ( GEOMETRIC_REPRESENTATION_CONTEXT(2) 
PARAMETRIC_REPRESENTATION_CONTEXT() REPRESENTATION_CONTEXT('2D SPACE',''
  ) );
#681 = PCURVE('',#682,#687);
#682 = PLANE('',#683);
#683 = AXIS2_PLACEMENT_3D('',#684,#685,#686);
#684 = CARTESIAN_POINT('',(8.8,11.05,-0.61));
#685 = DIRECTION('',(-1.,0.,0.));
#686 = DIRECTION('',(0.,1.,0.));
#687 = DEFINITIONAL_REPRESENTATION('',(#688),#691);
#688 = B_SPLINE_CURVE_WITH_KNOTS('',1,(#689,#690),.UNSPECIFIED.,.F.,.F.,
  (2,2),(-5.65964857017,-1.15964857017),.PIECEWISE_BEZIER_KNOTS.);
#689 = CARTESIAN_POINT('',(4.5,-1.E-02));
#690 = CARTESIAN_POINT('',(0.,-1.E-02));
#691 = ( GEOMETRIC_REPRESENTATION_CONTEXT(2) 
PARAMETRIC_REPRESENTATION_CONTEXT() REPRESENTATION_CONTEXT('2D SPACE',''
  ) );
#692 = ORIENTED_EDGE('',*,*,#693,.T.);
#693 = EDGE_CURVE('',#667,#694,#696,.T.);
#694 = VERTEX_POINT('',#695);
#695 = CARTESIAN_POINT('',(11.3,11.05,-0.6));
#696 = SURFACE_CURVE('',#697,(#701,#708),.PCURVE_S1.);
#697 = LINE('',#698,#699);
#698 = CARTESIAN_POINT('',(8.581519204346,11.05,-0.6));
#699 = VECTOR('',#700,1.);
#700 = DIRECTION('',(1.,0.,-0.));
#701 = PCURVE('',#172,#702);
#702 = DEFINITIONAL_REPRESENTATION('',(#703),#707);
#703 = LINE('',#704,#705);
#704 = CARTESIAN_POINT('',(2.718480795654,2.31929714034));
#705 = VECTOR('',#706,1.);
#706 = DIRECTION('',(1.,0.));
#707 = ( GEOMETRIC_REPRESENTATION_CONTEXT(2) 
PARAMETRIC_REPRESENTATION_CONTEXT() REPRESENTATION_CONTEXT('2D SPACE',''
  ) );
#708 = PCURVE('',#709,#714);
#709 = PLANE('',#710);
#710 = AXIS2_PLACEMENT_3D('',#711,#712,#713);
#711 = CARTESIAN_POINT('',(11.3,11.05,-0.61));
#712 = DIRECTION('',(0.,-1.,0.));
#713 = DIRECTION('',(-1.,0.,0.));
#714 = DEFINITIONAL_REPRESENTATION('',(#715),#718);
#715 = B_SPLINE_CURVE_WITH_KNOTS('',1,(#716,#717),.UNSPECIFIED.,.F.,.F.,
  (2,2),(0.218480795654,2.718480795654),.PIECEWISE_BEZIER_KNOTS.);
#716 = CARTESIAN_POINT('',(2.5,-1.E-02));
#717 = CARTESIAN_POINT('',(0.,-1.E-02));
#718 = ( GEOMETRIC_REPRESENTATION_CONTEXT(2) 
PARAMETRIC_REPRESENTATION_CONTEXT() REPRESENTATION_CONTEXT('2D SPACE',''
  ) );
#719 = ORIENTED_EDGE('',*,*,#720,.T.);
#720 = EDGE_CURVE('',#694,#529,#721,.T.);
#721 = SURFACE_CURVE('',#722,(#726,#733),.PCURVE_S1.);
#722 = LINE('',#723,#724);
#723 = CARTESIAN_POINT('',(11.3,8.89035142983,-0.6));
#724 = VECTOR('',#725,1.);
#725 = DIRECTION('',(0.,-1.,0.));
#726 = PCURVE('',#172,#727);
#727 = DEFINITIONAL_REPRESENTATION('',(#728),#732);
#728 = LINE('',#729,#730);
#729 = CARTESIAN_POINT('',(5.436961591309,0.15964857017));
#730 = VECTOR('',#731,1.);
#731 = DIRECTION('',(0.,-1.));
#732 = ( GEOMETRIC_REPRESENTATION_CONTEXT(2) 
PARAMETRIC_REPRESENTATION_CONTEXT() REPRESENTATION_CONTEXT('2D SPACE',''
  ) );
#733 = PCURVE('',#734,#739);
#734 = PLANE('',#735);
#735 = AXIS2_PLACEMENT_3D('',#736,#737,#738);
#736 = CARTESIAN_POINT('',(11.3,9.05,-0.61));
#737 = DIRECTION('',(-1.,0.,0.));
#738 = DIRECTION('',(0.,1.,0.));
#739 = DEFINITIONAL_REPRESENTATION('',(#740),#743);
#740 = B_SPLINE_CURVE_WITH_KNOTS('',1,(#741,#742),.UNSPECIFIED.,.F.,.F.,
  (2,2),(-2.15964857017,-0.15964857017),.PIECEWISE_BEZIER_KNOTS.);
#741 = CARTESIAN_POINT('',(2.,-1.E-02));
#742 = CARTESIAN_POINT('',(0.,-1.E-02));
#743 = ( GEOMETRIC_REPRESENTATION_CONTEXT(2) 
PARAMETRIC_REPRESENTATION_CONTEXT() REPRESENTATION_CONTEXT('2D SPACE',''
  ) );
#744 = FACE_BOUND('',#745,.F.);
#745 = EDGE_LOOP('',(#746,#775,#803,#830));
#746 = ORIENTED_EDGE('',*,*,#747,.T.);
#747 = EDGE_CURVE('',#748,#750,#752,.T.);
#748 = VERTEX_POINT('',#749);
#749 = CARTESIAN_POINT('',(3.87185996248,0.75,-0.6));
#750 = VERTEX_POINT('',#751);
#751 = CARTESIAN_POINT('',(3.632023896906,7.02,-0.6));
#752 = SURFACE_CURVE('',#753,(#757,#764),.PCURVE_S1.);
#753 = LINE('',#754,#755);
#754 = CARTESIAN_POINT('',(3.580901160235,8.356494401538,-0.6));
#755 = VECTOR('',#756,1.);
#756 = DIRECTION('',(-3.822341272335E-02,0.999269218339,0.));
#757 = PCURVE('',#172,#758);
#758 = DEFINITIONAL_REPRESENTATION('',(#759),#763);
#759 = LINE('',#760,#761);
#760 = CARTESIAN_POINT('',(-2.282137248456,-0.374208458122));
#761 = VECTOR('',#762,1.);
#762 = DIRECTION('',(-3.822341272335E-02,0.999269218339));
#763 = ( GEOMETRIC_REPRESENTATION_CONTEXT(2) 
PARAMETRIC_REPRESENTATION_CONTEXT() REPRESENTATION_CONTEXT('2D SPACE',''
  ) );
#764 = PCURVE('',#765,#770);
#765 = PLANE('',#766);
#766 = AXIS2_PLACEMENT_3D('',#767,#768,#769);
#767 = CARTESIAN_POINT('',(3.59185996248,8.07,-0.61));
#768 = DIRECTION('',(0.999269218339,3.822341272335E-02,-0.));
#769 = DIRECTION('',(3.822341272335E-02,-0.999269218339,0.));
#770 = DEFINITIONAL_REPRESENTATION('',(#771),#774);
#771 = B_SPLINE_CURVE_WITH_KNOTS('',1,(#772,#773),.UNSPECIFIED.,.F.,.F.,
  (2,2),(-7.612057153308,-0.286703919505),.PIECEWISE_BEZIER_KNOTS.);
#772 = CARTESIAN_POINT('',(7.325353233804,-1.E-02));
#773 = CARTESIAN_POINT('',(-1.110223024625E-16,-1.E-02));
#774 = ( GEOMETRIC_REPRESENTATION_CONTEXT(2) 
PARAMETRIC_REPRESENTATION_CONTEXT() REPRESENTATION_CONTEXT('2D SPACE',''
  ) );
#775 = ORIENTED_EDGE('',*,*,#776,.T.);
#776 = EDGE_CURVE('',#750,#777,#779,.T.);
#777 = VERTEX_POINT('',#778);
#778 = CARTESIAN_POINT('',(8.8,7.02,-0.6));
#779 = SURFACE_CURVE('',#780,(#784,#791),.PCURVE_S1.);
#780 = LINE('',#781,#782);
#781 = CARTESIAN_POINT('',(5.E-02,7.02,-0.6));
#782 = VECTOR('',#783,1.);
#783 = DIRECTION('',(1.,0.,0.));
#784 = PCURVE('',#172,#785);
#785 = DEFINITIONAL_REPRESENTATION('',(#786),#790);
#786 = LINE('',#787,#788);
#787 = CARTESIAN_POINT('',(-5.813038408691,-1.71070285966));
#788 = VECTOR('',#789,1.);
#789 = DIRECTION('',(1.,0.));
#790 = ( GEOMETRIC_REPRESENTATION_CONTEXT(2) 
PARAMETRIC_REPRESENTATION_CONTEXT() REPRESENTATION_CONTEXT('2D SPACE',''
  ) );
#791 = PCURVE('',#792,#797);
#792 = PLANE('',#793);
#793 = AXIS2_PLACEMENT_3D('',#794,#795,#796);
#794 = CARTESIAN_POINT('',(5.E-02,7.02,-0.6));
#795 = DIRECTION('',(0.,1.,0.));
#796 = DIRECTION('',(0.,0.,1.));
#797 = DEFINITIONAL_REPRESENTATION('',(#798),#802);
#798 = LINE('',#799,#800);
#799 = CARTESIAN_POINT('',(0.,0.));
#800 = VECTOR('',#801,1.);
#801 = DIRECTION('',(0.,1.));
#802 = ( GEOMETRIC_REPRESENTATION_CONTEXT(2) 
PARAMETRIC_REPRESENTATION_CONTEXT() REPRESENTATION_CONTEXT('2D SPACE',''
  ) );
#803 = ORIENTED_EDGE('',*,*,#804,.T.);
#804 = EDGE_CURVE('',#777,#805,#807,.T.);
#805 = VERTEX_POINT('',#806);
#806 = CARTESIAN_POINT('',(8.8,0.75,-0.6));
#807 = SURFACE_CURVE('',#808,(#812,#819),.PCURVE_S1.);
#808 = LINE('',#809,#810);
#809 = CARTESIAN_POINT('',(8.8,4.74035142983,-0.6));
#810 = VECTOR('',#811,1.);
#811 = DIRECTION('',(0.,-1.,0.));
#812 = PCURVE('',#172,#813);
#813 = DEFINITIONAL_REPRESENTATION('',(#814),#818);
#814 = LINE('',#815,#816);
#815 = CARTESIAN_POINT('',(2.936961591309,-3.99035142983));
#816 = VECTOR('',#817,1.);
#817 = DIRECTION('',(0.,-1.));
#818 = ( GEOMETRIC_REPRESENTATION_CONTEXT(2) 
PARAMETRIC_REPRESENTATION_CONTEXT() REPRESENTATION_CONTEXT('2D SPACE',''
  ) );
#819 = PCURVE('',#820,#825);
#820 = PLANE('',#821);
#821 = AXIS2_PLACEMENT_3D('',#822,#823,#824);
#822 = CARTESIAN_POINT('',(8.8,0.75,-0.61));
#823 = DIRECTION('',(-1.,0.,0.));
#824 = DIRECTION('',(0.,1.,0.));
#825 = DEFINITIONAL_REPRESENTATION('',(#826),#829);
#826 = B_SPLINE_CURVE_WITH_KNOTS('',1,(#827,#828),.UNSPECIFIED.,.F.,.F.,
  (2,2),(-4.30964857017,3.99035142983),.PIECEWISE_BEZIER_KNOTS.);
#827 = CARTESIAN_POINT('',(8.3,-1.E-02));
#828 = CARTESIAN_POINT('',(0.,-1.E-02));
#829 = ( GEOMETRIC_REPRESENTATION_CONTEXT(2) 
PARAMETRIC_REPRESENTATION_CONTEXT() REPRESENTATION_CONTEXT('2D SPACE',''
  ) );
#830 = ORIENTED_EDGE('',*,*,#831,.T.);
#831 = EDGE_CURVE('',#805,#748,#832,.T.);
#832 = SURFACE_CURVE('',#833,(#837,#844),.PCURVE_S1.);
#833 = LINE('',#834,#835);
#834 = CARTESIAN_POINT('',(4.867449185585,0.75,-0.6));
#835 = VECTOR('',#836,1.);
#836 = DIRECTION('',(-1.,0.,0.));
#837 = PCURVE('',#172,#838);
#838 = DEFINITIONAL_REPRESENTATION('',(#839),#843);
#839 = LINE('',#840,#841);
#840 = CARTESIAN_POINT('',(-0.995589223106,-7.98070285966));
#841 = VECTOR('',#842,1.);
#842 = DIRECTION('',(-1.,0.));
#843 = ( GEOMETRIC_REPRESENTATION_CONTEXT(2) 
PARAMETRIC_REPRESENTATION_CONTEXT() REPRESENTATION_CONTEXT('2D SPACE',''
  ) );
#844 = PCURVE('',#845,#850);
#845 = PLANE('',#846);
#846 = AXIS2_PLACEMENT_3D('',#847,#848,#849);
#847 = CARTESIAN_POINT('',(3.87185996248,0.75,-0.61));
#848 = DIRECTION('',(0.,1.,0.));
#849 = DIRECTION('',(1.,0.,0.));
#850 = DEFINITIONAL_REPRESENTATION('',(#851),#854);
#851 = B_SPLINE_CURVE_WITH_KNOTS('',1,(#852,#853),.UNSPECIFIED.,.F.,.F.,
  (2,2),(-3.932550814415,0.995589223106),.PIECEWISE_BEZIER_KNOTS.);
#852 = CARTESIAN_POINT('',(4.92814003752,-1.E-02));
#853 = CARTESIAN_POINT('',(0.,-1.E-02));
#854 = ( GEOMETRIC_REPRESENTATION_CONTEXT(2) 
PARAMETRIC_REPRESENTATION_CONTEXT() REPRESENTATION_CONTEXT('2D SPACE',''
  ) );
#855 = ADVANCED_FACE('',(#856,#1020,#1199),#118,.T.);
#856 = FACE_BOUND('',#857,.T.);
#857 = EDGE_LOOP('',(#858,#859,#860,#883,#906,#929,#952,#975,#998,#1019)
  );
#858 = ORIENTED_EDGE('',*,*,#102,.T.);
#859 = ORIENTED_EDGE('',*,*,#264,.T.);
#860 = ORIENTED_EDGE('',*,*,#861,.T.);
#861 = EDGE_CURVE('',#265,#862,#864,.T.);
#862 = VERTEX_POINT('',#863);
#863 = CARTESIAN_POINT('',(9.9,7.95,0.));
#864 = SURFACE_CURVE('',#865,(#869,#876),.PCURVE_S1.);
#865 = LINE('',#866,#867);
#866 = CARTESIAN_POINT('',(9.9,0.,0.));
#867 = VECTOR('',#868,1.);
#868 = DIRECTION('',(0.,1.,0.));
#869 = PCURVE('',#118,#870);
#870 = DEFINITIONAL_REPRESENTATION('',(#871),#875);
#871 = LINE('',#872,#873);
#872 = CARTESIAN_POINT('',(4.036961591309,-8.73070285966));
#873 = VECTOR('',#874,1.);
#874 = DIRECTION('',(0.,1.));
#875 = ( GEOMETRIC_REPRESENTATION_CONTEXT(2) 
PARAMETRIC_REPRESENTATION_CONTEXT() REPRESENTATION_CONTEXT('2D SPACE',''
  ) );
#876 = PCURVE('',#303,#877);
#877 = DEFINITIONAL_REPRESENTATION('',(#878),#882);
#878 = LINE('',#879,#880);
#879 = CARTESIAN_POINT('',(0.35,-0.6));
#880 = VECTOR('',#881,1.);
#881 = DIRECTION('',(1.,0.));
#882 = ( GEOMETRIC_REPRESENTATION_CONTEXT(2) 
PARAMETRIC_REPRESENTATION_CONTEXT() REPRESENTATION_CONTEXT('2D SPACE',''
  ) );
#883 = ORIENTED_EDGE('',*,*,#884,.T.);
#884 = EDGE_CURVE('',#862,#885,#887,.T.);
#885 = VERTEX_POINT('',#886);
#886 = CARTESIAN_POINT('',(12.4,7.95,0.));
#887 = SURFACE_CURVE('',#888,(#892,#899),.PCURVE_S1.);
#888 = LINE('',#889,#890);
#889 = CARTESIAN_POINT('',(9.55,7.95,0.));
#890 = VECTOR('',#891,1.);
#891 = DIRECTION('',(1.,0.,0.));
#892 = PCURVE('',#118,#893);
#893 = DEFINITIONAL_REPRESENTATION('',(#894),#898);
#894 = LINE('',#895,#896);
#895 = CARTESIAN_POINT('',(3.686961591309,-0.78070285966));
#896 = VECTOR('',#897,1.);
#897 = DIRECTION('',(1.,0.));
#898 = ( GEOMETRIC_REPRESENTATION_CONTEXT(2) 
PARAMETRIC_REPRESENTATION_CONTEXT() REPRESENTATION_CONTEXT('2D SPACE',''
  ) );
#899 = PCURVE('',#380,#900);
#900 = DEFINITIONAL_REPRESENTATION('',(#901),#905);
#901 = LINE('',#902,#903);
#902 = CARTESIAN_POINT('',(-0.35,-0.6));
#903 = VECTOR('',#904,1.);
#904 = DIRECTION('',(1.,0.));
#905 = ( GEOMETRIC_REPRESENTATION_CONTEXT(2) 
PARAMETRIC_REPRESENTATION_CONTEXT() REPRESENTATION_CONTEXT('2D SPACE',''
  ) );
#906 = ORIENTED_EDGE('',*,*,#907,.T.);
#907 = EDGE_CURVE('',#885,#908,#910,.T.);
#908 = VERTEX_POINT('',#909);
#909 = CARTESIAN_POINT('',(12.4,12.15,0.));
#910 = SURFACE_CURVE('',#911,(#915,#922),.PCURVE_S1.);
#911 = LINE('',#912,#913);
#912 = CARTESIAN_POINT('',(12.4,8.3,0.));
#913 = VECTOR('',#914,1.);
#914 = DIRECTION('',(0.,1.,0.));
#915 = PCURVE('',#118,#916);
#916 = DEFINITIONAL_REPRESENTATION('',(#917),#921);
#917 = LINE('',#918,#919);
#918 = CARTESIAN_POINT('',(6.536961591309,-0.43070285966));
#919 = VECTOR('',#920,1.);
#920 = DIRECTION('',(0.,1.));
#921 = ( GEOMETRIC_REPRESENTATION_CONTEXT(2) 
PARAMETRIC_REPRESENTATION_CONTEXT() REPRESENTATION_CONTEXT('2D SPACE',''
  ) );
#922 = PCURVE('',#408,#923);
#923 = DEFINITIONAL_REPRESENTATION('',(#924),#928);
#924 = LINE('',#925,#926);
#925 = CARTESIAN_POINT('',(0.35,-0.6));
#926 = VECTOR('',#927,1.);
#927 = DIRECTION('',(1.,0.));
#928 = ( GEOMETRIC_REPRESENTATION_CONTEXT(2) 
PARAMETRIC_REPRESENTATION_CONTEXT() REPRESENTATION_CONTEXT('2D SPACE',''
  ) );
#929 = ORIENTED_EDGE('',*,*,#930,.T.);
#930 = EDGE_CURVE('',#908,#931,#933,.T.);
#931 = VERTEX_POINT('',#932);
#932 = CARTESIAN_POINT('',(9.9,12.15,0.));
#933 = SURFACE_CURVE('',#934,(#938,#945),.PCURVE_S1.);
#934 = LINE('',#935,#936);
#935 = CARTESIAN_POINT('',(12.05,12.15,0.));
#936 = VECTOR('',#937,1.);
#937 = DIRECTION('',(-1.,0.,0.));
#938 = PCURVE('',#118,#939);
#939 = DEFINITIONAL_REPRESENTATION('',(#940),#944);
#940 = LINE('',#941,#942);
#941 = CARTESIAN_POINT('',(6.186961591309,3.41929714034));
#942 = VECTOR('',#943,1.);
#943 = DIRECTION('',(-1.,0.));
#944 = ( GEOMETRIC_REPRESENTATION_CONTEXT(2) 
PARAMETRIC_REPRESENTATION_CONTEXT() REPRESENTATION_CONTEXT('2D SPACE',''
  ) );
#945 = PCURVE('',#436,#946);
#946 = DEFINITIONAL_REPRESENTATION('',(#947),#951);
#947 = LINE('',#948,#949);
#948 = CARTESIAN_POINT('',(0.35,-0.6));
#949 = VECTOR('',#950,1.);
#950 = DIRECTION('',(1.,0.));
#951 = ( GEOMETRIC_REPRESENTATION_CONTEXT(2) 
PARAMETRIC_REPRESENTATION_CONTEXT() REPRESENTATION_CONTEXT('2D SPACE',''
  ) );
#952 = ORIENTED_EDGE('',*,*,#953,.T.);
#953 = EDGE_CURVE('',#931,#954,#956,.T.);
#954 = VERTEX_POINT('',#955);
#955 = CARTESIAN_POINT('',(9.9,16.65,0.));
#956 = SURFACE_CURVE('',#957,(#961,#968),.PCURVE_S1.);
#957 = LINE('',#958,#959);
#958 = CARTESIAN_POINT('',(9.9,11.8,0.));
#959 = VECTOR('',#960,1.);
#960 = DIRECTION('',(0.,1.,0.));
#961 = PCURVE('',#118,#962);
#962 = DEFINITIONAL_REPRESENTATION('',(#963),#967);
#963 = LINE('',#964,#965);
#964 = CARTESIAN_POINT('',(4.036961591309,3.06929714034));
#965 = VECTOR('',#966,1.);
#966 = DIRECTION('',(0.,1.));
#967 = ( GEOMETRIC_REPRESENTATION_CONTEXT(2) 
PARAMETRIC_REPRESENTATION_CONTEXT() REPRESENTATION_CONTEXT('2D SPACE',''
  ) );
#968 = PCURVE('',#464,#969);
#969 = DEFINITIONAL_REPRESENTATION('',(#970),#974);
#970 = LINE('',#971,#972);
#971 = CARTESIAN_POINT('',(-0.35,-0.6));
#972 = VECTOR('',#973,1.);
#973 = DIRECTION('',(1.,0.));
#974 = ( GEOMETRIC_REPRESENTATION_CONTEXT(2) 
PARAMETRIC_REPRESENTATION_CONTEXT() REPRESENTATION_CONTEXT('2D SPACE',''
  ) );
#975 = ORIENTED_EDGE('',*,*,#976,.T.);
#976 = EDGE_CURVE('',#954,#977,#979,.T.);
#977 = VERTEX_POINT('',#978);
#978 = CARTESIAN_POINT('',(-0.35,16.65,0.));
#979 = SURFACE_CURVE('',#980,(#984,#991),.PCURVE_S1.);
#980 = LINE('',#981,#982);
#981 = CARTESIAN_POINT('',(9.55,16.65,0.));
#982 = VECTOR('',#983,1.);
#983 = DIRECTION('',(-1.,0.,0.));
#984 = PCURVE('',#118,#985);
#985 = DEFINITIONAL_REPRESENTATION('',(#986),#990);
#986 = LINE('',#987,#988);
#987 = CARTESIAN_POINT('',(3.686961591309,7.91929714034));
#988 = VECTOR('',#989,1.);
#989 = DIRECTION('',(-1.,0.));
#990 = ( GEOMETRIC_REPRESENTATION_CONTEXT(2) 
PARAMETRIC_REPRESENTATION_CONTEXT() REPRESENTATION_CONTEXT('2D SPACE',''
  ) );
#991 = PCURVE('',#492,#992);
#992 = DEFINITIONAL_REPRESENTATION('',(#993),#997);
#993 = LINE('',#994,#995);
#994 = CARTESIAN_POINT('',(0.35,-0.6));
#995 = VECTOR('',#996,1.);
#996 = DIRECTION('',(1.,0.));
#997 = ( GEOMETRIC_REPRESENTATION_CONTEXT(2) 
PARAMETRIC_REPRESENTATION_CONTEXT() REPRESENTATION_CONTEXT('2D SPACE',''
  ) );
#998 = ORIENTED_EDGE('',*,*,#999,.T.);
#999 = EDGE_CURVE('',#977,#190,#1000,.T.);
#1000 = SURFACE_CURVE('',#1001,(#1005,#1012),.PCURVE_S1.);
#1001 = LINE('',#1002,#1003);
#1002 = CARTESIAN_POINT('',(-0.35,16.3,0.));
#1003 = VECTOR('',#1004,1.);
#1004 = DIRECTION('',(0.,-1.,-0.));
#1005 = PCURVE('',#118,#1006);
#1006 = DEFINITIONAL_REPRESENTATION('',(#1007),#1011);
#1007 = LINE('',#1008,#1009);
#1008 = CARTESIAN_POINT('',(-6.213038408691,7.56929714034));
#1009 = VECTOR('',#1010,1.);
#1010 = DIRECTION('',(0.,-1.));
#1011 = ( GEOMETRIC_REPRESENTATION_CONTEXT(2) 
PARAMETRIC_REPRESENTATION_CONTEXT() REPRESENTATION_CONTEXT('2D SPACE',''
  ) );
#1012 = PCURVE('',#205,#1013);
#1013 = DEFINITIONAL_REPRESENTATION('',(#1014),#1018);
#1014 = LINE('',#1015,#1016);
#1015 = CARTESIAN_POINT('',(0.35,-0.6));
#1016 = VECTOR('',#1017,1.);
#1017 = DIRECTION('',(1.,0.));
#1018 = ( GEOMETRIC_REPRESENTATION_CONTEXT(2) 
PARAMETRIC_REPRESENTATION_CONTEXT() REPRESENTATION_CONTEXT('2D SPACE',''
  ) );
#1019 = ORIENTED_EDGE('',*,*,#217,.T.);
#1020 = FACE_BOUND('',#1021,.T.);
#1021 = EDGE_LOOP('',(#1022,#1046,#1068,#1091,#1113,#1135,#1157,#1179));
#1022 = ORIENTED_EDGE('',*,*,#1023,.T.);
#1023 = EDGE_CURVE('',#1024,#1026,#1028,.T.);
#1024 = VERTEX_POINT('',#1025);
#1025 = CARTESIAN_POINT('',(11.3,9.05,0.));
#1026 = VERTEX_POINT('',#1027);
#1027 = CARTESIAN_POINT('',(8.8,9.05,0.));
#1028 = SURFACE_CURVE('',#1029,(#1033,#1040),.PCURVE_S1.);
#1029 = LINE('',#1030,#1031);
#1030 = CARTESIAN_POINT('',(7.331519204346,9.05,0.));
#1031 = VECTOR('',#1032,1.);
#1032 = DIRECTION('',(-1.,0.,0.));
#1033 = PCURVE('',#118,#1034);
#1034 = DEFINITIONAL_REPRESENTATION('',(#1035),#1039);
#1035 = LINE('',#1036,#1037);
#1036 = CARTESIAN_POINT('',(1.468480795654,0.31929714034));
#1037 = VECTOR('',#1038,1.);
#1038 = DIRECTION('',(-1.,0.));
#1039 = ( GEOMETRIC_REPRESENTATION_CONTEXT(2) 
PARAMETRIC_REPRESENTATION_CONTEXT() REPRESENTATION_CONTEXT('2D SPACE',''
  ) );
#1040 = PCURVE('',#546,#1041);
#1041 = DEFINITIONAL_REPRESENTATION('',(#1042),#1045);
#1042 = B_SPLINE_CURVE_WITH_KNOTS('',1,(#1043,#1044),.UNSPECIFIED.,.F.,
  .F.,(2,2),(-3.968480795654,-1.468480795654),.PIECEWISE_BEZIER_KNOTS.);
#1043 = CARTESIAN_POINT('',(2.5,-0.61));
#1044 = CARTESIAN_POINT('',(0.,-0.61));
#1045 = ( GEOMETRIC_REPRESENTATION_CONTEXT(2) 
PARAMETRIC_REPRESENTATION_CONTEXT() REPRESENTATION_CONTEXT('2D SPACE',''
  ) );
#1046 = ORIENTED_EDGE('',*,*,#1047,.T.);
#1047 = EDGE_CURVE('',#1026,#1048,#1050,.T.);
#1048 = VERTEX_POINT('',#1049);
#1049 = CARTESIAN_POINT('',(8.8,8.12,0.));
#1050 = SURFACE_CURVE('',#1051,(#1055,#1062),.PCURVE_S1.);
#1051 = LINE('',#1052,#1053);
#1052 = CARTESIAN_POINT('',(8.8,4.74035142983,0.));
#1053 = VECTOR('',#1054,1.);
#1054 = DIRECTION('',(0.,-1.,0.));
#1055 = PCURVE('',#118,#1056);
#1056 = DEFINITIONAL_REPRESENTATION('',(#1057),#1061);
#1057 = LINE('',#1058,#1059);
#1058 = CARTESIAN_POINT('',(2.936961591309,-3.99035142983));
#1059 = VECTOR('',#1060,1.);
#1060 = DIRECTION('',(0.,-1.));
#1061 = ( GEOMETRIC_REPRESENTATION_CONTEXT(2) 
PARAMETRIC_REPRESENTATION_CONTEXT() REPRESENTATION_CONTEXT('2D SPACE',''
  ) );
#1062 = PCURVE('',#573,#1063);
#1063 = DEFINITIONAL_REPRESENTATION('',(#1064),#1067);
#1064 = B_SPLINE_CURVE_WITH_KNOTS('',1,(#1065,#1066),.UNSPECIFIED.,.F.,
  .F.,(2,2),(-4.30964857017,3.99035142983),.PIECEWISE_BEZIER_KNOTS.);
#1065 = CARTESIAN_POINT('',(8.3,-0.61));
#1066 = CARTESIAN_POINT('',(0.,-0.61));
#1067 = ( GEOMETRIC_REPRESENTATION_CONTEXT(2) 
PARAMETRIC_REPRESENTATION_CONTEXT() REPRESENTATION_CONTEXT('2D SPACE',''
  ) );
#1068 = ORIENTED_EDGE('',*,*,#1069,.F.);
#1069 = EDGE_CURVE('',#1070,#1048,#1072,.T.);
#1070 = VERTEX_POINT('',#1071);
#1071 = CARTESIAN_POINT('',(0.75,8.12,0.));
#1072 = SURFACE_CURVE('',#1073,(#1077,#1084),.PCURVE_S1.);
#1073 = LINE('',#1074,#1075);
#1074 = CARTESIAN_POINT('',(5.E-02,8.12,0.));
#1075 = VECTOR('',#1076,1.);
#1076 = DIRECTION('',(1.,0.,0.));
#1077 = PCURVE('',#118,#1078);
#1078 = DEFINITIONAL_REPRESENTATION('',(#1079),#1083);
#1079 = LINE('',#1080,#1081);
#1080 = CARTESIAN_POINT('',(-5.813038408691,-0.61070285966));
#1081 = VECTOR('',#1082,1.);
#1082 = DIRECTION('',(1.,0.));
#1083 = ( GEOMETRIC_REPRESENTATION_CONTEXT(2) 
PARAMETRIC_REPRESENTATION_CONTEXT() REPRESENTATION_CONTEXT('2D SPACE',''
  ) );
#1084 = PCURVE('',#600,#1085);
#1085 = DEFINITIONAL_REPRESENTATION('',(#1086),#1090);
#1086 = LINE('',#1087,#1088);
#1087 = CARTESIAN_POINT('',(0.6,0.));
#1088 = VECTOR('',#1089,1.);
#1089 = DIRECTION('',(0.,1.));
#1090 = ( GEOMETRIC_REPRESENTATION_CONTEXT(2) 
PARAMETRIC_REPRESENTATION_CONTEXT() REPRESENTATION_CONTEXT('2D SPACE',''
  ) );
#1091 = ORIENTED_EDGE('',*,*,#1092,.T.);
#1092 = EDGE_CURVE('',#1070,#1093,#1095,.T.);
#1093 = VERTEX_POINT('',#1094);
#1094 = CARTESIAN_POINT('',(0.75,15.55,0.));
#1095 = SURFACE_CURVE('',#1096,(#1100,#1107),.PCURVE_S1.);
#1096 = LINE('',#1097,#1098);
#1097 = CARTESIAN_POINT('',(0.75,12.14035142983,0.));
#1098 = VECTOR('',#1099,1.);
#1099 = DIRECTION('',(-0.,1.,0.));
#1100 = PCURVE('',#118,#1101);
#1101 = DEFINITIONAL_REPRESENTATION('',(#1102),#1106);
#1102 = LINE('',#1103,#1104);
#1103 = CARTESIAN_POINT('',(-5.113038408691,3.40964857017));
#1104 = VECTOR('',#1105,1.);
#1105 = DIRECTION('',(0.,1.));
#1106 = ( GEOMETRIC_REPRESENTATION_CONTEXT(2) 
PARAMETRIC_REPRESENTATION_CONTEXT() REPRESENTATION_CONTEXT('2D SPACE',''
  ) );
#1107 = PCURVE('',#628,#1108);
#1108 = DEFINITIONAL_REPRESENTATION('',(#1109),#1112);
#1109 = B_SPLINE_CURVE_WITH_KNOTS('',1,(#1110,#1111),.UNSPECIFIED.,.F.,
  .F.,(2,2),(-4.07035142983,3.40964857017),.PIECEWISE_BEZIER_KNOTS.);
#1110 = CARTESIAN_POINT('',(7.48,-0.61));
#1111 = CARTESIAN_POINT('',(0.,-0.61));
#1112 = ( GEOMETRIC_REPRESENTATION_CONTEXT(2) 
PARAMETRIC_REPRESENTATION_CONTEXT() REPRESENTATION_CONTEXT('2D SPACE',''
  ) );
#1113 = ORIENTED_EDGE('',*,*,#1114,.T.);
#1114 = EDGE_CURVE('',#1093,#1115,#1117,.T.);
#1115 = VERTEX_POINT('',#1116);
#1116 = CARTESIAN_POINT('',(8.8,15.55,0.));
#1117 = SURFACE_CURVE('',#1118,(#1122,#1129),.PCURVE_S1.);
#1118 = LINE('',#1119,#1120);
#1119 = CARTESIAN_POINT('',(7.331519204346,15.55,0.));
#1120 = VECTOR('',#1121,1.);
#1121 = DIRECTION('',(1.,0.,-0.));
#1122 = PCURVE('',#118,#1123);
#1123 = DEFINITIONAL_REPRESENTATION('',(#1124),#1128);
#1124 = LINE('',#1125,#1126);
#1125 = CARTESIAN_POINT('',(1.468480795654,6.81929714034));
#1126 = VECTOR('',#1127,1.);
#1127 = DIRECTION('',(1.,0.));
#1128 = ( GEOMETRIC_REPRESENTATION_CONTEXT(2) 
PARAMETRIC_REPRESENTATION_CONTEXT() REPRESENTATION_CONTEXT('2D SPACE',''
  ) );
#1129 = PCURVE('',#655,#1130);
#1130 = DEFINITIONAL_REPRESENTATION('',(#1131),#1134);
#1131 = B_SPLINE_CURVE_WITH_KNOTS('',1,(#1132,#1133),.UNSPECIFIED.,.F.,
  .F.,(2,2),(-6.581519204346,1.468480795654),.PIECEWISE_BEZIER_KNOTS.);
#1132 = CARTESIAN_POINT('',(8.05,-0.61));
#1133 = CARTESIAN_POINT('',(0.,-0.61));
#1134 = ( GEOMETRIC_REPRESENTATION_CONTEXT(2) 
PARAMETRIC_REPRESENTATION_CONTEXT() REPRESENTATION_CONTEXT('2D SPACE',''
  ) );
#1135 = ORIENTED_EDGE('',*,*,#1136,.T.);
#1136 = EDGE_CURVE('',#1115,#1137,#1139,.T.);
#1137 = VERTEX_POINT('',#1138);
#1138 = CARTESIAN_POINT('',(8.8,11.05,0.));
#1139 = SURFACE_CURVE('',#1140,(#1144,#1151),.PCURVE_S1.);
#1140 = LINE('',#1141,#1142);
#1141 = CARTESIAN_POINT('',(8.8,9.89035142983,0.));
#1142 = VECTOR('',#1143,1.);
#1143 = DIRECTION('',(0.,-1.,0.));
#1144 = PCURVE('',#118,#1145);
#1145 = DEFINITIONAL_REPRESENTATION('',(#1146),#1150);
#1146 = LINE('',#1147,#1148);
#1147 = CARTESIAN_POINT('',(2.936961591309,1.15964857017));
#1148 = VECTOR('',#1149,1.);
#1149 = DIRECTION('',(0.,-1.));
#1150 = ( GEOMETRIC_REPRESENTATION_CONTEXT(2) 
PARAMETRIC_REPRESENTATION_CONTEXT() REPRESENTATION_CONTEXT('2D SPACE',''
  ) );
#1151 = PCURVE('',#682,#1152);
#1152 = DEFINITIONAL_REPRESENTATION('',(#1153),#1156);
#1153 = B_SPLINE_CURVE_WITH_KNOTS('',1,(#1154,#1155),.UNSPECIFIED.,.F.,
  .F.,(2,2),(-5.65964857017,-1.15964857017),.PIECEWISE_BEZIER_KNOTS.);
#1154 = CARTESIAN_POINT('',(4.5,-0.61));
#1155 = CARTESIAN_POINT('',(0.,-0.61));
#1156 = ( GEOMETRIC_REPRESENTATION_CONTEXT(2) 
PARAMETRIC_REPRESENTATION_CONTEXT() REPRESENTATION_CONTEXT('2D SPACE',''
  ) );
#1157 = ORIENTED_EDGE('',*,*,#1158,.T.);
#1158 = EDGE_CURVE('',#1137,#1159,#1161,.T.);
#1159 = VERTEX_POINT('',#1160);
#1160 = CARTESIAN_POINT('',(11.3,11.05,0.));
#1161 = SURFACE_CURVE('',#1162,(#1166,#1173),.PCURVE_S1.);
#1162 = LINE('',#1163,#1164);
#1163 = CARTESIAN_POINT('',(8.581519204346,11.05,0.));
#1164 = VECTOR('',#1165,1.);
#1165 = DIRECTION('',(1.,0.,-0.));
#1166 = PCURVE('',#118,#1167);
#1167 = DEFINITIONAL_REPRESENTATION('',(#1168),#1172);
#1168 = LINE('',#1169,#1170);
#1169 = CARTESIAN_POINT('',(2.718480795654,2.31929714034));
#1170 = VECTOR('',#1171,1.);
#1171 = DIRECTION('',(1.,0.));
#1172 = ( GEOMETRIC_REPRESENTATION_CONTEXT(2) 
PARAMETRIC_REPRESENTATION_CONTEXT() REPRESENTATION_CONTEXT('2D SPACE',''
  ) );
#1173 = PCURVE('',#709,#1174);
#1174 = DEFINITIONAL_REPRESENTATION('',(#1175),#1178);
#1175 = B_SPLINE_CURVE_WITH_KNOTS('',1,(#1176,#1177),.UNSPECIFIED.,.F.,
  .F.,(2,2),(0.218480795654,2.718480795654),.PIECEWISE_BEZIER_KNOTS.);
#1176 = CARTESIAN_POINT('',(2.5,-0.61));
#1177 = CARTESIAN_POINT('',(0.,-0.61));
#1178 = ( GEOMETRIC_REPRESENTATION_CONTEXT(2) 
PARAMETRIC_REPRESENTATION_CONTEXT() REPRESENTATION_CONTEXT('2D SPACE',''
  ) );
#1179 = ORIENTED_EDGE('',*,*,#1180,.T.);
#1180 = EDGE_CURVE('',#1159,#1024,#1181,.T.);
#1181 = SURFACE_CURVE('',#1182,(#1186,#1193),.PCURVE_S1.);
#1182 = LINE('',#1183,#1184);
#1183 = CARTESIAN_POINT('',(11.3,8.89035142983,0.));
#1184 = VECTOR('',#1185,1.);
#1185 = DIRECTION('',(0.,-1.,0.));
#1186 = PCURVE('',#118,#1187);
#1187 = DEFINITIONAL_REPRESENTATION('',(#1188),#1192);
#1188 = LINE('',#1189,#1190);
#1189 = CARTESIAN_POINT('',(5.436961591309,0.15964857017));
#1190 = VECTOR('',#1191,1.);
#1191 = DIRECTION('',(0.,-1.));
#1192 = ( GEOMETRIC_REPRESENTATION_CONTEXT(2) 
PARAMETRIC_REPRESENTATION_CONTEXT() REPRESENTATION_CONTEXT('2D SPACE',''
  ) );
#1193 = PCURVE('',#734,#1194);
#1194 = DEFINITIONAL_REPRESENTATION('',(#1195),#1198);
#1195 = B_SPLINE_CURVE_WITH_KNOTS('',1,(#1196,#1197),.UNSPECIFIED.,.F.,
  .F.,(2,2),(-2.15964857017,-0.15964857017),.PIECEWISE_BEZIER_KNOTS.);
#1196 = CARTESIAN_POINT('',(2.,-0.61));
#1197 = CARTESIAN_POINT('',(0.,-0.61));
#1198 = ( GEOMETRIC_REPRESENTATION_CONTEXT(2) 
PARAMETRIC_REPRESENTATION_CONTEXT() REPRESENTATION_CONTEXT('2D SPACE',''
  ) );
#1199 = FACE_BOUND('',#1200,.T.);
#1200 = EDGE_LOOP('',(#1201,#1225,#1248,#1270));
#1201 = ORIENTED_EDGE('',*,*,#1202,.T.);
#1202 = EDGE_CURVE('',#1203,#1205,#1207,.T.);
#1203 = VERTEX_POINT('',#1204);
#1204 = CARTESIAN_POINT('',(3.87185996248,0.75,0.));
#1205 = VERTEX_POINT('',#1206);
#1206 = CARTESIAN_POINT('',(3.632023896906,7.02,2.775557561563E-17));
#1207 = SURFACE_CURVE('',#1208,(#1212,#1219),.PCURVE_S1.);
#1208 = LINE('',#1209,#1210);
#1209 = CARTESIAN_POINT('',(3.580901160235,8.356494401538,
    5.551115123126E-17));
#1210 = VECTOR('',#1211,1.);
#1211 = DIRECTION('',(-3.822341272335E-02,0.999269218339,0.));
#1212 = PCURVE('',#118,#1213);
#1213 = DEFINITIONAL_REPRESENTATION('',(#1214),#1218);
#1214 = LINE('',#1215,#1216);
#1215 = CARTESIAN_POINT('',(-2.282137248456,-0.374208458122));
#1216 = VECTOR('',#1217,1.);
#1217 = DIRECTION('',(-3.822341272335E-02,0.999269218339));
#1218 = ( GEOMETRIC_REPRESENTATION_CONTEXT(2) 
PARAMETRIC_REPRESENTATION_CONTEXT() REPRESENTATION_CONTEXT('2D SPACE',''
  ) );
#1219 = PCURVE('',#765,#1220);
#1220 = DEFINITIONAL_REPRESENTATION('',(#1221),#1224);
#1221 = B_SPLINE_CURVE_WITH_KNOTS('',1,(#1222,#1223),.UNSPECIFIED.,.F.,
  .F.,(2,2),(-7.612057153308,-0.286703919505),.PIECEWISE_BEZIER_KNOTS.);
#1222 = CARTESIAN_POINT('',(7.325353233804,-0.61));
#1223 = CARTESIAN_POINT('',(-1.110223024625E-16,-0.61));
#1224 = ( GEOMETRIC_REPRESENTATION_CONTEXT(2) 
PARAMETRIC_REPRESENTATION_CONTEXT() REPRESENTATION_CONTEXT('2D SPACE',''
  ) );
#1225 = ORIENTED_EDGE('',*,*,#1226,.T.);
#1226 = EDGE_CURVE('',#1205,#1227,#1229,.T.);
#1227 = VERTEX_POINT('',#1228);
#1228 = CARTESIAN_POINT('',(8.8,7.02,0.));
#1229 = SURFACE_CURVE('',#1230,(#1234,#1241),.PCURVE_S1.);
#1230 = LINE('',#1231,#1232);
#1231 = CARTESIAN_POINT('',(5.E-02,7.02,0.));
#1232 = VECTOR('',#1233,1.);
#1233 = DIRECTION('',(1.,0.,0.));
#1234 = PCURVE('',#118,#1235);
#1235 = DEFINITIONAL_REPRESENTATION('',(#1236),#1240);
#1236 = LINE('',#1237,#1238);
#1237 = CARTESIAN_POINT('',(-5.813038408691,-1.71070285966));
#1238 = VECTOR('',#1239,1.);
#1239 = DIRECTION('',(1.,0.));
#1240 = ( GEOMETRIC_REPRESENTATION_CONTEXT(2) 
PARAMETRIC_REPRESENTATION_CONTEXT() REPRESENTATION_CONTEXT('2D SPACE',''
  ) );
#1241 = PCURVE('',#792,#1242);
#1242 = DEFINITIONAL_REPRESENTATION('',(#1243),#1247);
#1243 = LINE('',#1244,#1245);
#1244 = CARTESIAN_POINT('',(0.6,0.));
#1245 = VECTOR('',#1246,1.);
#1246 = DIRECTION('',(0.,1.));
#1247 = ( GEOMETRIC_REPRESENTATION_CONTEXT(2) 
PARAMETRIC_REPRESENTATION_CONTEXT() REPRESENTATION_CONTEXT('2D SPACE',''
  ) );
#1248 = ORIENTED_EDGE('',*,*,#1249,.T.);
#1249 = EDGE_CURVE('',#1227,#1250,#1252,.T.);
#1250 = VERTEX_POINT('',#1251);
#1251 = CARTESIAN_POINT('',(8.8,0.75,0.));
#1252 = SURFACE_CURVE('',#1253,(#1257,#1264),.PCURVE_S1.);
#1253 = LINE('',#1254,#1255);
#1254 = CARTESIAN_POINT('',(8.8,4.74035142983,0.));
#1255 = VECTOR('',#1256,1.);
#1256 = DIRECTION('',(0.,-1.,0.));
#1257 = PCURVE('',#118,#1258);
#1258 = DEFINITIONAL_REPRESENTATION('',(#1259),#1263);
#1259 = LINE('',#1260,#1261);
#1260 = CARTESIAN_POINT('',(2.936961591309,-3.99035142983));
#1261 = VECTOR('',#1262,1.);
#1262 = DIRECTION('',(0.,-1.));
#1263 = ( GEOMETRIC_REPRESENTATION_CONTEXT(2) 
PARAMETRIC_REPRESENTATION_CONTEXT() REPRESENTATION_CONTEXT('2D SPACE',''
  ) );
#1264 = PCURVE('',#820,#1265);
#1265 = DEFINITIONAL_REPRESENTATION('',(#1266),#1269);
#1266 = B_SPLINE_CURVE_WITH_KNOTS('',1,(#1267,#1268),.UNSPECIFIED.,.F.,
  .F.,(2,2),(-4.30964857017,3.99035142983),.PIECEWISE_BEZIER_KNOTS.);
#1267 = CARTESIAN_POINT('',(8.3,-0.61));
#1268 = CARTESIAN_POINT('',(0.,-0.61));
#1269 = ( GEOMETRIC_REPRESENTATION_CONTEXT(2) 
PARAMETRIC_REPRESENTATION_CONTEXT() REPRESENTATION_CONTEXT('2D SPACE',''
  ) );
#1270 = ORIENTED_EDGE('',*,*,#1271,.T.);
#1271 = EDGE_CURVE('',#1250,#1203,#1272,.T.);
#1272 = SURFACE_CURVE('',#1273,(#1277,#1284),.PCURVE_S1.);
#1273 = LINE('',#1274,#1275);
#1274 = CARTESIAN_POINT('',(4.867449185585,0.75,0.));
#1275 = VECTOR('',#1276,1.);
#1276 = DIRECTION('',(-1.,0.,0.));
#1277 = PCURVE('',#118,#1278);
#1278 = DEFINITIONAL_REPRESENTATION('',(#1279),#1283);
#1279 = LINE('',#1280,#1281);
#1280 = CARTESIAN_POINT('',(-0.995589223106,-7.98070285966));
#1281 = VECTOR('',#1282,1.);
#1282 = DIRECTION('',(-1.,0.));
#1283 = ( GEOMETRIC_REPRESENTATION_CONTEXT(2) 
PARAMETRIC_REPRESENTATION_CONTEXT() REPRESENTATION_CONTEXT('2D SPACE',''
  ) );
#1284 = PCURVE('',#845,#1285);
#1285 = DEFINITIONAL_REPRESENTATION('',(#1286),#1289);
#1286 = B_SPLINE_CURVE_WITH_KNOTS('',1,(#1287,#1288),.UNSPECIFIED.,.F.,
  .F.,(2,2),(-3.932550814415,0.995589223106),.PIECEWISE_BEZIER_KNOTS.);
#1287 = CARTESIAN_POINT('',(4.92814003752,-0.61));
#1288 = CARTESIAN_POINT('',(0.,-0.61));
#1289 = ( GEOMETRIC_REPRESENTATION_CONTEXT(2) 
PARAMETRIC_REPRESENTATION_CONTEXT() REPRESENTATION_CONTEXT('2D SPACE',''
  ) );
#1290 = ADVANCED_FACE('',(#1291),#205,.F.);
#1291 = FACE_BOUND('',#1292,.F.);
#1292 = EDGE_LOOP('',(#1293,#1314,#1315,#1316));
#1293 = ORIENTED_EDGE('',*,*,#1294,.T.);
#1294 = EDGE_CURVE('',#477,#977,#1295,.T.);
#1295 = SURFACE_CURVE('',#1296,(#1300,#1307),.PCURVE_S1.);
#1296 = LINE('',#1297,#1298);
#1297 = CARTESIAN_POINT('',(-0.35,16.65,-0.6));
#1298 = VECTOR('',#1299,1.);
#1299 = DIRECTION('',(0.,0.,1.));
#1300 = PCURVE('',#205,#1301);
#1301 = DEFINITIONAL_REPRESENTATION('',(#1302),#1306);
#1302 = LINE('',#1303,#1304);
#1303 = CARTESIAN_POINT('',(0.,0.));
#1304 = VECTOR('',#1305,1.);
#1305 = DIRECTION('',(0.,-1.));
#1306 = ( GEOMETRIC_REPRESENTATION_CONTEXT(2) 
PARAMETRIC_REPRESENTATION_CONTEXT() REPRESENTATION_CONTEXT('2D SPACE',''
  ) );
#1307 = PCURVE('',#492,#1308);
#1308 = DEFINITIONAL_REPRESENTATION('',(#1309),#1313);
#1309 = LINE('',#1310,#1311);
#1310 = CARTESIAN_POINT('',(10.25,0.));
#1311 = VECTOR('',#1312,1.);
#1312 = DIRECTION('',(0.,-1.));
#1313 = ( GEOMETRIC_REPRESENTATION_CONTEXT(2) 
PARAMETRIC_REPRESENTATION_CONTEXT() REPRESENTATION_CONTEXT('2D SPACE',''
  ) );
#1314 = ORIENTED_EDGE('',*,*,#999,.T.);
#1315 = ORIENTED_EDGE('',*,*,#187,.F.);
#1316 = ORIENTED_EDGE('',*,*,#504,.F.);
#1317 = ADVANCED_FACE('',(#1318),#303,.F.);
#1318 = FACE_BOUND('',#1319,.F.);
#1319 = EDGE_LOOP('',(#1320,#1321,#1322,#1343));
#1320 = ORIENTED_EDGE('',*,*,#287,.T.);
#1321 = ORIENTED_EDGE('',*,*,#861,.T.);
#1322 = ORIENTED_EDGE('',*,*,#1323,.F.);
#1323 = EDGE_CURVE('',#342,#862,#1324,.T.);
#1324 = SURFACE_CURVE('',#1325,(#1329,#1336),.PCURVE_S1.);
#1325 = LINE('',#1326,#1327);
#1326 = CARTESIAN_POINT('',(9.9,7.95,-0.6));
#1327 = VECTOR('',#1328,1.);
#1328 = DIRECTION('',(0.,0.,1.));
#1329 = PCURVE('',#303,#1330);
#1330 = DEFINITIONAL_REPRESENTATION('',(#1331),#1335);
#1331 = LINE('',#1332,#1333);
#1332 = CARTESIAN_POINT('',(8.3,0.));
#1333 = VECTOR('',#1334,1.);
#1334 = DIRECTION('',(0.,-1.));
#1335 = ( GEOMETRIC_REPRESENTATION_CONTEXT(2) 
PARAMETRIC_REPRESENTATION_CONTEXT() REPRESENTATION_CONTEXT('2D SPACE',''
  ) );
#1336 = PCURVE('',#380,#1337);
#1337 = DEFINITIONAL_REPRESENTATION('',(#1338),#1342);
#1338 = LINE('',#1339,#1340);
#1339 = CARTESIAN_POINT('',(0.,0.));
#1340 = VECTOR('',#1341,1.);
#1341 = DIRECTION('',(0.,-1.));
#1342 = ( GEOMETRIC_REPRESENTATION_CONTEXT(2) 
PARAMETRIC_REPRESENTATION_CONTEXT() REPRESENTATION_CONTEXT('2D SPACE',''
  ) );
#1343 = ORIENTED_EDGE('',*,*,#341,.F.);
#1344 = ADVANCED_FACE('',(#1345),#492,.F.);
#1345 = FACE_BOUND('',#1346,.F.);
#1346 = EDGE_LOOP('',(#1347,#1368,#1369,#1370));
#1347 = ORIENTED_EDGE('',*,*,#1348,.T.);
#1348 = EDGE_CURVE('',#449,#954,#1349,.T.);
#1349 = SURFACE_CURVE('',#1350,(#1354,#1361),.PCURVE_S1.);
#1350 = LINE('',#1351,#1352);
#1351 = CARTESIAN_POINT('',(9.9,16.65,-0.6));
#1352 = VECTOR('',#1353,1.);
#1353 = DIRECTION('',(0.,0.,1.));
#1354 = PCURVE('',#492,#1355);
#1355 = DEFINITIONAL_REPRESENTATION('',(#1356),#1360);
#1356 = LINE('',#1357,#1358);
#1357 = CARTESIAN_POINT('',(0.,-0.));
#1358 = VECTOR('',#1359,1.);
#1359 = DIRECTION('',(0.,-1.));
#1360 = ( GEOMETRIC_REPRESENTATION_CONTEXT(2) 
PARAMETRIC_REPRESENTATION_CONTEXT() REPRESENTATION_CONTEXT('2D SPACE',''
  ) );
#1361 = PCURVE('',#464,#1362);
#1362 = DEFINITIONAL_REPRESENTATION('',(#1363),#1367);
#1363 = LINE('',#1364,#1365);
#1364 = CARTESIAN_POINT('',(4.5,0.));
#1365 = VECTOR('',#1366,1.);
#1366 = DIRECTION('',(0.,-1.));
#1367 = ( GEOMETRIC_REPRESENTATION_CONTEXT(2) 
PARAMETRIC_REPRESENTATION_CONTEXT() REPRESENTATION_CONTEXT('2D SPACE',''
  ) );
#1368 = ORIENTED_EDGE('',*,*,#976,.T.);
#1369 = ORIENTED_EDGE('',*,*,#1294,.F.);
#1370 = ORIENTED_EDGE('',*,*,#476,.F.);
#1371 = ADVANCED_FACE('',(#1372),#380,.F.);
#1372 = FACE_BOUND('',#1373,.F.);
#1373 = EDGE_LOOP('',(#1374,#1375,#1376,#1397));
#1374 = ORIENTED_EDGE('',*,*,#1323,.T.);
#1375 = ORIENTED_EDGE('',*,*,#884,.T.);
#1376 = ORIENTED_EDGE('',*,*,#1377,.F.);
#1377 = EDGE_CURVE('',#365,#885,#1378,.T.);
#1378 = SURFACE_CURVE('',#1379,(#1383,#1390),.PCURVE_S1.);
#1379 = LINE('',#1380,#1381);
#1380 = CARTESIAN_POINT('',(12.4,7.95,-0.6));
#1381 = VECTOR('',#1382,1.);
#1382 = DIRECTION('',(0.,0.,1.));
#1383 = PCURVE('',#380,#1384);
#1384 = DEFINITIONAL_REPRESENTATION('',(#1385),#1389);
#1385 = LINE('',#1386,#1387);
#1386 = CARTESIAN_POINT('',(2.5,0.));
#1387 = VECTOR('',#1388,1.);
#1388 = DIRECTION('',(0.,-1.));
#1389 = ( GEOMETRIC_REPRESENTATION_CONTEXT(2) 
PARAMETRIC_REPRESENTATION_CONTEXT() REPRESENTATION_CONTEXT('2D SPACE',''
  ) );
#1390 = PCURVE('',#408,#1391);
#1391 = DEFINITIONAL_REPRESENTATION('',(#1392),#1396);
#1392 = LINE('',#1393,#1394);
#1393 = CARTESIAN_POINT('',(0.,0.));
#1394 = VECTOR('',#1395,1.);
#1395 = DIRECTION('',(0.,-1.));
#1396 = ( GEOMETRIC_REPRESENTATION_CONTEXT(2) 
PARAMETRIC_REPRESENTATION_CONTEXT() REPRESENTATION_CONTEXT('2D SPACE',''
  ) );
#1397 = ORIENTED_EDGE('',*,*,#364,.F.);
#1398 = ADVANCED_FACE('',(#1399),#464,.F.);
#1399 = FACE_BOUND('',#1400,.F.);
#1400 = EDGE_LOOP('',(#1401,#1422,#1423,#1424));
#1401 = ORIENTED_EDGE('',*,*,#1402,.T.);
#1402 = EDGE_CURVE('',#421,#931,#1403,.T.);
#1403 = SURFACE_CURVE('',#1404,(#1408,#1415),.PCURVE_S1.);
#1404 = LINE('',#1405,#1406);
#1405 = CARTESIAN_POINT('',(9.9,12.15,-0.6));
#1406 = VECTOR('',#1407,1.);
#1407 = DIRECTION('',(0.,0.,1.));
#1408 = PCURVE('',#464,#1409);
#1409 = DEFINITIONAL_REPRESENTATION('',(#1410),#1414);
#1410 = LINE('',#1411,#1412);
#1411 = CARTESIAN_POINT('',(0.,0.));
#1412 = VECTOR('',#1413,1.);
#1413 = DIRECTION('',(0.,-1.));
#1414 = ( GEOMETRIC_REPRESENTATION_CONTEXT(2) 
PARAMETRIC_REPRESENTATION_CONTEXT() REPRESENTATION_CONTEXT('2D SPACE',''
  ) );
#1415 = PCURVE('',#436,#1416);
#1416 = DEFINITIONAL_REPRESENTATION('',(#1417),#1421);
#1417 = LINE('',#1418,#1419);
#1418 = CARTESIAN_POINT('',(2.5,0.));
#1419 = VECTOR('',#1420,1.);
#1420 = DIRECTION('',(0.,-1.));
#1421 = ( GEOMETRIC_REPRESENTATION_CONTEXT(2) 
PARAMETRIC_REPRESENTATION_CONTEXT() REPRESENTATION_CONTEXT('2D SPACE',''
  ) );
#1422 = ORIENTED_EDGE('',*,*,#953,.T.);
#1423 = ORIENTED_EDGE('',*,*,#1348,.F.);
#1424 = ORIENTED_EDGE('',*,*,#448,.F.);
#1425 = ADVANCED_FACE('',(#1426),#408,.F.);
#1426 = FACE_BOUND('',#1427,.F.);
#1427 = EDGE_LOOP('',(#1428,#1429,#1430,#1451));
#1428 = ORIENTED_EDGE('',*,*,#1377,.T.);
#1429 = ORIENTED_EDGE('',*,*,#907,.T.);
#1430 = ORIENTED_EDGE('',*,*,#1431,.F.);
#1431 = EDGE_CURVE('',#393,#908,#1432,.T.);
#1432 = SURFACE_CURVE('',#1433,(#1437,#1444),.PCURVE_S1.);
#1433 = LINE('',#1434,#1435);
#1434 = CARTESIAN_POINT('',(12.4,12.15,-0.6));
#1435 = VECTOR('',#1436,1.);
#1436 = DIRECTION('',(0.,0.,1.));
#1437 = PCURVE('',#408,#1438);
#1438 = DEFINITIONAL_REPRESENTATION('',(#1439),#1443);
#1439 = LINE('',#1440,#1441);
#1440 = CARTESIAN_POINT('',(4.2,0.));
#1441 = VECTOR('',#1442,1.);
#1442 = DIRECTION('',(0.,-1.));
#1443 = ( GEOMETRIC_REPRESENTATION_CONTEXT(2) 
PARAMETRIC_REPRESENTATION_CONTEXT() REPRESENTATION_CONTEXT('2D SPACE',''
  ) );
#1444 = PCURVE('',#436,#1445);
#1445 = DEFINITIONAL_REPRESENTATION('',(#1446),#1450);
#1446 = LINE('',#1447,#1448);
#1447 = CARTESIAN_POINT('',(0.,-0.));
#1448 = VECTOR('',#1449,1.);
#1449 = DIRECTION('',(0.,-1.));
#1450 = ( GEOMETRIC_REPRESENTATION_CONTEXT(2) 
PARAMETRIC_REPRESENTATION_CONTEXT() REPRESENTATION_CONTEXT('2D SPACE',''
  ) );
#1451 = ORIENTED_EDGE('',*,*,#392,.F.);
#1452 = ADVANCED_FACE('',(#1453),#436,.F.);
#1453 = FACE_BOUND('',#1454,.F.);
#1454 = EDGE_LOOP('',(#1455,#1456,#1457,#1458));
#1455 = ORIENTED_EDGE('',*,*,#1431,.T.);
#1456 = ORIENTED_EDGE('',*,*,#930,.T.);
#1457 = ORIENTED_EDGE('',*,*,#1402,.F.);
#1458 = ORIENTED_EDGE('',*,*,#420,.F.);
#1459 = ADVANCED_FACE('',(#1460),#546,.T.);
#1460 = FACE_BOUND('',#1461,.T.);
#1461 = EDGE_LOOP('',(#1462,#1463,#1484,#1485));
#1462 = ORIENTED_EDGE('',*,*,#528,.T.);
#1463 = ORIENTED_EDGE('',*,*,#1464,.T.);
#1464 = EDGE_CURVE('',#531,#1026,#1465,.T.);
#1465 = SURFACE_CURVE('',#1466,(#1470,#1477),.PCURVE_S1.);
#1466 = LINE('',#1467,#1468);
#1467 = CARTESIAN_POINT('',(8.8,9.05,-0.61));
#1468 = VECTOR('',#1469,1.);
#1469 = DIRECTION('',(0.,0.,1.));
#1470 = PCURVE('',#546,#1471);
#1471 = DEFINITIONAL_REPRESENTATION('',(#1472),#1476);
#1472 = LINE('',#1473,#1474);
#1473 = CARTESIAN_POINT('',(0.,0.));
#1474 = VECTOR('',#1475,1.);
#1475 = DIRECTION('',(0.,-1.));
#1476 = ( GEOMETRIC_REPRESENTATION_CONTEXT(2) 
PARAMETRIC_REPRESENTATION_CONTEXT() REPRESENTATION_CONTEXT('2D SPACE',''
  ) );
#1477 = PCURVE('',#573,#1478);
#1478 = DEFINITIONAL_REPRESENTATION('',(#1479),#1483);
#1479 = LINE('',#1480,#1481);
#1480 = CARTESIAN_POINT('',(8.3,0.));
#1481 = VECTOR('',#1482,1.);
#1482 = DIRECTION('',(0.,-1.));
#1483 = ( GEOMETRIC_REPRESENTATION_CONTEXT(2) 
PARAMETRIC_REPRESENTATION_CONTEXT() REPRESENTATION_CONTEXT('2D SPACE',''
  ) );
#1484 = ORIENTED_EDGE('',*,*,#1023,.F.);
#1485 = ORIENTED_EDGE('',*,*,#1486,.F.);
#1486 = EDGE_CURVE('',#529,#1024,#1487,.T.);
#1487 = SURFACE_CURVE('',#1488,(#1492,#1499),.PCURVE_S1.);
#1488 = LINE('',#1489,#1490);
#1489 = CARTESIAN_POINT('',(11.3,9.05,-0.61));
#1490 = VECTOR('',#1491,1.);
#1491 = DIRECTION('',(0.,0.,1.));
#1492 = PCURVE('',#546,#1493);
#1493 = DEFINITIONAL_REPRESENTATION('',(#1494),#1498);
#1494 = LINE('',#1495,#1496);
#1495 = CARTESIAN_POINT('',(2.5,0.));
#1496 = VECTOR('',#1497,1.);
#1497 = DIRECTION('',(0.,-1.));
#1498 = ( GEOMETRIC_REPRESENTATION_CONTEXT(2) 
PARAMETRIC_REPRESENTATION_CONTEXT() REPRESENTATION_CONTEXT('2D SPACE',''
  ) );
#1499 = PCURVE('',#734,#1500);
#1500 = DEFINITIONAL_REPRESENTATION('',(#1501),#1505);
#1501 = LINE('',#1502,#1503);
#1502 = CARTESIAN_POINT('',(0.,0.));
#1503 = VECTOR('',#1504,1.);
#1504 = DIRECTION('',(0.,-1.));
#1505 = ( GEOMETRIC_REPRESENTATION_CONTEXT(2) 
PARAMETRIC_REPRESENTATION_CONTEXT() REPRESENTATION_CONTEXT('2D SPACE',''
  ) );
#1506 = ADVANCED_FACE('',(#1507),#734,.T.);
#1507 = FACE_BOUND('',#1508,.T.);
#1508 = EDGE_LOOP('',(#1509,#1510,#1511,#1512));
#1509 = ORIENTED_EDGE('',*,*,#720,.T.);
#1510 = ORIENTED_EDGE('',*,*,#1486,.T.);
#1511 = ORIENTED_EDGE('',*,*,#1180,.F.);
#1512 = ORIENTED_EDGE('',*,*,#1513,.F.);
#1513 = EDGE_CURVE('',#694,#1159,#1514,.T.);
#1514 = SURFACE_CURVE('',#1515,(#1519,#1526),.PCURVE_S1.);
#1515 = LINE('',#1516,#1517);
#1516 = CARTESIAN_POINT('',(11.3,11.05,-0.61));
#1517 = VECTOR('',#1518,1.);
#1518 = DIRECTION('',(0.,0.,1.));
#1519 = PCURVE('',#734,#1520);
#1520 = DEFINITIONAL_REPRESENTATION('',(#1521),#1525);
#1521 = LINE('',#1522,#1523);
#1522 = CARTESIAN_POINT('',(2.,0.));
#1523 = VECTOR('',#1524,1.);
#1524 = DIRECTION('',(0.,-1.));
#1525 = ( GEOMETRIC_REPRESENTATION_CONTEXT(2) 
PARAMETRIC_REPRESENTATION_CONTEXT() REPRESENTATION_CONTEXT('2D SPACE',''
  ) );
#1526 = PCURVE('',#709,#1527);
#1527 = DEFINITIONAL_REPRESENTATION('',(#1528),#1532);
#1528 = LINE('',#1529,#1530);
#1529 = CARTESIAN_POINT('',(0.,-0.));
#1530 = VECTOR('',#1531,1.);
#1531 = DIRECTION('',(0.,-1.));
#1532 = ( GEOMETRIC_REPRESENTATION_CONTEXT(2) 
PARAMETRIC_REPRESENTATION_CONTEXT() REPRESENTATION_CONTEXT('2D SPACE',''
  ) );
#1533 = ADVANCED_FACE('',(#1534),#709,.T.);
#1534 = FACE_BOUND('',#1535,.T.);
#1535 = EDGE_LOOP('',(#1536,#1537,#1538,#1539));
#1536 = ORIENTED_EDGE('',*,*,#693,.T.);
#1537 = ORIENTED_EDGE('',*,*,#1513,.T.);
#1538 = ORIENTED_EDGE('',*,*,#1158,.F.);
#1539 = ORIENTED_EDGE('',*,*,#1540,.F.);
#1540 = EDGE_CURVE('',#667,#1137,#1541,.T.);
#1541 = SURFACE_CURVE('',#1542,(#1546,#1553),.PCURVE_S1.);
#1542 = LINE('',#1543,#1544);
#1543 = CARTESIAN_POINT('',(8.8,11.05,-0.61));
#1544 = VECTOR('',#1545,1.);
#1545 = DIRECTION('',(0.,0.,1.));
#1546 = PCURVE('',#709,#1547);
#1547 = DEFINITIONAL_REPRESENTATION('',(#1548),#1552);
#1548 = LINE('',#1549,#1550);
#1549 = CARTESIAN_POINT('',(2.5,0.));
#1550 = VECTOR('',#1551,1.);
#1551 = DIRECTION('',(0.,-1.));
#1552 = ( GEOMETRIC_REPRESENTATION_CONTEXT(2) 
PARAMETRIC_REPRESENTATION_CONTEXT() REPRESENTATION_CONTEXT('2D SPACE',''
  ) );
#1553 = PCURVE('',#682,#1554);
#1554 = DEFINITIONAL_REPRESENTATION('',(#1555),#1559);
#1555 = LINE('',#1556,#1557);
#1556 = CARTESIAN_POINT('',(0.,0.));
#1557 = VECTOR('',#1558,1.);
#1558 = DIRECTION('',(0.,-1.));
#1559 = ( GEOMETRIC_REPRESENTATION_CONTEXT(2) 
PARAMETRIC_REPRESENTATION_CONTEXT() REPRESENTATION_CONTEXT('2D SPACE',''
  ) );
#1560 = ADVANCED_FACE('',(#1561),#682,.T.);
#1561 = FACE_BOUND('',#1562,.T.);
#1562 = EDGE_LOOP('',(#1563,#1564,#1565,#1566));
#1563 = ORIENTED_EDGE('',*,*,#666,.T.);
#1564 = ORIENTED_EDGE('',*,*,#1540,.T.);
#1565 = ORIENTED_EDGE('',*,*,#1136,.F.);
#1566 = ORIENTED_EDGE('',*,*,#1567,.F.);
#1567 = EDGE_CURVE('',#640,#1115,#1568,.T.);
#1568 = SURFACE_CURVE('',#1569,(#1573,#1580),.PCURVE_S1.);
#1569 = LINE('',#1570,#1571);
#1570 = CARTESIAN_POINT('',(8.8,15.55,-0.61));
#1571 = VECTOR('',#1572,1.);
#1572 = DIRECTION('',(0.,0.,1.));
#1573 = PCURVE('',#682,#1574);
#1574 = DEFINITIONAL_REPRESENTATION('',(#1575),#1579);
#1575 = LINE('',#1576,#1577);
#1576 = CARTESIAN_POINT('',(4.5,0.));
#1577 = VECTOR('',#1578,1.);
#1578 = DIRECTION('',(0.,-1.));
#1579 = ( GEOMETRIC_REPRESENTATION_CONTEXT(2) 
PARAMETRIC_REPRESENTATION_CONTEXT() REPRESENTATION_CONTEXT('2D SPACE',''
  ) );
#1580 = PCURVE('',#655,#1581);
#1581 = DEFINITIONAL_REPRESENTATION('',(#1582),#1586);
#1582 = LINE('',#1583,#1584);
#1583 = CARTESIAN_POINT('',(0.,-0.));
#1584 = VECTOR('',#1585,1.);
#1585 = DIRECTION('',(0.,-1.));
#1586 = ( GEOMETRIC_REPRESENTATION_CONTEXT(2) 
PARAMETRIC_REPRESENTATION_CONTEXT() REPRESENTATION_CONTEXT('2D SPACE',''
  ) );
#1587 = ADVANCED_FACE('',(#1588),#655,.T.);
#1588 = FACE_BOUND('',#1589,.T.);
#1589 = EDGE_LOOP('',(#1590,#1591,#1592,#1593));
#1590 = ORIENTED_EDGE('',*,*,#639,.T.);
#1591 = ORIENTED_EDGE('',*,*,#1567,.T.);
#1592 = ORIENTED_EDGE('',*,*,#1114,.F.);
#1593 = ORIENTED_EDGE('',*,*,#1594,.F.);
#1594 = EDGE_CURVE('',#613,#1093,#1595,.T.);
#1595 = SURFACE_CURVE('',#1596,(#1600,#1607),.PCURVE_S1.);
#1596 = LINE('',#1597,#1598);
#1597 = CARTESIAN_POINT('',(0.75,15.55,-0.61));
#1598 = VECTOR('',#1599,1.);
#1599 = DIRECTION('',(0.,0.,1.));
#1600 = PCURVE('',#655,#1601);
#1601 = DEFINITIONAL_REPRESENTATION('',(#1602),#1606);
#1602 = LINE('',#1603,#1604);
#1603 = CARTESIAN_POINT('',(8.05,0.));
#1604 = VECTOR('',#1605,1.);
#1605 = DIRECTION('',(0.,-1.));
#1606 = ( GEOMETRIC_REPRESENTATION_CONTEXT(2) 
PARAMETRIC_REPRESENTATION_CONTEXT() REPRESENTATION_CONTEXT('2D SPACE',''
  ) );
#1607 = PCURVE('',#628,#1608);
#1608 = DEFINITIONAL_REPRESENTATION('',(#1609),#1613);
#1609 = LINE('',#1610,#1611);
#1610 = CARTESIAN_POINT('',(0.,0.));
#1611 = VECTOR('',#1612,1.);
#1612 = DIRECTION('',(0.,-1.));
#1613 = ( GEOMETRIC_REPRESENTATION_CONTEXT(2) 
PARAMETRIC_REPRESENTATION_CONTEXT() REPRESENTATION_CONTEXT('2D SPACE',''
  ) );
#1614 = ADVANCED_FACE('',(#1615),#628,.T.);
#1615 = FACE_BOUND('',#1616,.T.);
#1616 = EDGE_LOOP('',(#1617,#1636,#1637,#1638));
#1617 = ORIENTED_EDGE('',*,*,#1618,.F.);
#1618 = EDGE_CURVE('',#585,#1070,#1619,.T.);
#1619 = SURFACE_CURVE('',#1620,(#1624,#1630),.PCURVE_S1.);
#1620 = LINE('',#1621,#1622);
#1621 = CARTESIAN_POINT('',(0.75,8.12,-0.605));
#1622 = VECTOR('',#1623,1.);
#1623 = DIRECTION('',(0.,-0.,1.));
#1624 = PCURVE('',#628,#1625);
#1625 = DEFINITIONAL_REPRESENTATION('',(#1626),#1629);
#1626 = B_SPLINE_CURVE_WITH_KNOTS('',1,(#1627,#1628),.UNSPECIFIED.,.F.,
  .F.,(2,2),(5.E-03,0.605),.PIECEWISE_BEZIER_KNOTS.);
#1627 = CARTESIAN_POINT('',(7.43,-1.E-02));
#1628 = CARTESIAN_POINT('',(7.43,-0.61));
#1629 = ( GEOMETRIC_REPRESENTATION_CONTEXT(2) 
PARAMETRIC_REPRESENTATION_CONTEXT() REPRESENTATION_CONTEXT('2D SPACE',''
  ) );
#1630 = PCURVE('',#600,#1631);
#1631 = DEFINITIONAL_REPRESENTATION('',(#1632),#1635);
#1632 = B_SPLINE_CURVE_WITH_KNOTS('',1,(#1633,#1634),.UNSPECIFIED.,.F.,
  .F.,(2,2),(5.E-03,0.605),.PIECEWISE_BEZIER_KNOTS.);
#1633 = CARTESIAN_POINT('',(0.,0.7));
#1634 = CARTESIAN_POINT('',(0.6,0.7));
#1635 = ( GEOMETRIC_REPRESENTATION_CONTEXT(2) 
PARAMETRIC_REPRESENTATION_CONTEXT() REPRESENTATION_CONTEXT('2D SPACE',''
  ) );
#1636 = ORIENTED_EDGE('',*,*,#612,.T.);
#1637 = ORIENTED_EDGE('',*,*,#1594,.T.);
#1638 = ORIENTED_EDGE('',*,*,#1092,.F.);
#1639 = ADVANCED_FACE('',(#1640),#765,.T.);
#1640 = FACE_BOUND('',#1641,.T.);
#1641 = EDGE_LOOP('',(#1642,#1663,#1664,#1683));
#1642 = ORIENTED_EDGE('',*,*,#1643,.F.);
#1643 = EDGE_CURVE('',#748,#1203,#1644,.T.);
#1644 = SURFACE_CURVE('',#1645,(#1649,#1656),.PCURVE_S1.);
#1645 = LINE('',#1646,#1647);
#1646 = CARTESIAN_POINT('',(3.87185996248,0.75,-0.61));
#1647 = VECTOR('',#1648,1.);
#1648 = DIRECTION('',(0.,0.,1.));
#1649 = PCURVE('',#765,#1650);
#1650 = DEFINITIONAL_REPRESENTATION('',(#1651),#1655);
#1651 = LINE('',#1652,#1653);
#1652 = CARTESIAN_POINT('',(7.325353233804,0.));
#1653 = VECTOR('',#1654,1.);
#1654 = DIRECTION('',(0.,-1.));
#1655 = ( GEOMETRIC_REPRESENTATION_CONTEXT(2) 
PARAMETRIC_REPRESENTATION_CONTEXT() REPRESENTATION_CONTEXT('2D SPACE',''
  ) );
#1656 = PCURVE('',#845,#1657);
#1657 = DEFINITIONAL_REPRESENTATION('',(#1658),#1662);
#1658 = LINE('',#1659,#1660);
#1659 = CARTESIAN_POINT('',(0.,0.));
#1660 = VECTOR('',#1661,1.);
#1661 = DIRECTION('',(0.,-1.));
#1662 = ( GEOMETRIC_REPRESENTATION_CONTEXT(2) 
PARAMETRIC_REPRESENTATION_CONTEXT() REPRESENTATION_CONTEXT('2D SPACE',''
  ) );
#1663 = ORIENTED_EDGE('',*,*,#747,.T.);
#1664 = ORIENTED_EDGE('',*,*,#1665,.T.);
#1665 = EDGE_CURVE('',#750,#1205,#1666,.T.);
#1666 = SURFACE_CURVE('',#1667,(#1671,#1677),.PCURVE_S1.);
#1667 = LINE('',#1668,#1669);
#1668 = CARTESIAN_POINT('',(3.632023896906,7.02,-0.605));
#1669 = VECTOR('',#1670,1.);
#1670 = DIRECTION('',(0.,-0.,1.));
#1671 = PCURVE('',#765,#1672);
#1672 = DEFINITIONAL_REPRESENTATION('',(#1673),#1676);
#1673 = B_SPLINE_CURVE_WITH_KNOTS('',1,(#1674,#1675),.UNSPECIFIED.,.F.,
  .F.,(2,2),(5.E-03,0.605),.PIECEWISE_BEZIER_KNOTS.);
#1674 = CARTESIAN_POINT('',(1.050767881898,-1.E-02));
#1675 = CARTESIAN_POINT('',(1.050767881898,-0.61));
#1676 = ( GEOMETRIC_REPRESENTATION_CONTEXT(2) 
PARAMETRIC_REPRESENTATION_CONTEXT() REPRESENTATION_CONTEXT('2D SPACE',''
  ) );
#1677 = PCURVE('',#792,#1678);
#1678 = DEFINITIONAL_REPRESENTATION('',(#1679),#1682);
#1679 = B_SPLINE_CURVE_WITH_KNOTS('',1,(#1680,#1681),.UNSPECIFIED.,.F.,
  .F.,(2,2),(5.E-03,0.605),.PIECEWISE_BEZIER_KNOTS.);
#1680 = CARTESIAN_POINT('',(0.,3.582023896906));
#1681 = CARTESIAN_POINT('',(0.6,3.582023896906));
#1682 = ( GEOMETRIC_REPRESENTATION_CONTEXT(2) 
PARAMETRIC_REPRESENTATION_CONTEXT() REPRESENTATION_CONTEXT('2D SPACE',''
  ) );
#1683 = ORIENTED_EDGE('',*,*,#1202,.F.);
#1684 = ADVANCED_FACE('',(#1685),#845,.T.);
#1685 = FACE_BOUND('',#1686,.T.);
#1686 = EDGE_LOOP('',(#1687,#1688,#1689,#1690));
#1687 = ORIENTED_EDGE('',*,*,#831,.T.);
#1688 = ORIENTED_EDGE('',*,*,#1643,.T.);
#1689 = ORIENTED_EDGE('',*,*,#1271,.F.);
#1690 = ORIENTED_EDGE('',*,*,#1691,.F.);
#1691 = EDGE_CURVE('',#805,#1250,#1692,.T.);
#1692 = SURFACE_CURVE('',#1693,(#1697,#1704),.PCURVE_S1.);
#1693 = LINE('',#1694,#1695);
#1694 = CARTESIAN_POINT('',(8.8,0.75,-0.61));
#1695 = VECTOR('',#1696,1.);
#1696 = DIRECTION('',(0.,0.,1.));
#1697 = PCURVE('',#845,#1698);
#1698 = DEFINITIONAL_REPRESENTATION('',(#1699),#1703);
#1699 = LINE('',#1700,#1701);
#1700 = CARTESIAN_POINT('',(4.92814003752,0.));
#1701 = VECTOR('',#1702,1.);
#1702 = DIRECTION('',(0.,-1.));
#1703 = ( GEOMETRIC_REPRESENTATION_CONTEXT(2) 
PARAMETRIC_REPRESENTATION_CONTEXT() REPRESENTATION_CONTEXT('2D SPACE',''
  ) );
#1704 = PCURVE('',#820,#1705);
#1705 = DEFINITIONAL_REPRESENTATION('',(#1706),#1710);
#1706 = LINE('',#1707,#1708);
#1707 = CARTESIAN_POINT('',(0.,0.));
#1708 = VECTOR('',#1709,1.);
#1709 = DIRECTION('',(0.,-1.));
#1710 = ( GEOMETRIC_REPRESENTATION_CONTEXT(2) 
PARAMETRIC_REPRESENTATION_CONTEXT() REPRESENTATION_CONTEXT('2D SPACE',''
  ) );
#1711 = ADVANCED_FACE('',(#1712),#820,.T.);
#1712 = FACE_BOUND('',#1713,.T.);
#1713 = EDGE_LOOP('',(#1714,#1733,#1734,#1735));
#1714 = ORIENTED_EDGE('',*,*,#1715,.T.);
#1715 = EDGE_CURVE('',#1227,#777,#1716,.T.);
#1716 = SURFACE_CURVE('',#1717,(#1721,#1727),.PCURVE_S1.);
#1717 = LINE('',#1718,#1719);
#1718 = CARTESIAN_POINT('',(8.8,7.02,-0.605));
#1719 = VECTOR('',#1720,1.);
#1720 = DIRECTION('',(0.,0.,-1.));
#1721 = PCURVE('',#820,#1722);
#1722 = DEFINITIONAL_REPRESENTATION('',(#1723),#1726);
#1723 = B_SPLINE_CURVE_WITH_KNOTS('',1,(#1724,#1725),.UNSPECIFIED.,.F.,
  .F.,(2,2),(-0.605,-5.E-03),.PIECEWISE_BEZIER_KNOTS.);
#1724 = CARTESIAN_POINT('',(6.27,-0.61));
#1725 = CARTESIAN_POINT('',(6.27,-1.E-02));
#1726 = ( GEOMETRIC_REPRESENTATION_CONTEXT(2) 
PARAMETRIC_REPRESENTATION_CONTEXT() REPRESENTATION_CONTEXT('2D SPACE',''
  ) );
#1727 = PCURVE('',#792,#1728);
#1728 = DEFINITIONAL_REPRESENTATION('',(#1729),#1732);
#1729 = B_SPLINE_CURVE_WITH_KNOTS('',1,(#1730,#1731),.UNSPECIFIED.,.F.,
  .F.,(2,2),(-0.605,-5.E-03),.PIECEWISE_BEZIER_KNOTS.);
#1730 = CARTESIAN_POINT('',(0.6,8.75));
#1731 = CARTESIAN_POINT('',(0.,8.75));
#1732 = ( GEOMETRIC_REPRESENTATION_CONTEXT(2) 
PARAMETRIC_REPRESENTATION_CONTEXT() REPRESENTATION_CONTEXT('2D SPACE',''
  ) );
#1733 = ORIENTED_EDGE('',*,*,#804,.T.);
#1734 = ORIENTED_EDGE('',*,*,#1691,.T.);
#1735 = ORIENTED_EDGE('',*,*,#1249,.F.);
#1736 = ADVANCED_FACE('',(#1737),#573,.T.);
#1737 = FACE_BOUND('',#1738,.T.);
#1738 = EDGE_LOOP('',(#1739,#1740,#1741,#1760));
#1739 = ORIENTED_EDGE('',*,*,#1464,.F.);
#1740 = ORIENTED_EDGE('',*,*,#557,.T.);
#1741 = ORIENTED_EDGE('',*,*,#1742,.F.);
#1742 = EDGE_CURVE('',#1048,#558,#1743,.T.);
#1743 = SURFACE_CURVE('',#1744,(#1748,#1754),.PCURVE_S1.);
#1744 = LINE('',#1745,#1746);
#1745 = CARTESIAN_POINT('',(8.8,8.12,-0.605));
#1746 = VECTOR('',#1747,1.);
#1747 = DIRECTION('',(0.,0.,-1.));
#1748 = PCURVE('',#573,#1749);
#1749 = DEFINITIONAL_REPRESENTATION('',(#1750),#1753);
#1750 = B_SPLINE_CURVE_WITH_KNOTS('',1,(#1751,#1752),.UNSPECIFIED.,.F.,
  .F.,(2,2),(-0.605,-5.E-03),.PIECEWISE_BEZIER_KNOTS.);
#1751 = CARTESIAN_POINT('',(7.37,-0.61));
#1752 = CARTESIAN_POINT('',(7.37,-1.E-02));
#1753 = ( GEOMETRIC_REPRESENTATION_CONTEXT(2) 
PARAMETRIC_REPRESENTATION_CONTEXT() REPRESENTATION_CONTEXT('2D SPACE',''
  ) );
#1754 = PCURVE('',#600,#1755);
#1755 = DEFINITIONAL_REPRESENTATION('',(#1756),#1759);
#1756 = B_SPLINE_CURVE_WITH_KNOTS('',1,(#1757,#1758),.UNSPECIFIED.,.F.,
  .F.,(2,2),(-0.605,-5.E-03),.PIECEWISE_BEZIER_KNOTS.);
#1757 = CARTESIAN_POINT('',(0.6,8.75));
#1758 = CARTESIAN_POINT('',(0.,8.75));
#1759 = ( GEOMETRIC_REPRESENTATION_CONTEXT(2) 
PARAMETRIC_REPRESENTATION_CONTEXT() REPRESENTATION_CONTEXT('2D SPACE',''
  ) );
#1760 = ORIENTED_EDGE('',*,*,#1047,.F.);
#1761 = ADVANCED_FACE('',(#1762),#600,.T.);
#1762 = FACE_BOUND('',#1763,.T.);
#1763 = EDGE_LOOP('',(#1764,#1765,#1766,#1767));
#1764 = ORIENTED_EDGE('',*,*,#584,.F.);
#1765 = ORIENTED_EDGE('',*,*,#1618,.T.);
#1766 = ORIENTED_EDGE('',*,*,#1069,.T.);
#1767 = ORIENTED_EDGE('',*,*,#1742,.T.);
#1768 = ADVANCED_FACE('',(#1769),#792,.F.);
#1769 = FACE_BOUND('',#1770,.F.);
#1770 = EDGE_LOOP('',(#1771,#1772,#1773,#1774));
#1771 = ORIENTED_EDGE('',*,*,#776,.F.);
#1772 = ORIENTED_EDGE('',*,*,#1665,.T.);
#1773 = ORIENTED_EDGE('',*,*,#1226,.T.);
#1774 = ORIENTED_EDGE('',*,*,#1715,.T.);
#1775 = ( GEOMETRIC_REPRESENTATION_CONTEXT(3) 
GLOBAL_UNCERTAINTY_ASSIGNED_CONTEXT((#1779)) 
GLOBAL_UNIT_ASSIGNED_CONTEXT((#1776,#1777,#1778)) REPRESENTATION_CONTEXT
('Context #1','3D Context with UNIT and UNCERTAINTY') );
#1776 = ( LENGTH_UNIT() NAMED_UNIT(*) SI_UNIT(.MILLI.,.METRE.) );
#1777 = ( NAMED_UNIT(*) PLANE_ANGLE_UNIT() SI_UNIT($,.RADIAN.) );
#1778 = ( NAMED_UNIT(*) SI_UNIT($,.STERADIAN.) SOLID_ANGLE_UNIT() );
#1779 = UNCERTAINTY_MEASURE_WITH_UNIT(LENGTH_MEASURE(1.E-07),#1776,
  'distance_accuracy_value','confusion accuracy');
#1780 = CONTEXT_DEPENDENT_SHAPE_REPRESENTATION(#1781,#1783);
#1781 = ( REPRESENTATION_RELATIONSHIP('','',#60,#10) 
REPRESENTATION_RELATIONSHIP_WITH_TRANSFORMATION(#1782) 
SHAPE_REPRESENTATION_RELATIONSHIP() );
#1782 = ITEM_DEFINED_TRANSFORMATION('','',#11,#15);
#1783 = PRODUCT_DEFINITION_SHAPE('Placement','Placement of an item',
  #1784);
#1784 = NEXT_ASSEMBLY_USAGE_OCCURRENCE('1','cimentacion','',#5,#55,$);
#1785 = PRODUCT_RELATED_PRODUCT_CATEGORY('part',$,(#57));
#1786 = SHAPE_DEFINITION_REPRESENTATION(#1787,#1793);
#1787 = PRODUCT_DEFINITION_SHAPE('','',#1788);
#1788 = PRODUCT_DEFINITION('design','',#1789,#1792);
#1789 = PRODUCT_DEFINITION_FORMATION('','',#1790);
#1790 = PRODUCT('muros_PB','muros_PB','',(#1791));
#1791 = PRODUCT_CONTEXT('',#2,'mechanical');
#1792 = PRODUCT_DEFINITION_CONTEXT('part definition',#2,'design');
#1793 = ADVANCED_BREP_SHAPE_REPRESENTATION('',(#11,#1794),#3924);
#1794 = MANIFOLD_SOLID_BREP('',#1795);
#1795 = CLOSED_SHELL('',(#1796,#2123,#2693,#2740,#2787,#2812,#2861,#3260
    ,#3287,#3356,#3403,#3450,#3475,#3502,#3529,#3556,#3583,#3610,#3637,
    #3644,#3701,#3728,#3755,#3782,#3809,#3836,#3863,#3890,#3917));
#1796 = ADVANCED_FACE('',(#1797,#2017),#1811,.F.);
#1797 = FACE_BOUND('',#1798,.F.);
#1798 = EDGE_LOOP('',(#1799,#1834,#1862,#1890,#1918,#1941,#1967,#1993));
#1799 = ORIENTED_EDGE('',*,*,#1800,.F.);
#1800 = EDGE_CURVE('',#1801,#1803,#1805,.T.);
#1801 = VERTEX_POINT('',#1802);
#1802 = CARTESIAN_POINT('',(3.15,0.,0.));
#1803 = VERTEX_POINT('',#1804);
#1804 = CARTESIAN_POINT('',(8.05,0.,0.));
#1805 = SURFACE_CURVE('',#1806,(#1810,#1822),.PCURVE_S1.);
#1806 = LINE('',#1807,#1808);
#1807 = CARTESIAN_POINT('',(3.15,0.,0.));
#1808 = VECTOR('',#1809,1.);
#1809 = DIRECTION('',(1.,0.,0.));
#1810 = PCURVE('',#1811,#1816);
#1811 = PLANE('',#1812);
#1812 = AXIS2_PLACEMENT_3D('',#1813,#1814,#1815);
#1813 = CARTESIAN_POINT('',(3.15,0.,0.));
#1814 = DIRECTION('',(0.,1.,0.));
#1815 = DIRECTION('',(1.,0.,0.));
#1816 = DEFINITIONAL_REPRESENTATION('',(#1817),#1821);
#1817 = LINE('',#1818,#1819);
#1818 = CARTESIAN_POINT('',(0.,0.));
#1819 = VECTOR('',#1820,1.);
#1820 = DIRECTION('',(1.,0.));
#1821 = ( GEOMETRIC_REPRESENTATION_CONTEXT(2) 
PARAMETRIC_REPRESENTATION_CONTEXT() REPRESENTATION_CONTEXT('2D SPACE',''
  ) );
#1822 = PCURVE('',#1823,#1828);
#1823 = PLANE('',#1824);
#1824 = AXIS2_PLACEMENT_3D('',#1825,#1826,#1827);
#1825 = CARTESIAN_POINT('',(5.863038408691,8.73070285966,0.));
#1826 = DIRECTION('',(0.,0.,1.));
#1827 = DIRECTION('',(1.,0.,-0.));
#1828 = DEFINITIONAL_REPRESENTATION('',(#1829),#1833);
#1829 = LINE('',#1830,#1831);
#1830 = CARTESIAN_POINT('',(-2.713038408691,-8.73070285966));
#1831 = VECTOR('',#1832,1.);
#1832 = DIRECTION('',(1.,0.));
#1833 = ( GEOMETRIC_REPRESENTATION_CONTEXT(2) 
PARAMETRIC_REPRESENTATION_CONTEXT() REPRESENTATION_CONTEXT('2D SPACE',''
  ) );
#1834 = ORIENTED_EDGE('',*,*,#1835,.T.);
#1835 = EDGE_CURVE('',#1801,#1836,#1838,.T.);
#1836 = VERTEX_POINT('',#1837);
#1837 = CARTESIAN_POINT('',(3.15,0.,3.01));
#1838 = SURFACE_CURVE('',#1839,(#1843,#1850),.PCURVE_S1.);
#1839 = LINE('',#1840,#1841);
#1840 = CARTESIAN_POINT('',(3.15,0.,0.));
#1841 = VECTOR('',#1842,1.);
#1842 = DIRECTION('',(0.,0.,1.));
#1843 = PCURVE('',#1811,#1844);
#1844 = DEFINITIONAL_REPRESENTATION('',(#1845),#1849);
#1845 = LINE('',#1846,#1847);
#1846 = CARTESIAN_POINT('',(0.,0.));
#1847 = VECTOR('',#1848,1.);
#1848 = DIRECTION('',(0.,-1.));
#1849 = ( GEOMETRIC_REPRESENTATION_CONTEXT(2) 
PARAMETRIC_REPRESENTATION_CONTEXT() REPRESENTATION_CONTEXT('2D SPACE',''
  ) );
#1850 = PCURVE('',#1851,#1856);
#1851 = PLANE('',#1852);
#1852 = AXIS2_PLACEMENT_3D('',#1853,#1854,#1855);
#1853 = CARTESIAN_POINT('',(2.87,7.32,0.));
#1854 = DIRECTION('',(0.999269218339,3.822341272335E-02,-0.));
#1855 = DIRECTION('',(3.822341272335E-02,-0.999269218339,0.));
#1856 = DEFINITIONAL_REPRESENTATION('',(#1857),#1861);
#1857 = LINE('',#1858,#1859);
#1858 = CARTESIAN_POINT('',(7.325353233804,0.));
#1859 = VECTOR('',#1860,1.);
#1860 = DIRECTION('',(0.,-1.));
#1861 = ( GEOMETRIC_REPRESENTATION_CONTEXT(2) 
PARAMETRIC_REPRESENTATION_CONTEXT() REPRESENTATION_CONTEXT('2D SPACE',''
  ) );
#1862 = ORIENTED_EDGE('',*,*,#1863,.T.);
#1863 = EDGE_CURVE('',#1836,#1864,#1866,.T.);
#1864 = VERTEX_POINT('',#1865);
#1865 = CARTESIAN_POINT('',(9.55,0.,3.01));
#1866 = SURFACE_CURVE('',#1867,(#1871,#1878),.PCURVE_S1.);
#1867 = LINE('',#1868,#1869);
#1868 = CARTESIAN_POINT('',(3.15,0.,3.01));
#1869 = VECTOR('',#1870,1.);
#1870 = DIRECTION('',(1.,0.,0.));
#1871 = PCURVE('',#1811,#1872);
#1872 = DEFINITIONAL_REPRESENTATION('',(#1873),#1877);
#1873 = LINE('',#1874,#1875);
#1874 = CARTESIAN_POINT('',(0.,-3.01));
#1875 = VECTOR('',#1876,1.);
#1876 = DIRECTION('',(1.,0.));
#1877 = ( GEOMETRIC_REPRESENTATION_CONTEXT(2) 
PARAMETRIC_REPRESENTATION_CONTEXT() REPRESENTATION_CONTEXT('2D SPACE',''
  ) );
#1878 = PCURVE('',#1879,#1884);
#1879 = PLANE('',#1880);
#1880 = AXIS2_PLACEMENT_3D('',#1881,#1882,#1883);
#1881 = CARTESIAN_POINT('',(5.863038408691,8.73070285966,3.01));
#1882 = DIRECTION('',(0.,0.,1.));
#1883 = DIRECTION('',(1.,0.,-0.));
#1884 = DEFINITIONAL_REPRESENTATION('',(#1885),#1889);
#1885 = LINE('',#1886,#1887);
#1886 = CARTESIAN_POINT('',(-2.713038408691,-8.73070285966));
#1887 = VECTOR('',#1888,1.);
#1888 = DIRECTION('',(1.,0.));
#1889 = ( GEOMETRIC_REPRESENTATION_CONTEXT(2) 
PARAMETRIC_REPRESENTATION_CONTEXT() REPRESENTATION_CONTEXT('2D SPACE',''
  ) );
#1890 = ORIENTED_EDGE('',*,*,#1891,.F.);
#1891 = EDGE_CURVE('',#1892,#1864,#1894,.T.);
#1892 = VERTEX_POINT('',#1893);
#1893 = CARTESIAN_POINT('',(9.55,0.,0.));
#1894 = SURFACE_CURVE('',#1895,(#1899,#1906),.PCURVE_S1.);
#1895 = LINE('',#1896,#1897);
#1896 = CARTESIAN_POINT('',(9.55,0.,0.));
#1897 = VECTOR('',#1898,1.);
#1898 = DIRECTION('',(0.,0.,1.));
#1899 = PCURVE('',#1811,#1900);
#1900 = DEFINITIONAL_REPRESENTATION('',(#1901),#1905);
#1901 = LINE('',#1902,#1903);
#1902 = CARTESIAN_POINT('',(6.4,0.));
#1903 = VECTOR('',#1904,1.);
#1904 = DIRECTION('',(0.,-1.));
#1905 = ( GEOMETRIC_REPRESENTATION_CONTEXT(2) 
PARAMETRIC_REPRESENTATION_CONTEXT() REPRESENTATION_CONTEXT('2D SPACE',''
  ) );
#1906 = PCURVE('',#1907,#1912);
#1907 = PLANE('',#1908);
#1908 = AXIS2_PLACEMENT_3D('',#1909,#1910,#1911);
#1909 = CARTESIAN_POINT('',(9.55,0.,0.));
#1910 = DIRECTION('',(-1.,0.,0.));
#1911 = DIRECTION('',(0.,1.,0.));
#1912 = DEFINITIONAL_REPRESENTATION('',(#1913),#1917);
#1913 = LINE('',#1914,#1915);
#1914 = CARTESIAN_POINT('',(0.,0.));
#1915 = VECTOR('',#1916,1.);
#1916 = DIRECTION('',(0.,-1.));
#1917 = ( GEOMETRIC_REPRESENTATION_CONTEXT(2) 
PARAMETRIC_REPRESENTATION_CONTEXT() REPRESENTATION_CONTEXT('2D SPACE',''
  ) );
#1918 = ORIENTED_EDGE('',*,*,#1919,.F.);
#1919 = EDGE_CURVE('',#1920,#1892,#1922,.T.);
#1920 = VERTEX_POINT('',#1921);
#1921 = CARTESIAN_POINT('',(8.95,0.,0.));
#1922 = SURFACE_CURVE('',#1923,(#1927,#1934),.PCURVE_S1.);
#1923 = LINE('',#1924,#1925);
#1924 = CARTESIAN_POINT('',(3.15,0.,0.));
#1925 = VECTOR('',#1926,1.);
#1926 = DIRECTION('',(1.,0.,0.));
#1927 = PCURVE('',#1811,#1928);
#1928 = DEFINITIONAL_REPRESENTATION('',(#1929),#1933);
#1929 = LINE('',#1930,#1931);
#1930 = CARTESIAN_POINT('',(0.,0.));
#1931 = VECTOR('',#1932,1.);
#1932 = DIRECTION('',(1.,0.));
#1933 = ( GEOMETRIC_REPRESENTATION_CONTEXT(2) 
PARAMETRIC_REPRESENTATION_CONTEXT() REPRESENTATION_CONTEXT('2D SPACE',''
  ) );
#1934 = PCURVE('',#1823,#1935);
#1935 = DEFINITIONAL_REPRESENTATION('',(#1936),#1940);
#1936 = LINE('',#1937,#1938);
#1937 = CARTESIAN_POINT('',(-2.713038408691,-8.73070285966));
#1938 = VECTOR('',#1939,1.);
#1939 = DIRECTION('',(1.,0.));
#1940 = ( GEOMETRIC_REPRESENTATION_CONTEXT(2) 
PARAMETRIC_REPRESENTATION_CONTEXT() REPRESENTATION_CONTEXT('2D SPACE',''
  ) );
#1941 = ORIENTED_EDGE('',*,*,#1942,.F.);
#1942 = EDGE_CURVE('',#1943,#1920,#1945,.T.);
#1943 = VERTEX_POINT('',#1944);
#1944 = CARTESIAN_POINT('',(8.95,0.,2.1));
#1945 = SURFACE_CURVE('',#1946,(#1950,#1956),.PCURVE_S1.);
#1946 = LINE('',#1947,#1948);
#1947 = CARTESIAN_POINT('',(8.95,0.,0.));
#1948 = VECTOR('',#1949,1.);
#1949 = DIRECTION('',(0.,0.,-1.));
#1950 = PCURVE('',#1811,#1951);
#1951 = DEFINITIONAL_REPRESENTATION('',(#1952),#1955);
#1952 = B_SPLINE_CURVE_WITH_KNOTS('',1,(#1953,#1954),.UNSPECIFIED.,.F.,
  .F.,(2,2),(-2.1,0.),.PIECEWISE_BEZIER_KNOTS.);
#1953 = CARTESIAN_POINT('',(5.8,-2.1));
#1954 = CARTESIAN_POINT('',(5.8,0.));
#1955 = ( GEOMETRIC_REPRESENTATION_CONTEXT(2) 
PARAMETRIC_REPRESENTATION_CONTEXT() REPRESENTATION_CONTEXT('2D SPACE',''
  ) );
#1956 = PCURVE('',#1957,#1962);
#1957 = PLANE('',#1958);
#1958 = AXIS2_PLACEMENT_3D('',#1959,#1960,#1961);
#1959 = CARTESIAN_POINT('',(8.95,-1.E-02,0.));
#1960 = DIRECTION('',(1.,0.,0.));
#1961 = DIRECTION('',(0.,0.,1.));
#1962 = DEFINITIONAL_REPRESENTATION('',(#1963),#1966);
#1963 = B_SPLINE_CURVE_WITH_KNOTS('',1,(#1964,#1965),.UNSPECIFIED.,.F.,
  .F.,(2,2),(-2.1,0.),.PIECEWISE_BEZIER_KNOTS.);
#1964 = CARTESIAN_POINT('',(2.1,-1.E-02));
#1965 = CARTESIAN_POINT('',(0.,-1.E-02));
#1966 = ( GEOMETRIC_REPRESENTATION_CONTEXT(2) 
PARAMETRIC_REPRESENTATION_CONTEXT() REPRESENTATION_CONTEXT('2D SPACE',''
  ) );
#1967 = ORIENTED_EDGE('',*,*,#1968,.F.);
#1968 = EDGE_CURVE('',#1969,#1943,#1971,.T.);
#1969 = VERTEX_POINT('',#1970);
#1970 = CARTESIAN_POINT('',(8.05,0.,2.1));
#1971 = SURFACE_CURVE('',#1972,(#1976,#1982),.PCURVE_S1.);
#1972 = LINE('',#1973,#1974);
#1973 = CARTESIAN_POINT('',(5.6,0.,2.1));
#1974 = VECTOR('',#1975,1.);
#1975 = DIRECTION('',(1.,0.,0.));
#1976 = PCURVE('',#1811,#1977);
#1977 = DEFINITIONAL_REPRESENTATION('',(#1978),#1981);
#1978 = B_SPLINE_CURVE_WITH_KNOTS('',1,(#1979,#1980),.UNSPECIFIED.,.F.,
  .F.,(2,2),(2.45,3.35),.PIECEWISE_BEZIER_KNOTS.);
#1979 = CARTESIAN_POINT('',(4.9,-2.1));
#1980 = CARTESIAN_POINT('',(5.8,-2.1));
#1981 = ( GEOMETRIC_REPRESENTATION_CONTEXT(2) 
PARAMETRIC_REPRESENTATION_CONTEXT() REPRESENTATION_CONTEXT('2D SPACE',''
  ) );
#1982 = PCURVE('',#1983,#1988);
#1983 = PLANE('',#1984);
#1984 = AXIS2_PLACEMENT_3D('',#1985,#1986,#1987);
#1985 = CARTESIAN_POINT('',(8.05,-1.E-02,2.1));
#1986 = DIRECTION('',(0.,0.,1.));
#1987 = DIRECTION('',(1.,0.,0.));
#1988 = DEFINITIONAL_REPRESENTATION('',(#1989),#1992);
#1989 = B_SPLINE_CURVE_WITH_KNOTS('',1,(#1990,#1991),.UNSPECIFIED.,.F.,
  .F.,(2,2),(2.45,3.35),.PIECEWISE_BEZIER_KNOTS.);
#1990 = CARTESIAN_POINT('',(0.,1.E-02));
#1991 = CARTESIAN_POINT('',(0.9,1.E-02));
#1992 = ( GEOMETRIC_REPRESENTATION_CONTEXT(2) 
PARAMETRIC_REPRESENTATION_CONTEXT() REPRESENTATION_CONTEXT('2D SPACE',''
  ) );
#1993 = ORIENTED_EDGE('',*,*,#1994,.T.);
#1994 = EDGE_CURVE('',#1969,#1803,#1995,.T.);
#1995 = SURFACE_CURVE('',#1996,(#2000,#2006),.PCURVE_S1.);
#1996 = LINE('',#1997,#1998);
#1997 = CARTESIAN_POINT('',(8.05,0.,0.));
#1998 = VECTOR('',#1999,1.);
#1999 = DIRECTION('',(0.,0.,-1.));
#2000 = PCURVE('',#1811,#2001);
#2001 = DEFINITIONAL_REPRESENTATION('',(#2002),#2005);
#2002 = B_SPLINE_CURVE_WITH_KNOTS('',1,(#2003,#2004),.UNSPECIFIED.,.F.,
  .F.,(2,2),(-2.1,0.),.PIECEWISE_BEZIER_KNOTS.);
#2003 = CARTESIAN_POINT('',(4.9,-2.1));
#2004 = CARTESIAN_POINT('',(4.9,0.));
#2005 = ( GEOMETRIC_REPRESENTATION_CONTEXT(2) 
PARAMETRIC_REPRESENTATION_CONTEXT() REPRESENTATION_CONTEXT('2D SPACE',''
  ) );
#2006 = PCURVE('',#2007,#2012);
#2007 = PLANE('',#2008);
#2008 = AXIS2_PLACEMENT_3D('',#2009,#2010,#2011);
#2009 = CARTESIAN_POINT('',(8.05,-1.E-02,0.));
#2010 = DIRECTION('',(1.,0.,0.));
#2011 = DIRECTION('',(0.,0.,1.));
#2012 = DEFINITIONAL_REPRESENTATION('',(#2013),#2016);
#2013 = B_SPLINE_CURVE_WITH_KNOTS('',1,(#2014,#2015),.UNSPECIFIED.,.F.,
  .F.,(2,2),(-2.1,0.),.PIECEWISE_BEZIER_KNOTS.);
#2014 = CARTESIAN_POINT('',(2.1,-1.E-02));
#2015 = CARTESIAN_POINT('',(0.,-1.E-02));
#2016 = ( GEOMETRIC_REPRESENTATION_CONTEXT(2) 
PARAMETRIC_REPRESENTATION_CONTEXT() REPRESENTATION_CONTEXT('2D SPACE',''
  ) );
#2017 = FACE_BOUND('',#2018,.F.);
#2018 = EDGE_LOOP('',(#2019,#2047,#2073,#2099));
#2019 = ORIENTED_EDGE('',*,*,#2020,.F.);
#2020 = EDGE_CURVE('',#2021,#2023,#2025,.T.);
#2021 = VERTEX_POINT('',#2022);
#2022 = CARTESIAN_POINT('',(3.55,0.,2.55));
#2023 = VERTEX_POINT('',#2024);
#2024 = CARTESIAN_POINT('',(7.75,0.,2.55));
#2025 = SURFACE_CURVE('',#2026,(#2030,#2036),.PCURVE_S1.);
#2026 = LINE('',#2027,#2028);
#2027 = CARTESIAN_POINT('',(3.35,0.,2.55));
#2028 = VECTOR('',#2029,1.);
#2029 = DIRECTION('',(1.,0.,0.));
#2030 = PCURVE('',#1811,#2031);
#2031 = DEFINITIONAL_REPRESENTATION('',(#2032),#2035);
#2032 = B_SPLINE_CURVE_WITH_KNOTS('',1,(#2033,#2034),.UNSPECIFIED.,.F.,
  .F.,(2,2),(0.2,4.4),.PIECEWISE_BEZIER_KNOTS.);
#2033 = CARTESIAN_POINT('',(0.4,-2.55));
#2034 = CARTESIAN_POINT('',(4.6,-2.55));
#2035 = ( GEOMETRIC_REPRESENTATION_CONTEXT(2) 
PARAMETRIC_REPRESENTATION_CONTEXT() REPRESENTATION_CONTEXT('2D SPACE',''
  ) );
#2036 = PCURVE('',#2037,#2042);
#2037 = PLANE('',#2038);
#2038 = AXIS2_PLACEMENT_3D('',#2039,#2040,#2041);
#2039 = CARTESIAN_POINT('',(3.55,-1.E-02,2.55));
#2040 = DIRECTION('',(0.,0.,1.));
#2041 = DIRECTION('',(1.,0.,0.));
#2042 = DEFINITIONAL_REPRESENTATION('',(#2043),#2046);
#2043 = B_SPLINE_CURVE_WITH_KNOTS('',1,(#2044,#2045),.UNSPECIFIED.,.F.,
  .F.,(2,2),(0.2,4.4),.PIECEWISE_BEZIER_KNOTS.);
#2044 = CARTESIAN_POINT('',(0.,1.E-02));
#2045 = CARTESIAN_POINT('',(4.2,1.E-02));
#2046 = ( GEOMETRIC_REPRESENTATION_CONTEXT(2) 
PARAMETRIC_REPRESENTATION_CONTEXT() REPRESENTATION_CONTEXT('2D SPACE',''
  ) );
#2047 = ORIENTED_EDGE('',*,*,#2048,.T.);
#2048 = EDGE_CURVE('',#2021,#2049,#2051,.T.);
#2049 = VERTEX_POINT('',#2050);
#2050 = CARTESIAN_POINT('',(3.55,0.,0.1));
#2051 = SURFACE_CURVE('',#2052,(#2056,#2062),.PCURVE_S1.);
#2052 = LINE('',#2053,#2054);
#2053 = CARTESIAN_POINT('',(3.55,0.,5.E-02));
#2054 = VECTOR('',#2055,1.);
#2055 = DIRECTION('',(0.,0.,-1.));
#2056 = PCURVE('',#1811,#2057);
#2057 = DEFINITIONAL_REPRESENTATION('',(#2058),#2061);
#2058 = B_SPLINE_CURVE_WITH_KNOTS('',1,(#2059,#2060),.UNSPECIFIED.,.F.,
  .F.,(2,2),(-2.5,-5.E-02),.PIECEWISE_BEZIER_KNOTS.);
#2059 = CARTESIAN_POINT('',(0.4,-2.55));
#2060 = CARTESIAN_POINT('',(0.4,-0.1));
#2061 = ( GEOMETRIC_REPRESENTATION_CONTEXT(2) 
PARAMETRIC_REPRESENTATION_CONTEXT() REPRESENTATION_CONTEXT('2D SPACE',''
  ) );
#2062 = PCURVE('',#2063,#2068);
#2063 = PLANE('',#2064);
#2064 = AXIS2_PLACEMENT_3D('',#2065,#2066,#2067);
#2065 = CARTESIAN_POINT('',(3.55,-1.E-02,0.1));
#2066 = DIRECTION('',(1.,0.,0.));
#2067 = DIRECTION('',(0.,0.,1.));
#2068 = DEFINITIONAL_REPRESENTATION('',(#2069),#2072);
#2069 = B_SPLINE_CURVE_WITH_KNOTS('',1,(#2070,#2071),.UNSPECIFIED.,.F.,
  .F.,(2,2),(-2.5,-5.E-02),.PIECEWISE_BEZIER_KNOTS.);
#2070 = CARTESIAN_POINT('',(2.45,-1.E-02));
#2071 = CARTESIAN_POINT('',(0.,-1.E-02));
#2072 = ( GEOMETRIC_REPRESENTATION_CONTEXT(2) 
PARAMETRIC_REPRESENTATION_CONTEXT() REPRESENTATION_CONTEXT('2D SPACE',''
  ) );
#2073 = ORIENTED_EDGE('',*,*,#2074,.T.);
#2074 = EDGE_CURVE('',#2049,#2075,#2077,.T.);
#2075 = VERTEX_POINT('',#2076);
#2076 = CARTESIAN_POINT('',(7.75,0.,0.1));
#2077 = SURFACE_CURVE('',#2078,(#2082,#2088),.PCURVE_S1.);
#2078 = LINE('',#2079,#2080);
#2079 = CARTESIAN_POINT('',(3.35,0.,0.1));
#2080 = VECTOR('',#2081,1.);
#2081 = DIRECTION('',(1.,0.,0.));
#2082 = PCURVE('',#1811,#2083);
#2083 = DEFINITIONAL_REPRESENTATION('',(#2084),#2087);
#2084 = B_SPLINE_CURVE_WITH_KNOTS('',1,(#2085,#2086),.UNSPECIFIED.,.F.,
  .F.,(2,2),(0.2,4.4),.PIECEWISE_BEZIER_KNOTS.);
#2085 = CARTESIAN_POINT('',(0.4,-0.1));
#2086 = CARTESIAN_POINT('',(4.6,-0.1));
#2087 = ( GEOMETRIC_REPRESENTATION_CONTEXT(2) 
PARAMETRIC_REPRESENTATION_CONTEXT() REPRESENTATION_CONTEXT('2D SPACE',''
  ) );
#2088 = PCURVE('',#2089,#2094);
#2089 = PLANE('',#2090);
#2090 = AXIS2_PLACEMENT_3D('',#2091,#2092,#2093);
#2091 = CARTESIAN_POINT('',(3.55,-1.E-02,0.1));
#2092 = DIRECTION('',(0.,0.,1.));
#2093 = DIRECTION('',(1.,0.,0.));
#2094 = DEFINITIONAL_REPRESENTATION('',(#2095),#2098);
#2095 = B_SPLINE_CURVE_WITH_KNOTS('',1,(#2096,#2097),.UNSPECIFIED.,.F.,
  .F.,(2,2),(0.2,4.4),.PIECEWISE_BEZIER_KNOTS.);
#2096 = CARTESIAN_POINT('',(0.,1.E-02));
#2097 = CARTESIAN_POINT('',(4.2,1.E-02));
#2098 = ( GEOMETRIC_REPRESENTATION_CONTEXT(2) 
PARAMETRIC_REPRESENTATION_CONTEXT() REPRESENTATION_CONTEXT('2D SPACE',''
  ) );
#2099 = ORIENTED_EDGE('',*,*,#2100,.F.);
#2100 = EDGE_CURVE('',#2023,#2075,#2101,.T.);
#2101 = SURFACE_CURVE('',#2102,(#2106,#2112),.PCURVE_S1.);
#2102 = LINE('',#2103,#2104);
#2103 = CARTESIAN_POINT('',(7.75,0.,5.E-02));
#2104 = VECTOR('',#2105,1.);
#2105 = DIRECTION('',(0.,0.,-1.));
#2106 = PCURVE('',#1811,#2107);
#2107 = DEFINITIONAL_REPRESENTATION('',(#2108),#2111);
#2108 = B_SPLINE_CURVE_WITH_KNOTS('',1,(#2109,#2110),.UNSPECIFIED.,.F.,
  .F.,(2,2),(-2.5,-5.E-02),.PIECEWISE_BEZIER_KNOTS.);
#2109 = CARTESIAN_POINT('',(4.6,-2.55));
#2110 = CARTESIAN_POINT('',(4.6,-0.1));
#2111 = ( GEOMETRIC_REPRESENTATION_CONTEXT(2) 
PARAMETRIC_REPRESENTATION_CONTEXT() REPRESENTATION_CONTEXT('2D SPACE',''
  ) );
#2112 = PCURVE('',#2113,#2118);
#2113 = PLANE('',#2114);
#2114 = AXIS2_PLACEMENT_3D('',#2115,#2116,#2117);
#2115 = CARTESIAN_POINT('',(7.75,-1.E-02,0.1));
#2116 = DIRECTION('',(1.,0.,0.));
#2117 = DIRECTION('',(0.,0.,1.));
#2118 = DEFINITIONAL_REPRESENTATION('',(#2119),#2122);
#2119 = B_SPLINE_CURVE_WITH_KNOTS('',1,(#2120,#2121),.UNSPECIFIED.,.F.,
  .F.,(2,2),(-2.5,-5.E-02),.PIECEWISE_BEZIER_KNOTS.);
#2120 = CARTESIAN_POINT('',(2.45,-1.E-02));
#2121 = CARTESIAN_POINT('',(0.,-1.E-02));
#2122 = ( GEOMETRIC_REPRESENTATION_CONTEXT(2) 
PARAMETRIC_REPRESENTATION_CONTEXT() REPRESENTATION_CONTEXT('2D SPACE',''
  ) );
#2123 = ADVANCED_FACE('',(#2124),#1823,.F.);
#2124 = FACE_BOUND('',#2125,.F.);
#2125 = EDGE_LOOP('',(#2126,#2149,#2150,#2173,#2199,#2225,#2251,#2277,
    #2303,#2329,#2355,#2381,#2407,#2433,#2454,#2475,#2476,#2499,#2527,
    #2555,#2583,#2611,#2639,#2667));
#2126 = ORIENTED_EDGE('',*,*,#2127,.T.);
#2127 = EDGE_CURVE('',#2128,#1801,#2130,.T.);
#2128 = VERTEX_POINT('',#2129);
#2129 = CARTESIAN_POINT('',(2.87,7.32,0.));
#2130 = SURFACE_CURVE('',#2131,(#2135,#2142),.PCURVE_S1.);
#2131 = LINE('',#2132,#2133);
#2132 = CARTESIAN_POINT('',(2.87,7.32,0.));
#2133 = VECTOR('',#2134,1.);
#2134 = DIRECTION('',(3.822341272335E-02,-0.999269218339,0.));
#2135 = PCURVE('',#1823,#2136);
#2136 = DEFINITIONAL_REPRESENTATION('',(#2137),#2141);
#2137 = LINE('',#2138,#2139);
#2138 = CARTESIAN_POINT('',(-2.993038408691,-1.41070285966));
#2139 = VECTOR('',#2140,1.);
#2140 = DIRECTION('',(3.822341272335E-02,-0.999269218339));
#2141 = ( GEOMETRIC_REPRESENTATION_CONTEXT(2) 
PARAMETRIC_REPRESENTATION_CONTEXT() REPRESENTATION_CONTEXT('2D SPACE',''
  ) );
#2142 = PCURVE('',#1851,#2143);
#2143 = DEFINITIONAL_REPRESENTATION('',(#2144),#2148);
#2144 = LINE('',#2145,#2146);
#2145 = CARTESIAN_POINT('',(0.,0.));
#2146 = VECTOR('',#2147,1.);
#2147 = DIRECTION('',(1.,0.));
#2148 = ( GEOMETRIC_REPRESENTATION_CONTEXT(2) 
PARAMETRIC_REPRESENTATION_CONTEXT() REPRESENTATION_CONTEXT('2D SPACE',''
  ) );
#2149 = ORIENTED_EDGE('',*,*,#1800,.T.);
#2150 = ORIENTED_EDGE('',*,*,#2151,.T.);
#2151 = EDGE_CURVE('',#1803,#2152,#2154,.T.);
#2152 = VERTEX_POINT('',#2153);
#2153 = CARTESIAN_POINT('',(8.05,0.4,0.));
#2154 = SURFACE_CURVE('',#2155,(#2159,#2166),.PCURVE_S1.);
#2155 = LINE('',#2156,#2157);
#2156 = CARTESIAN_POINT('',(8.05,-1.E-02,0.));
#2157 = VECTOR('',#2158,1.);
#2158 = DIRECTION('',(0.,1.,0.));
#2159 = PCURVE('',#1823,#2160);
#2160 = DEFINITIONAL_REPRESENTATION('',(#2161),#2165);
#2161 = LINE('',#2162,#2163);
#2162 = CARTESIAN_POINT('',(2.186961591309,-8.74070285966));
#2163 = VECTOR('',#2164,1.);
#2164 = DIRECTION('',(0.,1.));
#2165 = ( GEOMETRIC_REPRESENTATION_CONTEXT(2) 
PARAMETRIC_REPRESENTATION_CONTEXT() REPRESENTATION_CONTEXT('2D SPACE',''
  ) );
#2166 = PCURVE('',#2007,#2167);
#2167 = DEFINITIONAL_REPRESENTATION('',(#2168),#2172);
#2168 = LINE('',#2169,#2170);
#2169 = CARTESIAN_POINT('',(0.,0.));
#2170 = VECTOR('',#2171,1.);
#2171 = DIRECTION('',(0.,-1.));
#2172 = ( GEOMETRIC_REPRESENTATION_CONTEXT(2) 
PARAMETRIC_REPRESENTATION_CONTEXT() REPRESENTATION_CONTEXT('2D SPACE',''
  ) );
#2173 = ORIENTED_EDGE('',*,*,#2174,.T.);
#2174 = EDGE_CURVE('',#2152,#2175,#2177,.T.);
#2175 = VERTEX_POINT('',#2176);
#2176 = CARTESIAN_POINT('',(3.534991979989,0.4,0.));
#2177 = SURFACE_CURVE('',#2178,(#2182,#2188),.PCURVE_S1.);
#2178 = LINE('',#2179,#2180);
#2179 = CARTESIAN_POINT('',(4.69901519434,0.4,0.));
#2180 = VECTOR('',#2181,1.);
#2181 = DIRECTION('',(-1.,0.,0.));
#2182 = PCURVE('',#1823,#2183);
#2183 = DEFINITIONAL_REPRESENTATION('',(#2184),#2187);
#2184 = B_SPLINE_CURVE_WITH_KNOTS('',1,(#2185,#2186),.UNSPECIFIED.,.F.,
  .F.,(2,2),(-4.45098480566,1.164023214351),.PIECEWISE_BEZIER_KNOTS.);
#2185 = CARTESIAN_POINT('',(3.286961591309,-8.33070285966));
#2186 = CARTESIAN_POINT('',(-2.328046428702,-8.33070285966));
#2187 = ( GEOMETRIC_REPRESENTATION_CONTEXT(2) 
PARAMETRIC_REPRESENTATION_CONTEXT() REPRESENTATION_CONTEXT('2D SPACE',''
  ) );
#2188 = PCURVE('',#2189,#2194);
#2189 = PLANE('',#2190);
#2190 = AXIS2_PLACEMENT_3D('',#2191,#2192,#2193);
#2191 = CARTESIAN_POINT('',(3.534991979989,0.4,-1.E-02));
#2192 = DIRECTION('',(0.,1.,0.));
#2193 = DIRECTION('',(1.,0.,0.));
#2194 = DEFINITIONAL_REPRESENTATION('',(#2195),#2198);
#2195 = B_SPLINE_CURVE_WITH_KNOTS('',1,(#2196,#2197),.UNSPECIFIED.,.F.,
  .F.,(2,2),(-4.45098480566,1.164023214351),.PIECEWISE_BEZIER_KNOTS.);
#2196 = CARTESIAN_POINT('',(5.615008020011,-1.E-02));
#2197 = CARTESIAN_POINT('',(0.,-1.E-02));
#2198 = ( GEOMETRIC_REPRESENTATION_CONTEXT(2) 
PARAMETRIC_REPRESENTATION_CONTEXT() REPRESENTATION_CONTEXT('2D SPACE',''
  ) );
#2199 = ORIENTED_EDGE('',*,*,#2200,.T.);
#2200 = EDGE_CURVE('',#2175,#2201,#2203,.T.);
#2201 = VERTEX_POINT('',#2202);
#2202 = CARTESIAN_POINT('',(3.254991979989,7.72,0.));
#2203 = SURFACE_CURVE('',#2204,(#2208,#2214),.PCURVE_S1.);
#2204 = LINE('',#2205,#2206);
#2205 = CARTESIAN_POINT('',(3.237595055781,8.174805304312,
    8.673617379884E-19));
#2206 = VECTOR('',#2207,1.);
#2207 = DIRECTION('',(-3.822341272335E-02,0.999269218339,0.));
#2208 = PCURVE('',#1823,#2209);
#2209 = DEFINITIONAL_REPRESENTATION('',(#2210),#2213);
#2210 = B_SPLINE_CURVE_WITH_KNOTS('',1,(#2211,#2212),.UNSPECIFIED.,.F.,
  .F.,(2,2),(-7.780491144554,-0.45513791075),.PIECEWISE_BEZIER_KNOTS.);
#2211 = CARTESIAN_POINT('',(-2.328046428702,-8.33070285966));
#2212 = CARTESIAN_POINT('',(-2.608046428702,-1.01070285966));
#2213 = ( GEOMETRIC_REPRESENTATION_CONTEXT(2) 
PARAMETRIC_REPRESENTATION_CONTEXT() REPRESENTATION_CONTEXT('2D SPACE',''
  ) );
#2214 = PCURVE('',#2215,#2220);
#2215 = PLANE('',#2216);
#2216 = AXIS2_PLACEMENT_3D('',#2217,#2218,#2219);
#2217 = CARTESIAN_POINT('',(3.254991979989,7.72,-1.E-02));
#2218 = DIRECTION('',(0.999269218339,3.822341272335E-02,-0.));
#2219 = DIRECTION('',(3.822341272335E-02,-0.999269218339,0.));
#2220 = DEFINITIONAL_REPRESENTATION('',(#2221),#2224);
#2221 = B_SPLINE_CURVE_WITH_KNOTS('',1,(#2222,#2223),.UNSPECIFIED.,.F.,
  .F.,(2,2),(-7.780491144554,-0.45513791075),.PIECEWISE_BEZIER_KNOTS.);
#2222 = CARTESIAN_POINT('',(7.325353233804,-1.E-02));
#2223 = CARTESIAN_POINT('',(-8.881784197001E-16,-1.E-02));
#2224 = ( GEOMETRIC_REPRESENTATION_CONTEXT(2) 
PARAMETRIC_REPRESENTATION_CONTEXT() REPRESENTATION_CONTEXT('2D SPACE',''
  ) );
#2225 = ORIENTED_EDGE('',*,*,#2226,.T.);
#2226 = EDGE_CURVE('',#2201,#2227,#2229,.T.);
#2227 = VERTEX_POINT('',#2228);
#2228 = CARTESIAN_POINT('',(0.4,7.72,0.));
#2229 = SURFACE_CURVE('',#2230,(#2234,#2240),.PCURVE_S1.);
#2230 = LINE('',#2231,#2232);
#2231 = CARTESIAN_POINT('',(3.131519204346,7.72,0.));
#2232 = VECTOR('',#2233,1.);
#2233 = DIRECTION('',(-1.,0.,0.));
#2234 = PCURVE('',#1823,#2235);
#2235 = DEFINITIONAL_REPRESENTATION('',(#2236),#2239);
#2236 = B_SPLINE_CURVE_WITH_KNOTS('',1,(#2237,#2238),.UNSPECIFIED.,.F.,
  .F.,(2,2),(-0.123472775644,2.731519204346),.PIECEWISE_BEZIER_KNOTS.);
#2237 = CARTESIAN_POINT('',(-2.608046428702,-1.01070285966));
#2238 = CARTESIAN_POINT('',(-5.463038408691,-1.01070285966));
#2239 = ( GEOMETRIC_REPRESENTATION_CONTEXT(2) 
PARAMETRIC_REPRESENTATION_CONTEXT() REPRESENTATION_CONTEXT('2D SPACE',''
  ) );
#2240 = PCURVE('',#2241,#2246);
#2241 = PLANE('',#2242);
#2242 = AXIS2_PLACEMENT_3D('',#2243,#2244,#2245);
#2243 = CARTESIAN_POINT('',(0.4,7.72,-1.E-02));
#2244 = DIRECTION('',(0.,1.,0.));
#2245 = DIRECTION('',(1.,0.,0.));
#2246 = DEFINITIONAL_REPRESENTATION('',(#2247),#2250);
#2247 = B_SPLINE_CURVE_WITH_KNOTS('',1,(#2248,#2249),.UNSPECIFIED.,.F.,
  .F.,(2,2),(-0.123472775644,2.731519204346),.PIECEWISE_BEZIER_KNOTS.);
#2248 = CARTESIAN_POINT('',(2.854991979989,-1.E-02));
#2249 = CARTESIAN_POINT('',(0.,-1.E-02));
#2250 = ( GEOMETRIC_REPRESENTATION_CONTEXT(2) 
PARAMETRIC_REPRESENTATION_CONTEXT() REPRESENTATION_CONTEXT('2D SPACE',''
  ) );
#2251 = ORIENTED_EDGE('',*,*,#2252,.T.);
#2252 = EDGE_CURVE('',#2227,#2253,#2255,.T.);
#2253 = VERTEX_POINT('',#2254);
#2254 = CARTESIAN_POINT('',(0.4,15.9,0.));
#2255 = SURFACE_CURVE('',#2256,(#2260,#2266),.PCURVE_S1.);
#2256 = LINE('',#2257,#2258);
#2257 = CARTESIAN_POINT('',(0.4,12.31535142983,0.));
#2258 = VECTOR('',#2259,1.);
#2259 = DIRECTION('',(-0.,1.,0.));
#2260 = PCURVE('',#1823,#2261);
#2261 = DEFINITIONAL_REPRESENTATION('',(#2262),#2265);
#2262 = B_SPLINE_CURVE_WITH_KNOTS('',1,(#2263,#2264),.UNSPECIFIED.,.F.,
  .F.,(2,2),(-4.59535142983,3.58464857017),.PIECEWISE_BEZIER_KNOTS.);
#2263 = CARTESIAN_POINT('',(-5.463038408691,-1.01070285966));
#2264 = CARTESIAN_POINT('',(-5.463038408691,7.16929714034));
#2265 = ( GEOMETRIC_REPRESENTATION_CONTEXT(2) 
PARAMETRIC_REPRESENTATION_CONTEXT() REPRESENTATION_CONTEXT('2D SPACE',''
  ) );
#2266 = PCURVE('',#2267,#2272);
#2267 = PLANE('',#2268);
#2268 = AXIS2_PLACEMENT_3D('',#2269,#2270,#2271);
#2269 = CARTESIAN_POINT('',(0.4,15.9,-1.E-02));
#2270 = DIRECTION('',(1.,0.,-0.));
#2271 = DIRECTION('',(0.,-1.,0.));
#2272 = DEFINITIONAL_REPRESENTATION('',(#2273),#2276);
#2273 = B_SPLINE_CURVE_WITH_KNOTS('',1,(#2274,#2275),.UNSPECIFIED.,.F.,
  .F.,(2,2),(-4.59535142983,3.58464857017),.PIECEWISE_BEZIER_KNOTS.);
#2274 = CARTESIAN_POINT('',(8.18,-1.E-02));
#2275 = CARTESIAN_POINT('',(0.,-1.E-02));
#2276 = ( GEOMETRIC_REPRESENTATION_CONTEXT(2) 
PARAMETRIC_REPRESENTATION_CONTEXT() REPRESENTATION_CONTEXT('2D SPACE',''
  ) );
#2277 = ORIENTED_EDGE('',*,*,#2278,.T.);
#2278 = EDGE_CURVE('',#2253,#2279,#2281,.T.);
#2279 = VERTEX_POINT('',#2280);
#2280 = CARTESIAN_POINT('',(9.15,15.9,0.));
#2281 = SURFACE_CURVE('',#2282,(#2286,#2292),.PCURVE_S1.);
#2282 = LINE('',#2283,#2284);
#2283 = CARTESIAN_POINT('',(7.506519204346,15.9,0.));
#2284 = VECTOR('',#2285,1.);
#2285 = DIRECTION('',(1.,0.,-0.));
#2286 = PCURVE('',#1823,#2287);
#2287 = DEFINITIONAL_REPRESENTATION('',(#2288),#2291);
#2288 = B_SPLINE_CURVE_WITH_KNOTS('',1,(#2289,#2290),.UNSPECIFIED.,.F.,
  .F.,(2,2),(-7.106519204346,1.643480795654),.PIECEWISE_BEZIER_KNOTS.);
#2289 = CARTESIAN_POINT('',(-5.463038408691,7.16929714034));
#2290 = CARTESIAN_POINT('',(3.286961591309,7.16929714034));
#2291 = ( GEOMETRIC_REPRESENTATION_CONTEXT(2) 
PARAMETRIC_REPRESENTATION_CONTEXT() REPRESENTATION_CONTEXT('2D SPACE',''
  ) );
#2292 = PCURVE('',#2293,#2298);
#2293 = PLANE('',#2294);
#2294 = AXIS2_PLACEMENT_3D('',#2295,#2296,#2297);
#2295 = CARTESIAN_POINT('',(9.15,15.9,-1.E-02));
#2296 = DIRECTION('',(0.,-1.,0.));
#2297 = DIRECTION('',(-1.,0.,0.));
#2298 = DEFINITIONAL_REPRESENTATION('',(#2299),#2302);
#2299 = B_SPLINE_CURVE_WITH_KNOTS('',1,(#2300,#2301),.UNSPECIFIED.,.F.,
  .F.,(2,2),(-7.106519204346,1.643480795654),.PIECEWISE_BEZIER_KNOTS.);
#2300 = CARTESIAN_POINT('',(8.75,-1.E-02));
#2301 = CARTESIAN_POINT('',(0.,-1.E-02));
#2302 = ( GEOMETRIC_REPRESENTATION_CONTEXT(2) 
PARAMETRIC_REPRESENTATION_CONTEXT() REPRESENTATION_CONTEXT('2D SPACE',''
  ) );
#2303 = ORIENTED_EDGE('',*,*,#2304,.T.);
#2304 = EDGE_CURVE('',#2279,#2305,#2307,.T.);
#2305 = VERTEX_POINT('',#2306);
#2306 = CARTESIAN_POINT('',(9.15,11.4,0.));
#2307 = SURFACE_CURVE('',#2308,(#2312,#2318),.PCURVE_S1.);
#2308 = LINE('',#2309,#2310);
#2309 = CARTESIAN_POINT('',(9.15,10.06535142983,0.));
#2310 = VECTOR('',#2311,1.);
#2311 = DIRECTION('',(0.,-1.,0.));
#2312 = PCURVE('',#1823,#2313);
#2313 = DEFINITIONAL_REPRESENTATION('',(#2314),#2317);
#2314 = B_SPLINE_CURVE_WITH_KNOTS('',1,(#2315,#2316),.UNSPECIFIED.,.F.,
  .F.,(2,2),(-5.83464857017,-1.33464857017),.PIECEWISE_BEZIER_KNOTS.);
#2315 = CARTESIAN_POINT('',(3.286961591309,7.16929714034));
#2316 = CARTESIAN_POINT('',(3.286961591309,2.66929714034));
#2317 = ( GEOMETRIC_REPRESENTATION_CONTEXT(2) 
PARAMETRIC_REPRESENTATION_CONTEXT() REPRESENTATION_CONTEXT('2D SPACE',''
  ) );
#2318 = PCURVE('',#2319,#2324);
#2319 = PLANE('',#2320);
#2320 = AXIS2_PLACEMENT_3D('',#2321,#2322,#2323);
#2321 = CARTESIAN_POINT('',(9.15,11.4,-1.E-02));
#2322 = DIRECTION('',(-1.,0.,0.));
#2323 = DIRECTION('',(0.,1.,0.));
#2324 = DEFINITIONAL_REPRESENTATION('',(#2325),#2328);
#2325 = B_SPLINE_CURVE_WITH_KNOTS('',1,(#2326,#2327),.UNSPECIFIED.,.F.,
  .F.,(2,2),(-5.83464857017,-1.33464857017),.PIECEWISE_BEZIER_KNOTS.);
#2326 = CARTESIAN_POINT('',(4.5,-1.E-02));
#2327 = CARTESIAN_POINT('',(0.,-1.E-02));
#2328 = ( GEOMETRIC_REPRESENTATION_CONTEXT(2) 
PARAMETRIC_REPRESENTATION_CONTEXT() REPRESENTATION_CONTEXT('2D SPACE',''
  ) );
#2329 = ORIENTED_EDGE('',*,*,#2330,.T.);
#2330 = EDGE_CURVE('',#2305,#2331,#2333,.T.);
#2331 = VERTEX_POINT('',#2332);
#2332 = CARTESIAN_POINT('',(11.65,11.4,0.));
#2333 = SURFACE_CURVE('',#2334,(#2338,#2344),.PCURVE_S1.);
#2334 = LINE('',#2335,#2336);
#2335 = CARTESIAN_POINT('',(8.756519204346,11.4,0.));
#2336 = VECTOR('',#2337,1.);
#2337 = DIRECTION('',(1.,0.,-0.));
#2338 = PCURVE('',#1823,#2339);
#2339 = DEFINITIONAL_REPRESENTATION('',(#2340),#2343);
#2340 = B_SPLINE_CURVE_WITH_KNOTS('',1,(#2341,#2342),.UNSPECIFIED.,.F.,
  .F.,(2,2),(0.393480795654,2.893480795654),.PIECEWISE_BEZIER_KNOTS.);
#2341 = CARTESIAN_POINT('',(3.286961591309,2.66929714034));
#2342 = CARTESIAN_POINT('',(5.786961591309,2.66929714034));
#2343 = ( GEOMETRIC_REPRESENTATION_CONTEXT(2) 
PARAMETRIC_REPRESENTATION_CONTEXT() REPRESENTATION_CONTEXT('2D SPACE',''
  ) );
#2344 = PCURVE('',#2345,#2350);
#2345 = PLANE('',#2346);
#2346 = AXIS2_PLACEMENT_3D('',#2347,#2348,#2349);
#2347 = CARTESIAN_POINT('',(11.65,11.4,-1.E-02));
#2348 = DIRECTION('',(0.,-1.,0.));
#2349 = DIRECTION('',(-1.,0.,0.));
#2350 = DEFINITIONAL_REPRESENTATION('',(#2351),#2354);
#2351 = B_SPLINE_CURVE_WITH_KNOTS('',1,(#2352,#2353),.UNSPECIFIED.,.F.,
  .F.,(2,2),(0.393480795654,2.893480795654),.PIECEWISE_BEZIER_KNOTS.);
#2352 = CARTESIAN_POINT('',(2.5,-1.E-02));
#2353 = CARTESIAN_POINT('',(-4.440892098501E-16,-1.E-02));
#2354 = ( GEOMETRIC_REPRESENTATION_CONTEXT(2) 
PARAMETRIC_REPRESENTATION_CONTEXT() REPRESENTATION_CONTEXT('2D SPACE',''
  ) );
#2355 = ORIENTED_EDGE('',*,*,#2356,.T.);
#2356 = EDGE_CURVE('',#2331,#2357,#2359,.T.);
#2357 = VERTEX_POINT('',#2358);
#2358 = CARTESIAN_POINT('',(11.65,8.7,0.));
#2359 = SURFACE_CURVE('',#2360,(#2364,#2370),.PCURVE_S1.);
#2360 = LINE('',#2361,#2362);
#2361 = CARTESIAN_POINT('',(11.65,8.71535142983,0.));
#2362 = VECTOR('',#2363,1.);
#2363 = DIRECTION('',(0.,-1.,0.));
#2364 = PCURVE('',#1823,#2365);
#2365 = DEFINITIONAL_REPRESENTATION('',(#2366),#2369);
#2366 = B_SPLINE_CURVE_WITH_KNOTS('',1,(#2367,#2368),.UNSPECIFIED.,.F.,
  .F.,(2,2),(-2.68464857017,1.535142983022E-02),
  .PIECEWISE_BEZIER_KNOTS.);
#2367 = CARTESIAN_POINT('',(5.786961591309,2.66929714034));
#2368 = CARTESIAN_POINT('',(5.786961591309,-3.070285966045E-02));
#2369 = ( GEOMETRIC_REPRESENTATION_CONTEXT(2) 
PARAMETRIC_REPRESENTATION_CONTEXT() REPRESENTATION_CONTEXT('2D SPACE',''
  ) );
#2370 = PCURVE('',#2371,#2376);
#2371 = PLANE('',#2372);
#2372 = AXIS2_PLACEMENT_3D('',#2373,#2374,#2375);
#2373 = CARTESIAN_POINT('',(11.65,8.7,-1.E-02));
#2374 = DIRECTION('',(-1.,0.,0.));
#2375 = DIRECTION('',(0.,1.,0.));
#2376 = DEFINITIONAL_REPRESENTATION('',(#2377),#2380);
#2377 = B_SPLINE_CURVE_WITH_KNOTS('',1,(#2378,#2379),.UNSPECIFIED.,.F.,
  .F.,(2,2),(-2.68464857017,1.535142983022E-02),
  .PIECEWISE_BEZIER_KNOTS.);
#2378 = CARTESIAN_POINT('',(2.7,-1.E-02));
#2379 = CARTESIAN_POINT('',(0.,-1.E-02));
#2380 = ( GEOMETRIC_REPRESENTATION_CONTEXT(2) 
PARAMETRIC_REPRESENTATION_CONTEXT() REPRESENTATION_CONTEXT('2D SPACE',''
  ) );
#2381 = ORIENTED_EDGE('',*,*,#2382,.T.);
#2382 = EDGE_CURVE('',#2357,#2383,#2385,.T.);
#2383 = VERTEX_POINT('',#2384);
#2384 = CARTESIAN_POINT('',(9.15,8.7,0.));
#2385 = SURFACE_CURVE('',#2386,(#2390,#2396),.PCURVE_S1.);
#2386 = LINE('',#2387,#2388);
#2387 = CARTESIAN_POINT('',(7.506519204346,8.7,0.));
#2388 = VECTOR('',#2389,1.);
#2389 = DIRECTION('',(-1.,0.,0.));
#2390 = PCURVE('',#1823,#2391);
#2391 = DEFINITIONAL_REPRESENTATION('',(#2392),#2395);
#2392 = B_SPLINE_CURVE_WITH_KNOTS('',1,(#2393,#2394),.UNSPECIFIED.,.F.,
  .F.,(2,2),(-4.143480795654,-1.643480795654),.PIECEWISE_BEZIER_KNOTS.);
#2393 = CARTESIAN_POINT('',(5.786961591309,-3.070285966045E-02));
#2394 = CARTESIAN_POINT('',(3.286961591309,-3.070285966045E-02));
#2395 = ( GEOMETRIC_REPRESENTATION_CONTEXT(2) 
PARAMETRIC_REPRESENTATION_CONTEXT() REPRESENTATION_CONTEXT('2D SPACE',''
  ) );
#2396 = PCURVE('',#2397,#2402);
#2397 = PLANE('',#2398);
#2398 = AXIS2_PLACEMENT_3D('',#2399,#2400,#2401);
#2399 = CARTESIAN_POINT('',(9.15,8.7,-1.E-02));
#2400 = DIRECTION('',(0.,1.,0.));
#2401 = DIRECTION('',(1.,0.,0.));
#2402 = DEFINITIONAL_REPRESENTATION('',(#2403),#2406);
#2403 = B_SPLINE_CURVE_WITH_KNOTS('',1,(#2404,#2405),.UNSPECIFIED.,.F.,
  .F.,(2,2),(-4.143480795654,-1.643480795654),.PIECEWISE_BEZIER_KNOTS.);
#2404 = CARTESIAN_POINT('',(2.5,-1.E-02));
#2405 = CARTESIAN_POINT('',(0.,-1.E-02));
#2406 = ( GEOMETRIC_REPRESENTATION_CONTEXT(2) 
PARAMETRIC_REPRESENTATION_CONTEXT() REPRESENTATION_CONTEXT('2D SPACE',''
  ) );
#2407 = ORIENTED_EDGE('',*,*,#2408,.T.);
#2408 = EDGE_CURVE('',#2383,#2409,#2411,.T.);
#2409 = VERTEX_POINT('',#2410);
#2410 = CARTESIAN_POINT('',(9.15,0.4,0.));
#2411 = SURFACE_CURVE('',#2412,(#2416,#2422),.PCURVE_S1.);
#2412 = LINE('',#2413,#2414);
#2413 = CARTESIAN_POINT('',(9.15,4.56535142983,0.));
#2414 = VECTOR('',#2415,1.);
#2415 = DIRECTION('',(0.,-1.,0.));
#2416 = PCURVE('',#1823,#2417);
#2417 = DEFINITIONAL_REPRESENTATION('',(#2418),#2421);
#2418 = B_SPLINE_CURVE_WITH_KNOTS('',1,(#2419,#2420),.UNSPECIFIED.,.F.,
  .F.,(2,2),(-4.13464857017,4.16535142983),.PIECEWISE_BEZIER_KNOTS.);
#2419 = CARTESIAN_POINT('',(3.286961591309,-3.070285966045E-02));
#2420 = CARTESIAN_POINT('',(3.286961591309,-8.33070285966));
#2421 = ( GEOMETRIC_REPRESENTATION_CONTEXT(2) 
PARAMETRIC_REPRESENTATION_CONTEXT() REPRESENTATION_CONTEXT('2D SPACE',''
  ) );
#2422 = PCURVE('',#2423,#2428);
#2423 = PLANE('',#2424);
#2424 = AXIS2_PLACEMENT_3D('',#2425,#2426,#2427);
#2425 = CARTESIAN_POINT('',(9.15,0.4,-1.E-02));
#2426 = DIRECTION('',(-1.,0.,0.));
#2427 = DIRECTION('',(0.,1.,0.));
#2428 = DEFINITIONAL_REPRESENTATION('',(#2429),#2432);
#2429 = B_SPLINE_CURVE_WITH_KNOTS('',1,(#2430,#2431),.UNSPECIFIED.,.F.,
  .F.,(2,2),(-4.13464857017,4.16535142983),.PIECEWISE_BEZIER_KNOTS.);
#2430 = CARTESIAN_POINT('',(8.3,-1.E-02));
#2431 = CARTESIAN_POINT('',(0.,-1.E-02));
#2432 = ( GEOMETRIC_REPRESENTATION_CONTEXT(2) 
PARAMETRIC_REPRESENTATION_CONTEXT() REPRESENTATION_CONTEXT('2D SPACE',''
  ) );
#2433 = ORIENTED_EDGE('',*,*,#2434,.T.);
#2434 = EDGE_CURVE('',#2409,#2435,#2437,.T.);
#2435 = VERTEX_POINT('',#2436);
#2436 = CARTESIAN_POINT('',(8.95,0.4,0.));
#2437 = SURFACE_CURVE('',#2438,(#2442,#2448),.PCURVE_S1.);
#2438 = LINE('',#2439,#2440);
#2439 = CARTESIAN_POINT('',(4.69901519434,0.4,0.));
#2440 = VECTOR('',#2441,1.);
#2441 = DIRECTION('',(-1.,0.,0.));
#2442 = PCURVE('',#1823,#2443);
#2443 = DEFINITIONAL_REPRESENTATION('',(#2444),#2447);
#2444 = B_SPLINE_CURVE_WITH_KNOTS('',1,(#2445,#2446),.UNSPECIFIED.,.F.,
  .F.,(2,2),(-4.45098480566,1.164023214351),.PIECEWISE_BEZIER_KNOTS.);
#2445 = CARTESIAN_POINT('',(3.286961591309,-8.33070285966));
#2446 = CARTESIAN_POINT('',(-2.328046428702,-8.33070285966));
#2447 = ( GEOMETRIC_REPRESENTATION_CONTEXT(2) 
PARAMETRIC_REPRESENTATION_CONTEXT() REPRESENTATION_CONTEXT('2D SPACE',''
  ) );
#2448 = PCURVE('',#2189,#2449);
#2449 = DEFINITIONAL_REPRESENTATION('',(#2450),#2453);
#2450 = B_SPLINE_CURVE_WITH_KNOTS('',1,(#2451,#2452),.UNSPECIFIED.,.F.,
  .F.,(2,2),(-4.45098480566,1.164023214351),.PIECEWISE_BEZIER_KNOTS.);
#2451 = CARTESIAN_POINT('',(5.615008020011,-1.E-02));
#2452 = CARTESIAN_POINT('',(0.,-1.E-02));
#2453 = ( GEOMETRIC_REPRESENTATION_CONTEXT(2) 
PARAMETRIC_REPRESENTATION_CONTEXT() REPRESENTATION_CONTEXT('2D SPACE',''
  ) );
#2454 = ORIENTED_EDGE('',*,*,#2455,.F.);
#2455 = EDGE_CURVE('',#1920,#2435,#2456,.T.);
#2456 = SURFACE_CURVE('',#2457,(#2461,#2468),.PCURVE_S1.);
#2457 = LINE('',#2458,#2459);
#2458 = CARTESIAN_POINT('',(8.95,-1.E-02,0.));
#2459 = VECTOR('',#2460,1.);
#2460 = DIRECTION('',(0.,1.,0.));
#2461 = PCURVE('',#1823,#2462);
#2462 = DEFINITIONAL_REPRESENTATION('',(#2463),#2467);
#2463 = LINE('',#2464,#2465);
#2464 = CARTESIAN_POINT('',(3.086961591309,-8.74070285966));
#2465 = VECTOR('',#2466,1.);
#2466 = DIRECTION('',(0.,1.));
#2467 = ( GEOMETRIC_REPRESENTATION_CONTEXT(2) 
PARAMETRIC_REPRESENTATION_CONTEXT() REPRESENTATION_CONTEXT('2D SPACE',''
  ) );
#2468 = PCURVE('',#1957,#2469);
#2469 = DEFINITIONAL_REPRESENTATION('',(#2470),#2474);
#2470 = LINE('',#2471,#2472);
#2471 = CARTESIAN_POINT('',(0.,0.));
#2472 = VECTOR('',#2473,1.);
#2473 = DIRECTION('',(0.,-1.));
#2474 = ( GEOMETRIC_REPRESENTATION_CONTEXT(2) 
PARAMETRIC_REPRESENTATION_CONTEXT() REPRESENTATION_CONTEXT('2D SPACE',''
  ) );
#2475 = ORIENTED_EDGE('',*,*,#1919,.T.);
#2476 = ORIENTED_EDGE('',*,*,#2477,.T.);
#2477 = EDGE_CURVE('',#1892,#2478,#2480,.T.);
#2478 = VERTEX_POINT('',#2479);
#2479 = CARTESIAN_POINT('',(9.55,8.3,0.));
#2480 = SURFACE_CURVE('',#2481,(#2485,#2492),.PCURVE_S1.);
#2481 = LINE('',#2482,#2483);
#2482 = CARTESIAN_POINT('',(9.55,0.,0.));
#2483 = VECTOR('',#2484,1.);
#2484 = DIRECTION('',(0.,1.,0.));
#2485 = PCURVE('',#1823,#2486);
#2486 = DEFINITIONAL_REPRESENTATION('',(#2487),#2491);
#2487 = LINE('',#2488,#2489);
#2488 = CARTESIAN_POINT('',(3.686961591309,-8.73070285966));
#2489 = VECTOR('',#2490,1.);
#2490 = DIRECTION('',(0.,1.));
#2491 = ( GEOMETRIC_REPRESENTATION_CONTEXT(2) 
PARAMETRIC_REPRESENTATION_CONTEXT() REPRESENTATION_CONTEXT('2D SPACE',''
  ) );
#2492 = PCURVE('',#1907,#2493);
#2493 = DEFINITIONAL_REPRESENTATION('',(#2494),#2498);
#2494 = LINE('',#2495,#2496);
#2495 = CARTESIAN_POINT('',(0.,0.));
#2496 = VECTOR('',#2497,1.);
#2497 = DIRECTION('',(1.,0.));
#2498 = ( GEOMETRIC_REPRESENTATION_CONTEXT(2) 
PARAMETRIC_REPRESENTATION_CONTEXT() REPRESENTATION_CONTEXT('2D SPACE',''
  ) );
#2499 = ORIENTED_EDGE('',*,*,#2500,.T.);
#2500 = EDGE_CURVE('',#2478,#2501,#2503,.T.);
#2501 = VERTEX_POINT('',#2502);
#2502 = CARTESIAN_POINT('',(12.05,8.3,0.));
#2503 = SURFACE_CURVE('',#2504,(#2508,#2515),.PCURVE_S1.);
#2504 = LINE('',#2505,#2506);
#2505 = CARTESIAN_POINT('',(9.55,8.3,0.));
#2506 = VECTOR('',#2507,1.);
#2507 = DIRECTION('',(1.,0.,0.));
#2508 = PCURVE('',#1823,#2509);
#2509 = DEFINITIONAL_REPRESENTATION('',(#2510),#2514);
#2510 = LINE('',#2511,#2512);
#2511 = CARTESIAN_POINT('',(3.686961591309,-0.43070285966));
#2512 = VECTOR('',#2513,1.);
#2513 = DIRECTION('',(1.,0.));
#2514 = ( GEOMETRIC_REPRESENTATION_CONTEXT(2) 
PARAMETRIC_REPRESENTATION_CONTEXT() REPRESENTATION_CONTEXT('2D SPACE',''
  ) );
#2515 = PCURVE('',#2516,#2521);
#2516 = PLANE('',#2517);
#2517 = AXIS2_PLACEMENT_3D('',#2518,#2519,#2520);
#2518 = CARTESIAN_POINT('',(9.55,8.3,0.));
#2519 = DIRECTION('',(0.,1.,0.));
#2520 = DIRECTION('',(1.,0.,0.));
#2521 = DEFINITIONAL_REPRESENTATION('',(#2522),#2526);
#2522 = LINE('',#2523,#2524);
#2523 = CARTESIAN_POINT('',(0.,0.));
#2524 = VECTOR('',#2525,1.);
#2525 = DIRECTION('',(1.,0.));
#2526 = ( GEOMETRIC_REPRESENTATION_CONTEXT(2) 
PARAMETRIC_REPRESENTATION_CONTEXT() REPRESENTATION_CONTEXT('2D SPACE',''
  ) );
#2527 = ORIENTED_EDGE('',*,*,#2528,.T.);
#2528 = EDGE_CURVE('',#2501,#2529,#2531,.T.);
#2529 = VERTEX_POINT('',#2530);
#2530 = CARTESIAN_POINT('',(12.05,11.8,0.));
#2531 = SURFACE_CURVE('',#2532,(#2536,#2543),.PCURVE_S1.);
#2532 = LINE('',#2533,#2534);
#2533 = CARTESIAN_POINT('',(12.05,8.3,0.));
#2534 = VECTOR('',#2535,1.);
#2535 = DIRECTION('',(0.,1.,0.));
#2536 = PCURVE('',#1823,#2537);
#2537 = DEFINITIONAL_REPRESENTATION('',(#2538),#2542);
#2538 = LINE('',#2539,#2540);
#2539 = CARTESIAN_POINT('',(6.186961591309,-0.43070285966));
#2540 = VECTOR('',#2541,1.);
#2541 = DIRECTION('',(0.,1.));
#2542 = ( GEOMETRIC_REPRESENTATION_CONTEXT(2) 
PARAMETRIC_REPRESENTATION_CONTEXT() REPRESENTATION_CONTEXT('2D SPACE',''
  ) );
#2543 = PCURVE('',#2544,#2549);
#2544 = PLANE('',#2545);
#2545 = AXIS2_PLACEMENT_3D('',#2546,#2547,#2548);
#2546 = CARTESIAN_POINT('',(12.05,8.3,0.));
#2547 = DIRECTION('',(-1.,0.,0.));
#2548 = DIRECTION('',(0.,1.,0.));
#2549 = DEFINITIONAL_REPRESENTATION('',(#2550),#2554);
#2550 = LINE('',#2551,#2552);
#2551 = CARTESIAN_POINT('',(0.,0.));
#2552 = VECTOR('',#2553,1.);
#2553 = DIRECTION('',(1.,0.));
#2554 = ( GEOMETRIC_REPRESENTATION_CONTEXT(2) 
PARAMETRIC_REPRESENTATION_CONTEXT() REPRESENTATION_CONTEXT('2D SPACE',''
  ) );
#2555 = ORIENTED_EDGE('',*,*,#2556,.T.);
#2556 = EDGE_CURVE('',#2529,#2557,#2559,.T.);
#2557 = VERTEX_POINT('',#2558);
#2558 = CARTESIAN_POINT('',(9.55,11.8,0.));
#2559 = SURFACE_CURVE('',#2560,(#2564,#2571),.PCURVE_S1.);
#2560 = LINE('',#2561,#2562);
#2561 = CARTESIAN_POINT('',(12.05,11.8,0.));
#2562 = VECTOR('',#2563,1.);
#2563 = DIRECTION('',(-1.,0.,0.));
#2564 = PCURVE('',#1823,#2565);
#2565 = DEFINITIONAL_REPRESENTATION('',(#2566),#2570);
#2566 = LINE('',#2567,#2568);
#2567 = CARTESIAN_POINT('',(6.186961591309,3.06929714034));
#2568 = VECTOR('',#2569,1.);
#2569 = DIRECTION('',(-1.,0.));
#2570 = ( GEOMETRIC_REPRESENTATION_CONTEXT(2) 
PARAMETRIC_REPRESENTATION_CONTEXT() REPRESENTATION_CONTEXT('2D SPACE',''
  ) );
#2571 = PCURVE('',#2572,#2577);
#2572 = PLANE('',#2573);
#2573 = AXIS2_PLACEMENT_3D('',#2574,#2575,#2576);
#2574 = CARTESIAN_POINT('',(12.05,11.8,0.));
#2575 = DIRECTION('',(0.,-1.,0.));
#2576 = DIRECTION('',(-1.,0.,0.));
#2577 = DEFINITIONAL_REPRESENTATION('',(#2578),#2582);
#2578 = LINE('',#2579,#2580);
#2579 = CARTESIAN_POINT('',(0.,-0.));
#2580 = VECTOR('',#2581,1.);
#2581 = DIRECTION('',(1.,0.));
#2582 = ( GEOMETRIC_REPRESENTATION_CONTEXT(2) 
PARAMETRIC_REPRESENTATION_CONTEXT() REPRESENTATION_CONTEXT('2D SPACE',''
  ) );
#2583 = ORIENTED_EDGE('',*,*,#2584,.T.);
#2584 = EDGE_CURVE('',#2557,#2585,#2587,.T.);
#2585 = VERTEX_POINT('',#2586);
#2586 = CARTESIAN_POINT('',(9.55,16.3,0.));
#2587 = SURFACE_CURVE('',#2588,(#2592,#2599),.PCURVE_S1.);
#2588 = LINE('',#2589,#2590);
#2589 = CARTESIAN_POINT('',(9.55,11.8,0.));
#2590 = VECTOR('',#2591,1.);
#2591 = DIRECTION('',(0.,1.,0.));
#2592 = PCURVE('',#1823,#2593);
#2593 = DEFINITIONAL_REPRESENTATION('',(#2594),#2598);
#2594 = LINE('',#2595,#2596);
#2595 = CARTESIAN_POINT('',(3.686961591309,3.06929714034));
#2596 = VECTOR('',#2597,1.);
#2597 = DIRECTION('',(0.,1.));
#2598 = ( GEOMETRIC_REPRESENTATION_CONTEXT(2) 
PARAMETRIC_REPRESENTATION_CONTEXT() REPRESENTATION_CONTEXT('2D SPACE',''
  ) );
#2599 = PCURVE('',#2600,#2605);
#2600 = PLANE('',#2601);
#2601 = AXIS2_PLACEMENT_3D('',#2602,#2603,#2604);
#2602 = CARTESIAN_POINT('',(9.55,11.8,0.));
#2603 = DIRECTION('',(-1.,0.,0.));
#2604 = DIRECTION('',(0.,1.,0.));
#2605 = DEFINITIONAL_REPRESENTATION('',(#2606),#2610);
#2606 = LINE('',#2607,#2608);
#2607 = CARTESIAN_POINT('',(0.,0.));
#2608 = VECTOR('',#2609,1.);
#2609 = DIRECTION('',(1.,0.));
#2610 = ( GEOMETRIC_REPRESENTATION_CONTEXT(2) 
PARAMETRIC_REPRESENTATION_CONTEXT() REPRESENTATION_CONTEXT('2D SPACE',''
  ) );
#2611 = ORIENTED_EDGE('',*,*,#2612,.T.);
#2612 = EDGE_CURVE('',#2585,#2613,#2615,.T.);
#2613 = VERTEX_POINT('',#2614);
#2614 = CARTESIAN_POINT('',(0.,16.3,0.));
#2615 = SURFACE_CURVE('',#2616,(#2620,#2627),.PCURVE_S1.);
#2616 = LINE('',#2617,#2618);
#2617 = CARTESIAN_POINT('',(9.55,16.3,0.));
#2618 = VECTOR('',#2619,1.);
#2619 = DIRECTION('',(-1.,0.,0.));
#2620 = PCURVE('',#1823,#2621);
#2621 = DEFINITIONAL_REPRESENTATION('',(#2622),#2626);
#2622 = LINE('',#2623,#2624);
#2623 = CARTESIAN_POINT('',(3.686961591309,7.56929714034));
#2624 = VECTOR('',#2625,1.);
#2625 = DIRECTION('',(-1.,0.));
#2626 = ( GEOMETRIC_REPRESENTATION_CONTEXT(2) 
PARAMETRIC_REPRESENTATION_CONTEXT() REPRESENTATION_CONTEXT('2D SPACE',''
  ) );
#2627 = PCURVE('',#2628,#2633);
#2628 = PLANE('',#2629);
#2629 = AXIS2_PLACEMENT_3D('',#2630,#2631,#2632);
#2630 = CARTESIAN_POINT('',(9.55,16.3,0.));
#2631 = DIRECTION('',(0.,-1.,0.));
#2632 = DIRECTION('',(-1.,0.,0.));
#2633 = DEFINITIONAL_REPRESENTATION('',(#2634),#2638);
#2634 = LINE('',#2635,#2636);
#2635 = CARTESIAN_POINT('',(0.,-0.));
#2636 = VECTOR('',#2637,1.);
#2637 = DIRECTION('',(1.,0.));
#2638 = ( GEOMETRIC_REPRESENTATION_CONTEXT(2) 
PARAMETRIC_REPRESENTATION_CONTEXT() REPRESENTATION_CONTEXT('2D SPACE',''
  ) );
#2639 = ORIENTED_EDGE('',*,*,#2640,.T.);
#2640 = EDGE_CURVE('',#2613,#2641,#2643,.T.);
#2641 = VERTEX_POINT('',#2642);
#2642 = CARTESIAN_POINT('',(0.,7.32,0.));
#2643 = SURFACE_CURVE('',#2644,(#2648,#2655),.PCURVE_S1.);
#2644 = LINE('',#2645,#2646);
#2645 = CARTESIAN_POINT('',(0.,16.3,0.));
#2646 = VECTOR('',#2647,1.);
#2647 = DIRECTION('',(0.,-1.,0.));
#2648 = PCURVE('',#1823,#2649);
#2649 = DEFINITIONAL_REPRESENTATION('',(#2650),#2654);
#2650 = LINE('',#2651,#2652);
#2651 = CARTESIAN_POINT('',(-5.863038408691,7.56929714034));
#2652 = VECTOR('',#2653,1.);
#2653 = DIRECTION('',(0.,-1.));
#2654 = ( GEOMETRIC_REPRESENTATION_CONTEXT(2) 
PARAMETRIC_REPRESENTATION_CONTEXT() REPRESENTATION_CONTEXT('2D SPACE',''
  ) );
#2655 = PCURVE('',#2656,#2661);
#2656 = PLANE('',#2657);
#2657 = AXIS2_PLACEMENT_3D('',#2658,#2659,#2660);
#2658 = CARTESIAN_POINT('',(0.,16.3,0.));
#2659 = DIRECTION('',(1.,0.,-0.));
#2660 = DIRECTION('',(0.,-1.,0.));
#2661 = DEFINITIONAL_REPRESENTATION('',(#2662),#2666);
#2662 = LINE('',#2663,#2664);
#2663 = CARTESIAN_POINT('',(0.,0.));
#2664 = VECTOR('',#2665,1.);
#2665 = DIRECTION('',(1.,0.));
#2666 = ( GEOMETRIC_REPRESENTATION_CONTEXT(2) 
PARAMETRIC_REPRESENTATION_CONTEXT() REPRESENTATION_CONTEXT('2D SPACE',''
  ) );
#2667 = ORIENTED_EDGE('',*,*,#2668,.T.);
#2668 = EDGE_CURVE('',#2641,#2128,#2669,.T.);
#2669 = SURFACE_CURVE('',#2670,(#2674,#2681),.PCURVE_S1.);
#2670 = LINE('',#2671,#2672);
#2671 = CARTESIAN_POINT('',(0.,7.32,0.));
#2672 = VECTOR('',#2673,1.);
#2673 = DIRECTION('',(1.,0.,0.));
#2674 = PCURVE('',#1823,#2675);
#2675 = DEFINITIONAL_REPRESENTATION('',(#2676),#2680);
#2676 = LINE('',#2677,#2678);
#2677 = CARTESIAN_POINT('',(-5.863038408691,-1.41070285966));
#2678 = VECTOR('',#2679,1.);
#2679 = DIRECTION('',(1.,0.));
#2680 = ( GEOMETRIC_REPRESENTATION_CONTEXT(2) 
PARAMETRIC_REPRESENTATION_CONTEXT() REPRESENTATION_CONTEXT('2D SPACE',''
  ) );
#2681 = PCURVE('',#2682,#2687);
#2682 = PLANE('',#2683);
#2683 = AXIS2_PLACEMENT_3D('',#2684,#2685,#2686);
#2684 = CARTESIAN_POINT('',(0.,7.32,0.));
#2685 = DIRECTION('',(0.,1.,0.));
#2686 = DIRECTION('',(1.,0.,0.));
#2687 = DEFINITIONAL_REPRESENTATION('',(#2688),#2692);
#2688 = LINE('',#2689,#2690);
#2689 = CARTESIAN_POINT('',(0.,0.));
#2690 = VECTOR('',#2691,1.);
#2691 = DIRECTION('',(1.,0.));
#2692 = ( GEOMETRIC_REPRESENTATION_CONTEXT(2) 
PARAMETRIC_REPRESENTATION_CONTEXT() REPRESENTATION_CONTEXT('2D SPACE',''
  ) );
#2693 = ADVANCED_FACE('',(#2694),#2007,.T.);
#2694 = FACE_BOUND('',#2695,.T.);
#2695 = EDGE_LOOP('',(#2696,#2719,#2720,#2721));
#2696 = ORIENTED_EDGE('',*,*,#2697,.F.);
#2697 = EDGE_CURVE('',#1969,#2698,#2700,.T.);
#2698 = VERTEX_POINT('',#2699);
#2699 = CARTESIAN_POINT('',(8.05,0.4,2.1));
#2700 = SURFACE_CURVE('',#2701,(#2705,#2712),.PCURVE_S1.);
#2701 = LINE('',#2702,#2703);
#2702 = CARTESIAN_POINT('',(8.05,-1.E-02,2.1));
#2703 = VECTOR('',#2704,1.);
#2704 = DIRECTION('',(0.,1.,0.));
#2705 = PCURVE('',#2007,#2706);
#2706 = DEFINITIONAL_REPRESENTATION('',(#2707),#2711);
#2707 = LINE('',#2708,#2709);
#2708 = CARTESIAN_POINT('',(2.1,0.));
#2709 = VECTOR('',#2710,1.);
#2710 = DIRECTION('',(0.,-1.));
#2711 = ( GEOMETRIC_REPRESENTATION_CONTEXT(2) 
PARAMETRIC_REPRESENTATION_CONTEXT() REPRESENTATION_CONTEXT('2D SPACE',''
  ) );
#2712 = PCURVE('',#1983,#2713);
#2713 = DEFINITIONAL_REPRESENTATION('',(#2714),#2718);
#2714 = LINE('',#2715,#2716);
#2715 = CARTESIAN_POINT('',(0.,0.));
#2716 = VECTOR('',#2717,1.);
#2717 = DIRECTION('',(0.,1.));
#2718 = ( GEOMETRIC_REPRESENTATION_CONTEXT(2) 
PARAMETRIC_REPRESENTATION_CONTEXT() REPRESENTATION_CONTEXT('2D SPACE',''
  ) );
#2719 = ORIENTED_EDGE('',*,*,#1994,.T.);
#2720 = ORIENTED_EDGE('',*,*,#2151,.T.);
#2721 = ORIENTED_EDGE('',*,*,#2722,.F.);
#2722 = EDGE_CURVE('',#2698,#2152,#2723,.T.);
#2723 = SURFACE_CURVE('',#2724,(#2728,#2734),.PCURVE_S1.);
#2724 = LINE('',#2725,#2726);
#2725 = CARTESIAN_POINT('',(8.05,0.4,-5.E-03));
#2726 = VECTOR('',#2727,1.);
#2727 = DIRECTION('',(0.,0.,-1.));
#2728 = PCURVE('',#2007,#2729);
#2729 = DEFINITIONAL_REPRESENTATION('',(#2730),#2733);
#2730 = B_SPLINE_CURVE_WITH_KNOTS('',1,(#2731,#2732),.UNSPECIFIED.,.F.,
  .F.,(2,2),(-2.105,-5.E-03),.PIECEWISE_BEZIER_KNOTS.);
#2731 = CARTESIAN_POINT('',(2.1,-0.41));
#2732 = CARTESIAN_POINT('',(0.,-0.41));
#2733 = ( GEOMETRIC_REPRESENTATION_CONTEXT(2) 
PARAMETRIC_REPRESENTATION_CONTEXT() REPRESENTATION_CONTEXT('2D SPACE',''
  ) );
#2734 = PCURVE('',#2189,#2735);
#2735 = DEFINITIONAL_REPRESENTATION('',(#2736),#2739);
#2736 = B_SPLINE_CURVE_WITH_KNOTS('',1,(#2737,#2738),.UNSPECIFIED.,.F.,
  .F.,(2,2),(-2.105,-5.E-03),.PIECEWISE_BEZIER_KNOTS.);
#2737 = CARTESIAN_POINT('',(4.515008020011,-2.11));
#2738 = CARTESIAN_POINT('',(4.515008020011,-1.E-02));
#2739 = ( GEOMETRIC_REPRESENTATION_CONTEXT(2) 
PARAMETRIC_REPRESENTATION_CONTEXT() REPRESENTATION_CONTEXT('2D SPACE',''
  ) );
#2740 = ADVANCED_FACE('',(#2741),#1983,.F.);
#2741 = FACE_BOUND('',#2742,.F.);
#2742 = EDGE_LOOP('',(#2743,#2744,#2745,#2768));
#2743 = ORIENTED_EDGE('',*,*,#2697,.F.);
#2744 = ORIENTED_EDGE('',*,*,#1968,.T.);
#2745 = ORIENTED_EDGE('',*,*,#2746,.T.);
#2746 = EDGE_CURVE('',#1943,#2747,#2749,.T.);
#2747 = VERTEX_POINT('',#2748);
#2748 = CARTESIAN_POINT('',(8.95,0.4,2.1));
#2749 = SURFACE_CURVE('',#2750,(#2754,#2761),.PCURVE_S1.);
#2750 = LINE('',#2751,#2752);
#2751 = CARTESIAN_POINT('',(8.95,-1.E-02,2.1));
#2752 = VECTOR('',#2753,1.);
#2753 = DIRECTION('',(0.,1.,0.));
#2754 = PCURVE('',#1983,#2755);
#2755 = DEFINITIONAL_REPRESENTATION('',(#2756),#2760);
#2756 = LINE('',#2757,#2758);
#2757 = CARTESIAN_POINT('',(0.9,0.));
#2758 = VECTOR('',#2759,1.);
#2759 = DIRECTION('',(0.,1.));
#2760 = ( GEOMETRIC_REPRESENTATION_CONTEXT(2) 
PARAMETRIC_REPRESENTATION_CONTEXT() REPRESENTATION_CONTEXT('2D SPACE',''
  ) );
#2761 = PCURVE('',#1957,#2762);
#2762 = DEFINITIONAL_REPRESENTATION('',(#2763),#2767);
#2763 = LINE('',#2764,#2765);
#2764 = CARTESIAN_POINT('',(2.1,0.));
#2765 = VECTOR('',#2766,1.);
#2766 = DIRECTION('',(0.,-1.));
#2767 = ( GEOMETRIC_REPRESENTATION_CONTEXT(2) 
PARAMETRIC_REPRESENTATION_CONTEXT() REPRESENTATION_CONTEXT('2D SPACE',''
  ) );
#2768 = ORIENTED_EDGE('',*,*,#2769,.F.);
#2769 = EDGE_CURVE('',#2698,#2747,#2770,.T.);
#2770 = SURFACE_CURVE('',#2771,(#2775,#2781),.PCURVE_S1.);
#2771 = LINE('',#2772,#2773);
#2772 = CARTESIAN_POINT('',(5.792495989995,0.4,2.1));
#2773 = VECTOR('',#2774,1.);
#2774 = DIRECTION('',(1.,0.,0.));
#2775 = PCURVE('',#1983,#2776);
#2776 = DEFINITIONAL_REPRESENTATION('',(#2777),#2780);
#2777 = B_SPLINE_CURVE_WITH_KNOTS('',1,(#2778,#2779),.UNSPECIFIED.,.F.,
  .F.,(2,2),(2.257504010005,3.157504010005),.PIECEWISE_BEZIER_KNOTS.);
#2778 = CARTESIAN_POINT('',(0.,0.41));
#2779 = CARTESIAN_POINT('',(0.9,0.41));
#2780 = ( GEOMETRIC_REPRESENTATION_CONTEXT(2) 
PARAMETRIC_REPRESENTATION_CONTEXT() REPRESENTATION_CONTEXT('2D SPACE',''
  ) );
#2781 = PCURVE('',#2189,#2782);
#2782 = DEFINITIONAL_REPRESENTATION('',(#2783),#2786);
#2783 = B_SPLINE_CURVE_WITH_KNOTS('',1,(#2784,#2785),.UNSPECIFIED.,.F.,
  .F.,(2,2),(2.257504010005,3.157504010005),.PIECEWISE_BEZIER_KNOTS.);
#2784 = CARTESIAN_POINT('',(4.515008020011,-2.11));
#2785 = CARTESIAN_POINT('',(5.415008020011,-2.11));
#2786 = ( GEOMETRIC_REPRESENTATION_CONTEXT(2) 
PARAMETRIC_REPRESENTATION_CONTEXT() REPRESENTATION_CONTEXT('2D SPACE',''
  ) );
#2787 = ADVANCED_FACE('',(#2788),#1957,.F.);
#2788 = FACE_BOUND('',#2789,.F.);
#2789 = EDGE_LOOP('',(#2790,#2791,#2792,#2793));
#2790 = ORIENTED_EDGE('',*,*,#2746,.F.);
#2791 = ORIENTED_EDGE('',*,*,#1942,.T.);
#2792 = ORIENTED_EDGE('',*,*,#2455,.T.);
#2793 = ORIENTED_EDGE('',*,*,#2794,.F.);
#2794 = EDGE_CURVE('',#2747,#2435,#2795,.T.);
#2795 = SURFACE_CURVE('',#2796,(#2800,#2806),.PCURVE_S1.);
#2796 = LINE('',#2797,#2798);
#2797 = CARTESIAN_POINT('',(8.95,0.4,-5.E-03));
#2798 = VECTOR('',#2799,1.);
#2799 = DIRECTION('',(0.,0.,-1.));
#2800 = PCURVE('',#1957,#2801);
#2801 = DEFINITIONAL_REPRESENTATION('',(#2802),#2805);
#2802 = B_SPLINE_CURVE_WITH_KNOTS('',1,(#2803,#2804),.UNSPECIFIED.,.F.,
  .F.,(2,2),(-2.105,-5.E-03),.PIECEWISE_BEZIER_KNOTS.);
#2803 = CARTESIAN_POINT('',(2.1,-0.41));
#2804 = CARTESIAN_POINT('',(0.,-0.41));
#2805 = ( GEOMETRIC_REPRESENTATION_CONTEXT(2) 
PARAMETRIC_REPRESENTATION_CONTEXT() REPRESENTATION_CONTEXT('2D SPACE',''
  ) );
#2806 = PCURVE('',#2189,#2807);
#2807 = DEFINITIONAL_REPRESENTATION('',(#2808),#2811);
#2808 = B_SPLINE_CURVE_WITH_KNOTS('',1,(#2809,#2810),.UNSPECIFIED.,.F.,
  .F.,(2,2),(-2.105,-5.E-03),.PIECEWISE_BEZIER_KNOTS.);
#2809 = CARTESIAN_POINT('',(5.415008020011,-2.11));
#2810 = CARTESIAN_POINT('',(5.415008020011,-1.E-02));
#2811 = ( GEOMETRIC_REPRESENTATION_CONTEXT(2) 
PARAMETRIC_REPRESENTATION_CONTEXT() REPRESENTATION_CONTEXT('2D SPACE',''
  ) );
#2812 = ADVANCED_FACE('',(#2813),#1907,.F.);
#2813 = FACE_BOUND('',#2814,.F.);
#2814 = EDGE_LOOP('',(#2815,#2816,#2839,#2860));
#2815 = ORIENTED_EDGE('',*,*,#1891,.T.);
#2816 = ORIENTED_EDGE('',*,*,#2817,.T.);
#2817 = EDGE_CURVE('',#1864,#2818,#2820,.T.);
#2818 = VERTEX_POINT('',#2819);
#2819 = CARTESIAN_POINT('',(9.55,8.3,3.01));
#2820 = SURFACE_CURVE('',#2821,(#2825,#2832),.PCURVE_S1.);
#2821 = LINE('',#2822,#2823);
#2822 = CARTESIAN_POINT('',(9.55,0.,3.01));
#2823 = VECTOR('',#2824,1.);
#2824 = DIRECTION('',(0.,1.,0.));
#2825 = PCURVE('',#1907,#2826);
#2826 = DEFINITIONAL_REPRESENTATION('',(#2827),#2831);
#2827 = LINE('',#2828,#2829);
#2828 = CARTESIAN_POINT('',(0.,-3.01));
#2829 = VECTOR('',#2830,1.);
#2830 = DIRECTION('',(1.,0.));
#2831 = ( GEOMETRIC_REPRESENTATION_CONTEXT(2) 
PARAMETRIC_REPRESENTATION_CONTEXT() REPRESENTATION_CONTEXT('2D SPACE',''
  ) );
#2832 = PCURVE('',#1879,#2833);
#2833 = DEFINITIONAL_REPRESENTATION('',(#2834),#2838);
#2834 = LINE('',#2835,#2836);
#2835 = CARTESIAN_POINT('',(3.686961591309,-8.73070285966));
#2836 = VECTOR('',#2837,1.);
#2837 = DIRECTION('',(0.,1.));
#2838 = ( GEOMETRIC_REPRESENTATION_CONTEXT(2) 
PARAMETRIC_REPRESENTATION_CONTEXT() REPRESENTATION_CONTEXT('2D SPACE',''
  ) );
#2839 = ORIENTED_EDGE('',*,*,#2840,.F.);
#2840 = EDGE_CURVE('',#2478,#2818,#2841,.T.);
#2841 = SURFACE_CURVE('',#2842,(#2846,#2853),.PCURVE_S1.);
#2842 = LINE('',#2843,#2844);
#2843 = CARTESIAN_POINT('',(9.55,8.3,0.));
#2844 = VECTOR('',#2845,1.);
#2845 = DIRECTION('',(0.,0.,1.));
#2846 = PCURVE('',#1907,#2847);
#2847 = DEFINITIONAL_REPRESENTATION('',(#2848),#2852);
#2848 = LINE('',#2849,#2850);
#2849 = CARTESIAN_POINT('',(8.3,0.));
#2850 = VECTOR('',#2851,1.);
#2851 = DIRECTION('',(0.,-1.));
#2852 = ( GEOMETRIC_REPRESENTATION_CONTEXT(2) 
PARAMETRIC_REPRESENTATION_CONTEXT() REPRESENTATION_CONTEXT('2D SPACE',''
  ) );
#2853 = PCURVE('',#2516,#2854);
#2854 = DEFINITIONAL_REPRESENTATION('',(#2855),#2859);
#2855 = LINE('',#2856,#2857);
#2856 = CARTESIAN_POINT('',(0.,0.));
#2857 = VECTOR('',#2858,1.);
#2858 = DIRECTION('',(0.,-1.));
#2859 = ( GEOMETRIC_REPRESENTATION_CONTEXT(2) 
PARAMETRIC_REPRESENTATION_CONTEXT() REPRESENTATION_CONTEXT('2D SPACE',''
  ) );
#2860 = ORIENTED_EDGE('',*,*,#2477,.F.);
#2861 = ADVANCED_FACE('',(#2862,#3048),#1879,.T.);
#2862 = FACE_BOUND('',#2863,.T.);
#2863 = EDGE_LOOP('',(#2864,#2865,#2866,#2889,#2912,#2935,#2958,#2981,
    #3004,#3027));
#2864 = ORIENTED_EDGE('',*,*,#1863,.T.);
#2865 = ORIENTED_EDGE('',*,*,#2817,.T.);
#2866 = ORIENTED_EDGE('',*,*,#2867,.T.);
#2867 = EDGE_CURVE('',#2818,#2868,#2870,.T.);
#2868 = VERTEX_POINT('',#2869);
#2869 = CARTESIAN_POINT('',(12.05,8.3,3.01));
#2870 = SURFACE_CURVE('',#2871,(#2875,#2882),.PCURVE_S1.);
#2871 = LINE('',#2872,#2873);
#2872 = CARTESIAN_POINT('',(9.55,8.3,3.01));
#2873 = VECTOR('',#2874,1.);
#2874 = DIRECTION('',(1.,0.,0.));
#2875 = PCURVE('',#1879,#2876);
#2876 = DEFINITIONAL_REPRESENTATION('',(#2877),#2881);
#2877 = LINE('',#2878,#2879);
#2878 = CARTESIAN_POINT('',(3.686961591309,-0.43070285966));
#2879 = VECTOR('',#2880,1.);
#2880 = DIRECTION('',(1.,0.));
#2881 = ( GEOMETRIC_REPRESENTATION_CONTEXT(2) 
PARAMETRIC_REPRESENTATION_CONTEXT() REPRESENTATION_CONTEXT('2D SPACE',''
  ) );
#2882 = PCURVE('',#2516,#2883);
#2883 = DEFINITIONAL_REPRESENTATION('',(#2884),#2888);
#2884 = LINE('',#2885,#2886);
#2885 = CARTESIAN_POINT('',(0.,-3.01));
#2886 = VECTOR('',#2887,1.);
#2887 = DIRECTION('',(1.,0.));
#2888 = ( GEOMETRIC_REPRESENTATION_CONTEXT(2) 
PARAMETRIC_REPRESENTATION_CONTEXT() REPRESENTATION_CONTEXT('2D SPACE',''
  ) );
#2889 = ORIENTED_EDGE('',*,*,#2890,.T.);
#2890 = EDGE_CURVE('',#2868,#2891,#2893,.T.);
#2891 = VERTEX_POINT('',#2892);
#2892 = CARTESIAN_POINT('',(12.05,11.8,3.01));
#2893 = SURFACE_CURVE('',#2894,(#2898,#2905),.PCURVE_S1.);
#2894 = LINE('',#2895,#2896);
#2895 = CARTESIAN_POINT('',(12.05,8.3,3.01));
#2896 = VECTOR('',#2897,1.);
#2897 = DIRECTION('',(0.,1.,0.));
#2898 = PCURVE('',#1879,#2899);
#2899 = DEFINITIONAL_REPRESENTATION('',(#2900),#2904);
#2900 = LINE('',#2901,#2902);
#2901 = CARTESIAN_POINT('',(6.186961591309,-0.43070285966));
#2902 = VECTOR('',#2903,1.);
#2903 = DIRECTION('',(0.,1.));
#2904 = ( GEOMETRIC_REPRESENTATION_CONTEXT(2) 
PARAMETRIC_REPRESENTATION_CONTEXT() REPRESENTATION_CONTEXT('2D SPACE',''
  ) );
#2905 = PCURVE('',#2544,#2906);
#2906 = DEFINITIONAL_REPRESENTATION('',(#2907),#2911);
#2907 = LINE('',#2908,#2909);
#2908 = CARTESIAN_POINT('',(0.,-3.01));
#2909 = VECTOR('',#2910,1.);
#2910 = DIRECTION('',(1.,0.));
#2911 = ( GEOMETRIC_REPRESENTATION_CONTEXT(2) 
PARAMETRIC_REPRESENTATION_CONTEXT() REPRESENTATION_CONTEXT('2D SPACE',''
  ) );
#2912 = ORIENTED_EDGE('',*,*,#2913,.T.);
#2913 = EDGE_CURVE('',#2891,#2914,#2916,.T.);
#2914 = VERTEX_POINT('',#2915);
#2915 = CARTESIAN_POINT('',(9.55,11.8,3.01));
#2916 = SURFACE_CURVE('',#2917,(#2921,#2928),.PCURVE_S1.);
#2917 = LINE('',#2918,#2919);
#2918 = CARTESIAN_POINT('',(12.05,11.8,3.01));
#2919 = VECTOR('',#2920,1.);
#2920 = DIRECTION('',(-1.,0.,0.));
#2921 = PCURVE('',#1879,#2922);
#2922 = DEFINITIONAL_REPRESENTATION('',(#2923),#2927);
#2923 = LINE('',#2924,#2925);
#2924 = CARTESIAN_POINT('',(6.186961591309,3.06929714034));
#2925 = VECTOR('',#2926,1.);
#2926 = DIRECTION('',(-1.,0.));
#2927 = ( GEOMETRIC_REPRESENTATION_CONTEXT(2) 
PARAMETRIC_REPRESENTATION_CONTEXT() REPRESENTATION_CONTEXT('2D SPACE',''
  ) );
#2928 = PCURVE('',#2572,#2929);
#2929 = DEFINITIONAL_REPRESENTATION('',(#2930),#2934);
#2930 = LINE('',#2931,#2932);
#2931 = CARTESIAN_POINT('',(0.,-3.01));
#2932 = VECTOR('',#2933,1.);
#2933 = DIRECTION('',(1.,0.));
#2934 = ( GEOMETRIC_REPRESENTATION_CONTEXT(2) 
PARAMETRIC_REPRESENTATION_CONTEXT() REPRESENTATION_CONTEXT('2D SPACE',''
  ) );
#2935 = ORIENTED_EDGE('',*,*,#2936,.T.);
#2936 = EDGE_CURVE('',#2914,#2937,#2939,.T.);
#2937 = VERTEX_POINT('',#2938);
#2938 = CARTESIAN_POINT('',(9.55,16.3,3.01));
#2939 = SURFACE_CURVE('',#2940,(#2944,#2951),.PCURVE_S1.);
#2940 = LINE('',#2941,#2942);
#2941 = CARTESIAN_POINT('',(9.55,11.8,3.01));
#2942 = VECTOR('',#2943,1.);
#2943 = DIRECTION('',(0.,1.,0.));
#2944 = PCURVE('',#1879,#2945);
#2945 = DEFINITIONAL_REPRESENTATION('',(#2946),#2950);
#2946 = LINE('',#2947,#2948);
#2947 = CARTESIAN_POINT('',(3.686961591309,3.06929714034));
#2948 = VECTOR('',#2949,1.);
#2949 = DIRECTION('',(0.,1.));
#2950 = ( GEOMETRIC_REPRESENTATION_CONTEXT(2) 
PARAMETRIC_REPRESENTATION_CONTEXT() REPRESENTATION_CONTEXT('2D SPACE',''
  ) );
#2951 = PCURVE('',#2600,#2952);
#2952 = DEFINITIONAL_REPRESENTATION('',(#2953),#2957);
#2953 = LINE('',#2954,#2955);
#2954 = CARTESIAN_POINT('',(0.,-3.01));
#2955 = VECTOR('',#2956,1.);
#2956 = DIRECTION('',(1.,0.));
#2957 = ( GEOMETRIC_REPRESENTATION_CONTEXT(2) 
PARAMETRIC_REPRESENTATION_CONTEXT() REPRESENTATION_CONTEXT('2D SPACE',''
  ) );
#2958 = ORIENTED_EDGE('',*,*,#2959,.T.);
#2959 = EDGE_CURVE('',#2937,#2960,#2962,.T.);
#2960 = VERTEX_POINT('',#2961);
#2961 = CARTESIAN_POINT('',(0.,16.3,3.01));
#2962 = SURFACE_CURVE('',#2963,(#2967,#2974),.PCURVE_S1.);
#2963 = LINE('',#2964,#2965);
#2964 = CARTESIAN_POINT('',(9.55,16.3,3.01));
#2965 = VECTOR('',#2966,1.);
#2966 = DIRECTION('',(-1.,0.,0.));
#2967 = PCURVE('',#1879,#2968);
#2968 = DEFINITIONAL_REPRESENTATION('',(#2969),#2973);
#2969 = LINE('',#2970,#2971);
#2970 = CARTESIAN_POINT('',(3.686961591309,7.56929714034));
#2971 = VECTOR('',#2972,1.);
#2972 = DIRECTION('',(-1.,0.));
#2973 = ( GEOMETRIC_REPRESENTATION_CONTEXT(2) 
PARAMETRIC_REPRESENTATION_CONTEXT() REPRESENTATION_CONTEXT('2D SPACE',''
  ) );
#2974 = PCURVE('',#2628,#2975);
#2975 = DEFINITIONAL_REPRESENTATION('',(#2976),#2980);
#2976 = LINE('',#2977,#2978);
#2977 = CARTESIAN_POINT('',(0.,-3.01));
#2978 = VECTOR('',#2979,1.);
#2979 = DIRECTION('',(1.,0.));
#2980 = ( GEOMETRIC_REPRESENTATION_CONTEXT(2) 
PARAMETRIC_REPRESENTATION_CONTEXT() REPRESENTATION_CONTEXT('2D SPACE',''
  ) );
#2981 = ORIENTED_EDGE('',*,*,#2982,.T.);
#2982 = EDGE_CURVE('',#2960,#2983,#2985,.T.);
#2983 = VERTEX_POINT('',#2984);
#2984 = CARTESIAN_POINT('',(0.,7.32,3.01));
#2985 = SURFACE_CURVE('',#2986,(#2990,#2997),.PCURVE_S1.);
#2986 = LINE('',#2987,#2988);
#2987 = CARTESIAN_POINT('',(0.,16.3,3.01));
#2988 = VECTOR('',#2989,1.);
#2989 = DIRECTION('',(0.,-1.,0.));
#2990 = PCURVE('',#1879,#2991);
#2991 = DEFINITIONAL_REPRESENTATION('',(#2992),#2996);
#2992 = LINE('',#2993,#2994);
#2993 = CARTESIAN_POINT('',(-5.863038408691,7.56929714034));
#2994 = VECTOR('',#2995,1.);
#2995 = DIRECTION('',(0.,-1.));
#2996 = ( GEOMETRIC_REPRESENTATION_CONTEXT(2) 
PARAMETRIC_REPRESENTATION_CONTEXT() REPRESENTATION_CONTEXT('2D SPACE',''
  ) );
#2997 = PCURVE('',#2656,#2998);
#2998 = DEFINITIONAL_REPRESENTATION('',(#2999),#3003);
#2999 = LINE('',#3000,#3001);
#3000 = CARTESIAN_POINT('',(0.,-3.01));
#3001 = VECTOR('',#3002,1.);
#3002 = DIRECTION('',(1.,0.));
#3003 = ( GEOMETRIC_REPRESENTATION_CONTEXT(2) 
PARAMETRIC_REPRESENTATION_CONTEXT() REPRESENTATION_CONTEXT('2D SPACE',''
  ) );
#3004 = ORIENTED_EDGE('',*,*,#3005,.T.);
#3005 = EDGE_CURVE('',#2983,#3006,#3008,.T.);
#3006 = VERTEX_POINT('',#3007);
#3007 = CARTESIAN_POINT('',(2.87,7.32,3.01));
#3008 = SURFACE_CURVE('',#3009,(#3013,#3020),.PCURVE_S1.);
#3009 = LINE('',#3010,#3011);
#3010 = CARTESIAN_POINT('',(0.,7.32,3.01));
#3011 = VECTOR('',#3012,1.);
#3012 = DIRECTION('',(1.,0.,0.));
#3013 = PCURVE('',#1879,#3014);
#3014 = DEFINITIONAL_REPRESENTATION('',(#3015),#3019);
#3015 = LINE('',#3016,#3017);
#3016 = CARTESIAN_POINT('',(-5.863038408691,-1.41070285966));
#3017 = VECTOR('',#3018,1.);
#3018 = DIRECTION('',(1.,0.));
#3019 = ( GEOMETRIC_REPRESENTATION_CONTEXT(2) 
PARAMETRIC_REPRESENTATION_CONTEXT() REPRESENTATION_CONTEXT('2D SPACE',''
  ) );
#3020 = PCURVE('',#2682,#3021);
#3021 = DEFINITIONAL_REPRESENTATION('',(#3022),#3026);
#3022 = LINE('',#3023,#3024);
#3023 = CARTESIAN_POINT('',(0.,-3.01));
#3024 = VECTOR('',#3025,1.);
#3025 = DIRECTION('',(1.,0.));
#3026 = ( GEOMETRIC_REPRESENTATION_CONTEXT(2) 
PARAMETRIC_REPRESENTATION_CONTEXT() REPRESENTATION_CONTEXT('2D SPACE',''
  ) );
#3027 = ORIENTED_EDGE('',*,*,#3028,.T.);
#3028 = EDGE_CURVE('',#3006,#1836,#3029,.T.);
#3029 = SURFACE_CURVE('',#3030,(#3034,#3041),.PCURVE_S1.);
#3030 = LINE('',#3031,#3032);
#3031 = CARTESIAN_POINT('',(2.87,7.32,3.01));
#3032 = VECTOR('',#3033,1.);
#3033 = DIRECTION('',(3.822341272335E-02,-0.999269218339,0.));
#3034 = PCURVE('',#1879,#3035);
#3035 = DEFINITIONAL_REPRESENTATION('',(#3036),#3040);
#3036 = LINE('',#3037,#3038);
#3037 = CARTESIAN_POINT('',(-2.993038408691,-1.41070285966));
#3038 = VECTOR('',#3039,1.);
#3039 = DIRECTION('',(3.822341272335E-02,-0.999269218339));
#3040 = ( GEOMETRIC_REPRESENTATION_CONTEXT(2) 
PARAMETRIC_REPRESENTATION_CONTEXT() REPRESENTATION_CONTEXT('2D SPACE',''
  ) );
#3041 = PCURVE('',#1851,#3042);
#3042 = DEFINITIONAL_REPRESENTATION('',(#3043),#3047);
#3043 = LINE('',#3044,#3045);
#3044 = CARTESIAN_POINT('',(0.,-3.01));
#3045 = VECTOR('',#3046,1.);
#3046 = DIRECTION('',(1.,0.));
#3047 = ( GEOMETRIC_REPRESENTATION_CONTEXT(2) 
PARAMETRIC_REPRESENTATION_CONTEXT() REPRESENTATION_CONTEXT('2D SPACE',''
  ) );
#3048 = FACE_BOUND('',#3049,.T.);
#3049 = EDGE_LOOP('',(#3050,#3073,#3094,#3115,#3136,#3157,#3178,#3199,
    #3220,#3241));
#3050 = ORIENTED_EDGE('',*,*,#3051,.T.);
#3051 = EDGE_CURVE('',#3052,#3054,#3056,.T.);
#3052 = VERTEX_POINT('',#3053);
#3053 = CARTESIAN_POINT('',(9.15,8.7,3.01));
#3054 = VERTEX_POINT('',#3055);
#3055 = CARTESIAN_POINT('',(9.15,0.4,3.01));
#3056 = SURFACE_CURVE('',#3057,(#3061,#3067),.PCURVE_S1.);
#3057 = LINE('',#3058,#3059);
#3058 = CARTESIAN_POINT('',(9.15,4.56535142983,3.01));
#3059 = VECTOR('',#3060,1.);
#3060 = DIRECTION('',(0.,-1.,0.));
#3061 = PCURVE('',#1879,#3062);
#3062 = DEFINITIONAL_REPRESENTATION('',(#3063),#3066);
#3063 = B_SPLINE_CURVE_WITH_KNOTS('',1,(#3064,#3065),.UNSPECIFIED.,.F.,
  .F.,(2,2),(-4.13464857017,4.16535142983),.PIECEWISE_BEZIER_KNOTS.);
#3064 = CARTESIAN_POINT('',(3.286961591309,-3.070285966045E-02));
#3065 = CARTESIAN_POINT('',(3.286961591309,-8.33070285966));
#3066 = ( GEOMETRIC_REPRESENTATION_CONTEXT(2) 
PARAMETRIC_REPRESENTATION_CONTEXT() REPRESENTATION_CONTEXT('2D SPACE',''
  ) );
#3067 = PCURVE('',#2423,#3068);
#3068 = DEFINITIONAL_REPRESENTATION('',(#3069),#3072);
#3069 = B_SPLINE_CURVE_WITH_KNOTS('',1,(#3070,#3071),.UNSPECIFIED.,.F.,
  .F.,(2,2),(-4.13464857017,4.16535142983),.PIECEWISE_BEZIER_KNOTS.);
#3070 = CARTESIAN_POINT('',(8.3,-3.02));
#3071 = CARTESIAN_POINT('',(0.,-3.02));
#3072 = ( GEOMETRIC_REPRESENTATION_CONTEXT(2) 
PARAMETRIC_REPRESENTATION_CONTEXT() REPRESENTATION_CONTEXT('2D SPACE',''
  ) );
#3073 = ORIENTED_EDGE('',*,*,#3074,.T.);
#3074 = EDGE_CURVE('',#3054,#3075,#3077,.T.);
#3075 = VERTEX_POINT('',#3076);
#3076 = CARTESIAN_POINT('',(3.534991979989,0.4,3.01));
#3077 = SURFACE_CURVE('',#3078,(#3082,#3088),.PCURVE_S1.);
#3078 = LINE('',#3079,#3080);
#3079 = CARTESIAN_POINT('',(4.69901519434,0.4,3.01));
#3080 = VECTOR('',#3081,1.);
#3081 = DIRECTION('',(-1.,0.,0.));
#3082 = PCURVE('',#1879,#3083);
#3083 = DEFINITIONAL_REPRESENTATION('',(#3084),#3087);
#3084 = B_SPLINE_CURVE_WITH_KNOTS('',1,(#3085,#3086),.UNSPECIFIED.,.F.,
  .F.,(2,2),(-4.45098480566,1.164023214351),.PIECEWISE_BEZIER_KNOTS.);
#3085 = CARTESIAN_POINT('',(3.286961591309,-8.33070285966));
#3086 = CARTESIAN_POINT('',(-2.328046428702,-8.33070285966));
#3087 = ( GEOMETRIC_REPRESENTATION_CONTEXT(2) 
PARAMETRIC_REPRESENTATION_CONTEXT() REPRESENTATION_CONTEXT('2D SPACE',''
  ) );
#3088 = PCURVE('',#2189,#3089);
#3089 = DEFINITIONAL_REPRESENTATION('',(#3090),#3093);
#3090 = B_SPLINE_CURVE_WITH_KNOTS('',1,(#3091,#3092),.UNSPECIFIED.,.F.,
  .F.,(2,2),(-4.45098480566,1.164023214351),.PIECEWISE_BEZIER_KNOTS.);
#3091 = CARTESIAN_POINT('',(5.615008020011,-3.02));
#3092 = CARTESIAN_POINT('',(0.,-3.02));
#3093 = ( GEOMETRIC_REPRESENTATION_CONTEXT(2) 
PARAMETRIC_REPRESENTATION_CONTEXT() REPRESENTATION_CONTEXT('2D SPACE',''
  ) );
#3094 = ORIENTED_EDGE('',*,*,#3095,.T.);
#3095 = EDGE_CURVE('',#3075,#3096,#3098,.T.);
#3096 = VERTEX_POINT('',#3097);
#3097 = CARTESIAN_POINT('',(3.254991979989,7.72,3.01));
#3098 = SURFACE_CURVE('',#3099,(#3103,#3109),.PCURVE_S1.);
#3099 = LINE('',#3100,#3101);
#3100 = CARTESIAN_POINT('',(3.237595055781,8.174805304312,3.01));
#3101 = VECTOR('',#3102,1.);
#3102 = DIRECTION('',(-3.822341272335E-02,0.999269218339,0.));
#3103 = PCURVE('',#1879,#3104);
#3104 = DEFINITIONAL_REPRESENTATION('',(#3105),#3108);
#3105 = B_SPLINE_CURVE_WITH_KNOTS('',1,(#3106,#3107),.UNSPECIFIED.,.F.,
  .F.,(2,2),(-7.780491144554,-0.45513791075),.PIECEWISE_BEZIER_KNOTS.);
#3106 = CARTESIAN_POINT('',(-2.328046428702,-8.33070285966));
#3107 = CARTESIAN_POINT('',(-2.608046428702,-1.01070285966));
#3108 = ( GEOMETRIC_REPRESENTATION_CONTEXT(2) 
PARAMETRIC_REPRESENTATION_CONTEXT() REPRESENTATION_CONTEXT('2D SPACE',''
  ) );
#3109 = PCURVE('',#2215,#3110);
#3110 = DEFINITIONAL_REPRESENTATION('',(#3111),#3114);
#3111 = B_SPLINE_CURVE_WITH_KNOTS('',1,(#3112,#3113),.UNSPECIFIED.,.F.,
  .F.,(2,2),(-7.780491144554,-0.45513791075),.PIECEWISE_BEZIER_KNOTS.);
#3112 = CARTESIAN_POINT('',(7.325353233804,-3.02));
#3113 = CARTESIAN_POINT('',(-8.881784197001E-16,-3.02));
#3114 = ( GEOMETRIC_REPRESENTATION_CONTEXT(2) 
PARAMETRIC_REPRESENTATION_CONTEXT() REPRESENTATION_CONTEXT('2D SPACE',''
  ) );
#3115 = ORIENTED_EDGE('',*,*,#3116,.T.);
#3116 = EDGE_CURVE('',#3096,#3117,#3119,.T.);
#3117 = VERTEX_POINT('',#3118);
#3118 = CARTESIAN_POINT('',(0.4,7.72,3.01));
#3119 = SURFACE_CURVE('',#3120,(#3124,#3130),.PCURVE_S1.);
#3120 = LINE('',#3121,#3122);
#3121 = CARTESIAN_POINT('',(3.131519204346,7.72,3.01));
#3122 = VECTOR('',#3123,1.);
#3123 = DIRECTION('',(-1.,0.,0.));
#3124 = PCURVE('',#1879,#3125);
#3125 = DEFINITIONAL_REPRESENTATION('',(#3126),#3129);
#3126 = B_SPLINE_CURVE_WITH_KNOTS('',1,(#3127,#3128),.UNSPECIFIED.,.F.,
  .F.,(2,2),(-0.123472775644,2.731519204346),.PIECEWISE_BEZIER_KNOTS.);
#3127 = CARTESIAN_POINT('',(-2.608046428702,-1.01070285966));
#3128 = CARTESIAN_POINT('',(-5.463038408691,-1.01070285966));
#3129 = ( GEOMETRIC_REPRESENTATION_CONTEXT(2) 
PARAMETRIC_REPRESENTATION_CONTEXT() REPRESENTATION_CONTEXT('2D SPACE',''
  ) );
#3130 = PCURVE('',#2241,#3131);
#3131 = DEFINITIONAL_REPRESENTATION('',(#3132),#3135);
#3132 = B_SPLINE_CURVE_WITH_KNOTS('',1,(#3133,#3134),.UNSPECIFIED.,.F.,
  .F.,(2,2),(-0.123472775644,2.731519204346),.PIECEWISE_BEZIER_KNOTS.);
#3133 = CARTESIAN_POINT('',(2.854991979989,-3.02));
#3134 = CARTESIAN_POINT('',(0.,-3.02));
#3135 = ( GEOMETRIC_REPRESENTATION_CONTEXT(2) 
PARAMETRIC_REPRESENTATION_CONTEXT() REPRESENTATION_CONTEXT('2D SPACE',''
  ) );
#3136 = ORIENTED_EDGE('',*,*,#3137,.T.);
#3137 = EDGE_CURVE('',#3117,#3138,#3140,.T.);
#3138 = VERTEX_POINT('',#3139);
#3139 = CARTESIAN_POINT('',(0.4,15.9,3.01));
#3140 = SURFACE_CURVE('',#3141,(#3145,#3151),.PCURVE_S1.);
#3141 = LINE('',#3142,#3143);
#3142 = CARTESIAN_POINT('',(0.4,12.31535142983,3.01));
#3143 = VECTOR('',#3144,1.);
#3144 = DIRECTION('',(-0.,1.,0.));
#3145 = PCURVE('',#1879,#3146);
#3146 = DEFINITIONAL_REPRESENTATION('',(#3147),#3150);
#3147 = B_SPLINE_CURVE_WITH_KNOTS('',1,(#3148,#3149),.UNSPECIFIED.,.F.,
  .F.,(2,2),(-4.59535142983,3.58464857017),.PIECEWISE_BEZIER_KNOTS.);
#3148 = CARTESIAN_POINT('',(-5.463038408691,-1.01070285966));
#3149 = CARTESIAN_POINT('',(-5.463038408691,7.16929714034));
#3150 = ( GEOMETRIC_REPRESENTATION_CONTEXT(2) 
PARAMETRIC_REPRESENTATION_CONTEXT() REPRESENTATION_CONTEXT('2D SPACE',''
  ) );
#3151 = PCURVE('',#2267,#3152);
#3152 = DEFINITIONAL_REPRESENTATION('',(#3153),#3156);
#3153 = B_SPLINE_CURVE_WITH_KNOTS('',1,(#3154,#3155),.UNSPECIFIED.,.F.,
  .F.,(2,2),(-4.59535142983,3.58464857017),.PIECEWISE_BEZIER_KNOTS.);
#3154 = CARTESIAN_POINT('',(8.18,-3.02));
#3155 = CARTESIAN_POINT('',(0.,-3.02));
#3156 = ( GEOMETRIC_REPRESENTATION_CONTEXT(2) 
PARAMETRIC_REPRESENTATION_CONTEXT() REPRESENTATION_CONTEXT('2D SPACE',''
  ) );
#3157 = ORIENTED_EDGE('',*,*,#3158,.T.);
#3158 = EDGE_CURVE('',#3138,#3159,#3161,.T.);
#3159 = VERTEX_POINT('',#3160);
#3160 = CARTESIAN_POINT('',(9.15,15.9,3.01));
#3161 = SURFACE_CURVE('',#3162,(#3166,#3172),.PCURVE_S1.);
#3162 = LINE('',#3163,#3164);
#3163 = CARTESIAN_POINT('',(7.506519204346,15.9,3.01));
#3164 = VECTOR('',#3165,1.);
#3165 = DIRECTION('',(1.,0.,-0.));
#3166 = PCURVE('',#1879,#3167);
#3167 = DEFINITIONAL_REPRESENTATION('',(#3168),#3171);
#3168 = B_SPLINE_CURVE_WITH_KNOTS('',1,(#3169,#3170),.UNSPECIFIED.,.F.,
  .F.,(2,2),(-7.106519204346,1.643480795654),.PIECEWISE_BEZIER_KNOTS.);
#3169 = CARTESIAN_POINT('',(-5.463038408691,7.16929714034));
#3170 = CARTESIAN_POINT('',(3.286961591309,7.16929714034));
#3171 = ( GEOMETRIC_REPRESENTATION_CONTEXT(2) 
PARAMETRIC_REPRESENTATION_CONTEXT() REPRESENTATION_CONTEXT('2D SPACE',''
  ) );
#3172 = PCURVE('',#2293,#3173);
#3173 = DEFINITIONAL_REPRESENTATION('',(#3174),#3177);
#3174 = B_SPLINE_CURVE_WITH_KNOTS('',1,(#3175,#3176),.UNSPECIFIED.,.F.,
  .F.,(2,2),(-7.106519204346,1.643480795654),.PIECEWISE_BEZIER_KNOTS.);
#3175 = CARTESIAN_POINT('',(8.75,-3.02));
#3176 = CARTESIAN_POINT('',(0.,-3.02));
#3177 = ( GEOMETRIC_REPRESENTATION_CONTEXT(2) 
PARAMETRIC_REPRESENTATION_CONTEXT() REPRESENTATION_CONTEXT('2D SPACE',''
  ) );
#3178 = ORIENTED_EDGE('',*,*,#3179,.T.);
#3179 = EDGE_CURVE('',#3159,#3180,#3182,.T.);
#3180 = VERTEX_POINT('',#3181);
#3181 = CARTESIAN_POINT('',(9.15,11.4,3.01));
#3182 = SURFACE_CURVE('',#3183,(#3187,#3193),.PCURVE_S1.);
#3183 = LINE('',#3184,#3185);
#3184 = CARTESIAN_POINT('',(9.15,10.06535142983,3.01));
#3185 = VECTOR('',#3186,1.);
#3186 = DIRECTION('',(0.,-1.,0.));
#3187 = PCURVE('',#1879,#3188);
#3188 = DEFINITIONAL_REPRESENTATION('',(#3189),#3192);
#3189 = B_SPLINE_CURVE_WITH_KNOTS('',1,(#3190,#3191),.UNSPECIFIED.,.F.,
  .F.,(2,2),(-5.83464857017,-1.33464857017),.PIECEWISE_BEZIER_KNOTS.);
#3190 = CARTESIAN_POINT('',(3.286961591309,7.16929714034));
#3191 = CARTESIAN_POINT('',(3.286961591309,2.66929714034));
#3192 = ( GEOMETRIC_REPRESENTATION_CONTEXT(2) 
PARAMETRIC_REPRESENTATION_CONTEXT() REPRESENTATION_CONTEXT('2D SPACE',''
  ) );
#3193 = PCURVE('',#2319,#3194);
#3194 = DEFINITIONAL_REPRESENTATION('',(#3195),#3198);
#3195 = B_SPLINE_CURVE_WITH_KNOTS('',1,(#3196,#3197),.UNSPECIFIED.,.F.,
  .F.,(2,2),(-5.83464857017,-1.33464857017),.PIECEWISE_BEZIER_KNOTS.);
#3196 = CARTESIAN_POINT('',(4.5,-3.02));
#3197 = CARTESIAN_POINT('',(0.,-3.02));
#3198 = ( GEOMETRIC_REPRESENTATION_CONTEXT(2) 
PARAMETRIC_REPRESENTATION_CONTEXT() REPRESENTATION_CONTEXT('2D SPACE',''
  ) );
#3199 = ORIENTED_EDGE('',*,*,#3200,.T.);
#3200 = EDGE_CURVE('',#3180,#3201,#3203,.T.);
#3201 = VERTEX_POINT('',#3202);
#3202 = CARTESIAN_POINT('',(11.65,11.4,3.01));
#3203 = SURFACE_CURVE('',#3204,(#3208,#3214),.PCURVE_S1.);
#3204 = LINE('',#3205,#3206);
#3205 = CARTESIAN_POINT('',(8.756519204346,11.4,3.01));
#3206 = VECTOR('',#3207,1.);
#3207 = DIRECTION('',(1.,0.,-0.));
#3208 = PCURVE('',#1879,#3209);
#3209 = DEFINITIONAL_REPRESENTATION('',(#3210),#3213);
#3210 = B_SPLINE_CURVE_WITH_KNOTS('',1,(#3211,#3212),.UNSPECIFIED.,.F.,
  .F.,(2,2),(0.393480795654,2.893480795654),.PIECEWISE_BEZIER_KNOTS.);
#3211 = CARTESIAN_POINT('',(3.286961591309,2.66929714034));
#3212 = CARTESIAN_POINT('',(5.786961591309,2.66929714034));
#3213 = ( GEOMETRIC_REPRESENTATION_CONTEXT(2) 
PARAMETRIC_REPRESENTATION_CONTEXT() REPRESENTATION_CONTEXT('2D SPACE',''
  ) );
#3214 = PCURVE('',#2345,#3215);
#3215 = DEFINITIONAL_REPRESENTATION('',(#3216),#3219);
#3216 = B_SPLINE_CURVE_WITH_KNOTS('',1,(#3217,#3218),.UNSPECIFIED.,.F.,
  .F.,(2,2),(0.393480795654,2.893480795654),.PIECEWISE_BEZIER_KNOTS.);
#3217 = CARTESIAN_POINT('',(2.5,-3.02));
#3218 = CARTESIAN_POINT('',(-4.440892098501E-16,-3.02));
#3219 = ( GEOMETRIC_REPRESENTATION_CONTEXT(2) 
PARAMETRIC_REPRESENTATION_CONTEXT() REPRESENTATION_CONTEXT('2D SPACE',''
  ) );
#3220 = ORIENTED_EDGE('',*,*,#3221,.T.);
#3221 = EDGE_CURVE('',#3201,#3222,#3224,.T.);
#3222 = VERTEX_POINT('',#3223);
#3223 = CARTESIAN_POINT('',(11.65,8.7,3.01));
#3224 = SURFACE_CURVE('',#3225,(#3229,#3235),.PCURVE_S1.);
#3225 = LINE('',#3226,#3227);
#3226 = CARTESIAN_POINT('',(11.65,8.71535142983,3.01));
#3227 = VECTOR('',#3228,1.);
#3228 = DIRECTION('',(0.,-1.,0.));
#3229 = PCURVE('',#1879,#3230);
#3230 = DEFINITIONAL_REPRESENTATION('',(#3231),#3234);
#3231 = B_SPLINE_CURVE_WITH_KNOTS('',1,(#3232,#3233),.UNSPECIFIED.,.F.,
  .F.,(2,2),(-2.68464857017,1.535142983022E-02),
  .PIECEWISE_BEZIER_KNOTS.);
#3232 = CARTESIAN_POINT('',(5.786961591309,2.66929714034));
#3233 = CARTESIAN_POINT('',(5.786961591309,-3.070285966045E-02));
#3234 = ( GEOMETRIC_REPRESENTATION_CONTEXT(2) 
PARAMETRIC_REPRESENTATION_CONTEXT() REPRESENTATION_CONTEXT('2D SPACE',''
  ) );
#3235 = PCURVE('',#2371,#3236);
#3236 = DEFINITIONAL_REPRESENTATION('',(#3237),#3240);
#3237 = B_SPLINE_CURVE_WITH_KNOTS('',1,(#3238,#3239),.UNSPECIFIED.,.F.,
  .F.,(2,2),(-2.68464857017,1.535142983022E-02),
  .PIECEWISE_BEZIER_KNOTS.);
#3238 = CARTESIAN_POINT('',(2.7,-3.02));
#3239 = CARTESIAN_POINT('',(0.,-3.02));
#3240 = ( GEOMETRIC_REPRESENTATION_CONTEXT(2) 
PARAMETRIC_REPRESENTATION_CONTEXT() REPRESENTATION_CONTEXT('2D SPACE',''
  ) );
#3241 = ORIENTED_EDGE('',*,*,#3242,.T.);
#3242 = EDGE_CURVE('',#3222,#3052,#3243,.T.);
#3243 = SURFACE_CURVE('',#3244,(#3248,#3254),.PCURVE_S1.);
#3244 = LINE('',#3245,#3246);
#3245 = CARTESIAN_POINT('',(7.506519204346,8.7,3.01));
#3246 = VECTOR('',#3247,1.);
#3247 = DIRECTION('',(-1.,0.,0.));
#3248 = PCURVE('',#1879,#3249);
#3249 = DEFINITIONAL_REPRESENTATION('',(#3250),#3253);
#3250 = B_SPLINE_CURVE_WITH_KNOTS('',1,(#3251,#3252),.UNSPECIFIED.,.F.,
  .F.,(2,2),(-4.143480795654,-1.643480795654),.PIECEWISE_BEZIER_KNOTS.);
#3251 = CARTESIAN_POINT('',(5.786961591309,-3.070285966045E-02));
#3252 = CARTESIAN_POINT('',(3.286961591309,-3.070285966045E-02));
#3253 = ( GEOMETRIC_REPRESENTATION_CONTEXT(2) 
PARAMETRIC_REPRESENTATION_CONTEXT() REPRESENTATION_CONTEXT('2D SPACE',''
  ) );
#3254 = PCURVE('',#2397,#3255);
#3255 = DEFINITIONAL_REPRESENTATION('',(#3256),#3259);
#3256 = B_SPLINE_CURVE_WITH_KNOTS('',1,(#3257,#3258),.UNSPECIFIED.,.F.,
  .F.,(2,2),(-4.143480795654,-1.643480795654),.PIECEWISE_BEZIER_KNOTS.);
#3257 = CARTESIAN_POINT('',(2.5,-3.02));
#3258 = CARTESIAN_POINT('',(0.,-3.02));
#3259 = ( GEOMETRIC_REPRESENTATION_CONTEXT(2) 
PARAMETRIC_REPRESENTATION_CONTEXT() REPRESENTATION_CONTEXT('2D SPACE',''
  ) );
#3260 = ADVANCED_FACE('',(#3261),#1851,.F.);
#3261 = FACE_BOUND('',#3262,.F.);
#3262 = EDGE_LOOP('',(#3263,#3284,#3285,#3286));
#3263 = ORIENTED_EDGE('',*,*,#3264,.T.);
#3264 = EDGE_CURVE('',#2128,#3006,#3265,.T.);
#3265 = SURFACE_CURVE('',#3266,(#3270,#3277),.PCURVE_S1.);
#3266 = LINE('',#3267,#3268);
#3267 = CARTESIAN_POINT('',(2.87,7.32,0.));
#3268 = VECTOR('',#3269,1.);
#3269 = DIRECTION('',(0.,0.,1.));
#3270 = PCURVE('',#1851,#3271);
#3271 = DEFINITIONAL_REPRESENTATION('',(#3272),#3276);
#3272 = LINE('',#3273,#3274);
#3273 = CARTESIAN_POINT('',(0.,0.));
#3274 = VECTOR('',#3275,1.);
#3275 = DIRECTION('',(0.,-1.));
#3276 = ( GEOMETRIC_REPRESENTATION_CONTEXT(2) 
PARAMETRIC_REPRESENTATION_CONTEXT() REPRESENTATION_CONTEXT('2D SPACE',''
  ) );
#3277 = PCURVE('',#2682,#3278);
#3278 = DEFINITIONAL_REPRESENTATION('',(#3279),#3283);
#3279 = LINE('',#3280,#3281);
#3280 = CARTESIAN_POINT('',(2.87,0.));
#3281 = VECTOR('',#3282,1.);
#3282 = DIRECTION('',(0.,-1.));
#3283 = ( GEOMETRIC_REPRESENTATION_CONTEXT(2) 
PARAMETRIC_REPRESENTATION_CONTEXT() REPRESENTATION_CONTEXT('2D SPACE',''
  ) );
#3284 = ORIENTED_EDGE('',*,*,#3028,.T.);
#3285 = ORIENTED_EDGE('',*,*,#1835,.F.);
#3286 = ORIENTED_EDGE('',*,*,#2127,.F.);
#3287 = ADVANCED_FACE('',(#3288),#2037,.F.);
#3288 = FACE_BOUND('',#3289,.F.);
#3289 = EDGE_LOOP('',(#3290,#3313,#3314,#3337));
#3290 = ORIENTED_EDGE('',*,*,#3291,.F.);
#3291 = EDGE_CURVE('',#2021,#3292,#3294,.T.);
#3292 = VERTEX_POINT('',#3293);
#3293 = CARTESIAN_POINT('',(3.55,0.4,2.55));
#3294 = SURFACE_CURVE('',#3295,(#3299,#3306),.PCURVE_S1.);
#3295 = LINE('',#3296,#3297);
#3296 = CARTESIAN_POINT('',(3.55,-1.E-02,2.55));
#3297 = VECTOR('',#3298,1.);
#3298 = DIRECTION('',(0.,1.,0.));
#3299 = PCURVE('',#2037,#3300);
#3300 = DEFINITIONAL_REPRESENTATION('',(#3301),#3305);
#3301 = LINE('',#3302,#3303);
#3302 = CARTESIAN_POINT('',(0.,0.));
#3303 = VECTOR('',#3304,1.);
#3304 = DIRECTION('',(0.,1.));
#3305 = ( GEOMETRIC_REPRESENTATION_CONTEXT(2) 
PARAMETRIC_REPRESENTATION_CONTEXT() REPRESENTATION_CONTEXT('2D SPACE',''
  ) );
#3306 = PCURVE('',#2063,#3307);
#3307 = DEFINITIONAL_REPRESENTATION('',(#3308),#3312);
#3308 = LINE('',#3309,#3310);
#3309 = CARTESIAN_POINT('',(2.45,0.));
#3310 = VECTOR('',#3311,1.);
#3311 = DIRECTION('',(0.,-1.));
#3312 = ( GEOMETRIC_REPRESENTATION_CONTEXT(2) 
PARAMETRIC_REPRESENTATION_CONTEXT() REPRESENTATION_CONTEXT('2D SPACE',''
  ) );
#3313 = ORIENTED_EDGE('',*,*,#2020,.T.);
#3314 = ORIENTED_EDGE('',*,*,#3315,.T.);
#3315 = EDGE_CURVE('',#2023,#3316,#3318,.T.);
#3316 = VERTEX_POINT('',#3317);
#3317 = CARTESIAN_POINT('',(7.75,0.4,2.55));
#3318 = SURFACE_CURVE('',#3319,(#3323,#3330),.PCURVE_S1.);
#3319 = LINE('',#3320,#3321);
#3320 = CARTESIAN_POINT('',(7.75,-1.E-02,2.55));
#3321 = VECTOR('',#3322,1.);
#3322 = DIRECTION('',(0.,1.,0.));
#3323 = PCURVE('',#2037,#3324);
#3324 = DEFINITIONAL_REPRESENTATION('',(#3325),#3329);
#3325 = LINE('',#3326,#3327);
#3326 = CARTESIAN_POINT('',(4.2,0.));
#3327 = VECTOR('',#3328,1.);
#3328 = DIRECTION('',(0.,1.));
#3329 = ( GEOMETRIC_REPRESENTATION_CONTEXT(2) 
PARAMETRIC_REPRESENTATION_CONTEXT() REPRESENTATION_CONTEXT('2D SPACE',''
  ) );
#3330 = PCURVE('',#2113,#3331);
#3331 = DEFINITIONAL_REPRESENTATION('',(#3332),#3336);
#3332 = LINE('',#3333,#3334);
#3333 = CARTESIAN_POINT('',(2.45,0.));
#3334 = VECTOR('',#3335,1.);
#3335 = DIRECTION('',(0.,-1.));
#3336 = ( GEOMETRIC_REPRESENTATION_CONTEXT(2) 
PARAMETRIC_REPRESENTATION_CONTEXT() REPRESENTATION_CONTEXT('2D SPACE',''
  ) );
#3337 = ORIENTED_EDGE('',*,*,#3338,.F.);
#3338 = EDGE_CURVE('',#3292,#3316,#3339,.T.);
#3339 = SURFACE_CURVE('',#3340,(#3344,#3350),.PCURVE_S1.);
#3340 = LINE('',#3341,#3342);
#3341 = CARTESIAN_POINT('',(3.542495989995,0.4,2.55));
#3342 = VECTOR('',#3343,1.);
#3343 = DIRECTION('',(1.,0.,0.));
#3344 = PCURVE('',#2037,#3345);
#3345 = DEFINITIONAL_REPRESENTATION('',(#3346),#3349);
#3346 = B_SPLINE_CURVE_WITH_KNOTS('',1,(#3347,#3348),.UNSPECIFIED.,.F.,
  .F.,(2,2),(7.50401000536E-03,4.207504010005),
  .PIECEWISE_BEZIER_KNOTS.);
#3347 = CARTESIAN_POINT('',(0.,0.41));
#3348 = CARTESIAN_POINT('',(4.2,0.41));
#3349 = ( GEOMETRIC_REPRESENTATION_CONTEXT(2) 
PARAMETRIC_REPRESENTATION_CONTEXT() REPRESENTATION_CONTEXT('2D SPACE',''
  ) );
#3350 = PCURVE('',#2189,#3351);
#3351 = DEFINITIONAL_REPRESENTATION('',(#3352),#3355);
#3352 = B_SPLINE_CURVE_WITH_KNOTS('',1,(#3353,#3354),.UNSPECIFIED.,.F.,
  .F.,(2,2),(7.50401000536E-03,4.207504010005),
  .PIECEWISE_BEZIER_KNOTS.);
#3353 = CARTESIAN_POINT('',(1.500802001072E-02,-2.56));
#3354 = CARTESIAN_POINT('',(4.215008020011,-2.56));
#3355 = ( GEOMETRIC_REPRESENTATION_CONTEXT(2) 
PARAMETRIC_REPRESENTATION_CONTEXT() REPRESENTATION_CONTEXT('2D SPACE',''
  ) );
#3356 = ADVANCED_FACE('',(#3357),#2063,.T.);
#3357 = FACE_BOUND('',#3358,.T.);
#3358 = EDGE_LOOP('',(#3359,#3360,#3361,#3384));
#3359 = ORIENTED_EDGE('',*,*,#3291,.F.);
#3360 = ORIENTED_EDGE('',*,*,#2048,.T.);
#3361 = ORIENTED_EDGE('',*,*,#3362,.T.);
#3362 = EDGE_CURVE('',#2049,#3363,#3365,.T.);
#3363 = VERTEX_POINT('',#3364);
#3364 = CARTESIAN_POINT('',(3.55,0.4,0.1));
#3365 = SURFACE_CURVE('',#3366,(#3370,#3377),.PCURVE_S1.);
#3366 = LINE('',#3367,#3368);
#3367 = CARTESIAN_POINT('',(3.55,-1.E-02,0.1));
#3368 = VECTOR('',#3369,1.);
#3369 = DIRECTION('',(0.,1.,0.));
#3370 = PCURVE('',#2063,#3371);
#3371 = DEFINITIONAL_REPRESENTATION('',(#3372),#3376);
#3372 = LINE('',#3373,#3374);
#3373 = CARTESIAN_POINT('',(0.,0.));
#3374 = VECTOR('',#3375,1.);
#3375 = DIRECTION('',(0.,-1.));
#3376 = ( GEOMETRIC_REPRESENTATION_CONTEXT(2) 
PARAMETRIC_REPRESENTATION_CONTEXT() REPRESENTATION_CONTEXT('2D SPACE',''
  ) );
#3377 = PCURVE('',#2089,#3378);
#3378 = DEFINITIONAL_REPRESENTATION('',(#3379),#3383);
#3379 = LINE('',#3380,#3381);
#3380 = CARTESIAN_POINT('',(0.,0.));
#3381 = VECTOR('',#3382,1.);
#3382 = DIRECTION('',(0.,1.));
#3383 = ( GEOMETRIC_REPRESENTATION_CONTEXT(2) 
PARAMETRIC_REPRESENTATION_CONTEXT() REPRESENTATION_CONTEXT('2D SPACE',''
  ) );
#3384 = ORIENTED_EDGE('',*,*,#3385,.F.);
#3385 = EDGE_CURVE('',#3292,#3363,#3386,.T.);
#3386 = SURFACE_CURVE('',#3387,(#3391,#3397),.PCURVE_S1.);
#3387 = LINE('',#3388,#3389);
#3388 = CARTESIAN_POINT('',(3.55,0.4,4.5E-02));
#3389 = VECTOR('',#3390,1.);
#3390 = DIRECTION('',(0.,0.,-1.));
#3391 = PCURVE('',#2063,#3392);
#3392 = DEFINITIONAL_REPRESENTATION('',(#3393),#3396);
#3393 = B_SPLINE_CURVE_WITH_KNOTS('',1,(#3394,#3395),.UNSPECIFIED.,.F.,
  .F.,(2,2),(-2.505,-5.5E-02),.PIECEWISE_BEZIER_KNOTS.);
#3394 = CARTESIAN_POINT('',(2.45,-0.41));
#3395 = CARTESIAN_POINT('',(0.,-0.41));
#3396 = ( GEOMETRIC_REPRESENTATION_CONTEXT(2) 
PARAMETRIC_REPRESENTATION_CONTEXT() REPRESENTATION_CONTEXT('2D SPACE',''
  ) );
#3397 = PCURVE('',#2189,#3398);
#3398 = DEFINITIONAL_REPRESENTATION('',(#3399),#3402);
#3399 = B_SPLINE_CURVE_WITH_KNOTS('',1,(#3400,#3401),.UNSPECIFIED.,.F.,
  .F.,(2,2),(-2.505,-5.5E-02),.PIECEWISE_BEZIER_KNOTS.);
#3400 = CARTESIAN_POINT('',(1.500802001072E-02,-2.56));
#3401 = CARTESIAN_POINT('',(1.500802001072E-02,-0.11));
#3402 = ( GEOMETRIC_REPRESENTATION_CONTEXT(2) 
PARAMETRIC_REPRESENTATION_CONTEXT() REPRESENTATION_CONTEXT('2D SPACE',''
  ) );
#3403 = ADVANCED_FACE('',(#3404),#2113,.F.);
#3404 = FACE_BOUND('',#3405,.F.);
#3405 = EDGE_LOOP('',(#3406,#3407,#3408,#3431));
#3406 = ORIENTED_EDGE('',*,*,#3315,.F.);
#3407 = ORIENTED_EDGE('',*,*,#2100,.T.);
#3408 = ORIENTED_EDGE('',*,*,#3409,.T.);
#3409 = EDGE_CURVE('',#2075,#3410,#3412,.T.);
#3410 = VERTEX_POINT('',#3411);
#3411 = CARTESIAN_POINT('',(7.75,0.4,0.1));
#3412 = SURFACE_CURVE('',#3413,(#3417,#3424),.PCURVE_S1.);
#3413 = LINE('',#3414,#3415);
#3414 = CARTESIAN_POINT('',(7.75,-1.E-02,0.1));
#3415 = VECTOR('',#3416,1.);
#3416 = DIRECTION('',(0.,1.,0.));
#3417 = PCURVE('',#2113,#3418);
#3418 = DEFINITIONAL_REPRESENTATION('',(#3419),#3423);
#3419 = LINE('',#3420,#3421);
#3420 = CARTESIAN_POINT('',(0.,0.));
#3421 = VECTOR('',#3422,1.);
#3422 = DIRECTION('',(0.,-1.));
#3423 = ( GEOMETRIC_REPRESENTATION_CONTEXT(2) 
PARAMETRIC_REPRESENTATION_CONTEXT() REPRESENTATION_CONTEXT('2D SPACE',''
  ) );
#3424 = PCURVE('',#2089,#3425);
#3425 = DEFINITIONAL_REPRESENTATION('',(#3426),#3430);
#3426 = LINE('',#3427,#3428);
#3427 = CARTESIAN_POINT('',(4.2,0.));
#3428 = VECTOR('',#3429,1.);
#3429 = DIRECTION('',(0.,1.));
#3430 = ( GEOMETRIC_REPRESENTATION_CONTEXT(2) 
PARAMETRIC_REPRESENTATION_CONTEXT() REPRESENTATION_CONTEXT('2D SPACE',''
  ) );
#3431 = ORIENTED_EDGE('',*,*,#3432,.F.);
#3432 = EDGE_CURVE('',#3316,#3410,#3433,.T.);
#3433 = SURFACE_CURVE('',#3434,(#3438,#3444),.PCURVE_S1.);
#3434 = LINE('',#3435,#3436);
#3435 = CARTESIAN_POINT('',(7.75,0.4,4.5E-02));
#3436 = VECTOR('',#3437,1.);
#3437 = DIRECTION('',(0.,0.,-1.));
#3438 = PCURVE('',#2113,#3439);
#3439 = DEFINITIONAL_REPRESENTATION('',(#3440),#3443);
#3440 = B_SPLINE_CURVE_WITH_KNOTS('',1,(#3441,#3442),.UNSPECIFIED.,.F.,
  .F.,(2,2),(-2.505,-5.5E-02),.PIECEWISE_BEZIER_KNOTS.);
#3441 = CARTESIAN_POINT('',(2.45,-0.41));
#3442 = CARTESIAN_POINT('',(0.,-0.41));
#3443 = ( GEOMETRIC_REPRESENTATION_CONTEXT(2) 
PARAMETRIC_REPRESENTATION_CONTEXT() REPRESENTATION_CONTEXT('2D SPACE',''
  ) );
#3444 = PCURVE('',#2189,#3445);
#3445 = DEFINITIONAL_REPRESENTATION('',(#3446),#3449);
#3446 = B_SPLINE_CURVE_WITH_KNOTS('',1,(#3447,#3448),.UNSPECIFIED.,.F.,
  .F.,(2,2),(-2.505,-5.5E-02),.PIECEWISE_BEZIER_KNOTS.);
#3447 = CARTESIAN_POINT('',(4.215008020011,-2.56));
#3448 = CARTESIAN_POINT('',(4.215008020011,-0.11));
#3449 = ( GEOMETRIC_REPRESENTATION_CONTEXT(2) 
PARAMETRIC_REPRESENTATION_CONTEXT() REPRESENTATION_CONTEXT('2D SPACE',''
  ) );
#3450 = ADVANCED_FACE('',(#3451),#2089,.T.);
#3451 = FACE_BOUND('',#3452,.T.);
#3452 = EDGE_LOOP('',(#3453,#3454,#3455,#3456));
#3453 = ORIENTED_EDGE('',*,*,#3362,.F.);
#3454 = ORIENTED_EDGE('',*,*,#2074,.T.);
#3455 = ORIENTED_EDGE('',*,*,#3409,.T.);
#3456 = ORIENTED_EDGE('',*,*,#3457,.F.);
#3457 = EDGE_CURVE('',#3363,#3410,#3458,.T.);
#3458 = SURFACE_CURVE('',#3459,(#3463,#3469),.PCURVE_S1.);
#3459 = LINE('',#3460,#3461);
#3460 = CARTESIAN_POINT('',(3.542495989995,0.4,0.1));
#3461 = VECTOR('',#3462,1.);
#3462 = DIRECTION('',(1.,0.,0.));
#3463 = PCURVE('',#2089,#3464);
#3464 = DEFINITIONAL_REPRESENTATION('',(#3465),#3468);
#3465 = B_SPLINE_CURVE_WITH_KNOTS('',1,(#3466,#3467),.UNSPECIFIED.,.F.,
  .F.,(2,2),(7.50401000536E-03,4.207504010005),
  .PIECEWISE_BEZIER_KNOTS.);
#3466 = CARTESIAN_POINT('',(0.,0.41));
#3467 = CARTESIAN_POINT('',(4.2,0.41));
#3468 = ( GEOMETRIC_REPRESENTATION_CONTEXT(2) 
PARAMETRIC_REPRESENTATION_CONTEXT() REPRESENTATION_CONTEXT('2D SPACE',''
  ) );
#3469 = PCURVE('',#2189,#3470);
#3470 = DEFINITIONAL_REPRESENTATION('',(#3471),#3474);
#3471 = B_SPLINE_CURVE_WITH_KNOTS('',1,(#3472,#3473),.UNSPECIFIED.,.F.,
  .F.,(2,2),(7.50401000536E-03,4.207504010005),
  .PIECEWISE_BEZIER_KNOTS.);
#3472 = CARTESIAN_POINT('',(1.500802001072E-02,-0.11));
#3473 = CARTESIAN_POINT('',(4.215008020011,-0.11));
#3474 = ( GEOMETRIC_REPRESENTATION_CONTEXT(2) 
PARAMETRIC_REPRESENTATION_CONTEXT() REPRESENTATION_CONTEXT('2D SPACE',''
  ) );
#3475 = ADVANCED_FACE('',(#3476),#2682,.F.);
#3476 = FACE_BOUND('',#3477,.F.);
#3477 = EDGE_LOOP('',(#3478,#3499,#3500,#3501));
#3478 = ORIENTED_EDGE('',*,*,#3479,.T.);
#3479 = EDGE_CURVE('',#2641,#2983,#3480,.T.);
#3480 = SURFACE_CURVE('',#3481,(#3485,#3492),.PCURVE_S1.);
#3481 = LINE('',#3482,#3483);
#3482 = CARTESIAN_POINT('',(0.,7.32,0.));
#3483 = VECTOR('',#3484,1.);
#3484 = DIRECTION('',(0.,0.,1.));
#3485 = PCURVE('',#2682,#3486);
#3486 = DEFINITIONAL_REPRESENTATION('',(#3487),#3491);
#3487 = LINE('',#3488,#3489);
#3488 = CARTESIAN_POINT('',(0.,0.));
#3489 = VECTOR('',#3490,1.);
#3490 = DIRECTION('',(0.,-1.));
#3491 = ( GEOMETRIC_REPRESENTATION_CONTEXT(2) 
PARAMETRIC_REPRESENTATION_CONTEXT() REPRESENTATION_CONTEXT('2D SPACE',''
  ) );
#3492 = PCURVE('',#2656,#3493);
#3493 = DEFINITIONAL_REPRESENTATION('',(#3494),#3498);
#3494 = LINE('',#3495,#3496);
#3495 = CARTESIAN_POINT('',(8.98,0.));
#3496 = VECTOR('',#3497,1.);
#3497 = DIRECTION('',(0.,-1.));
#3498 = ( GEOMETRIC_REPRESENTATION_CONTEXT(2) 
PARAMETRIC_REPRESENTATION_CONTEXT() REPRESENTATION_CONTEXT('2D SPACE',''
  ) );
#3499 = ORIENTED_EDGE('',*,*,#3005,.T.);
#3500 = ORIENTED_EDGE('',*,*,#3264,.F.);
#3501 = ORIENTED_EDGE('',*,*,#2668,.F.);
#3502 = ADVANCED_FACE('',(#3503),#2656,.F.);
#3503 = FACE_BOUND('',#3504,.F.);
#3504 = EDGE_LOOP('',(#3505,#3526,#3527,#3528));
#3505 = ORIENTED_EDGE('',*,*,#3506,.T.);
#3506 = EDGE_CURVE('',#2613,#2960,#3507,.T.);
#3507 = SURFACE_CURVE('',#3508,(#3512,#3519),.PCURVE_S1.);
#3508 = LINE('',#3509,#3510);
#3509 = CARTESIAN_POINT('',(0.,16.3,0.));
#3510 = VECTOR('',#3511,1.);
#3511 = DIRECTION('',(0.,0.,1.));
#3512 = PCURVE('',#2656,#3513);
#3513 = DEFINITIONAL_REPRESENTATION('',(#3514),#3518);
#3514 = LINE('',#3515,#3516);
#3515 = CARTESIAN_POINT('',(0.,0.));
#3516 = VECTOR('',#3517,1.);
#3517 = DIRECTION('',(0.,-1.));
#3518 = ( GEOMETRIC_REPRESENTATION_CONTEXT(2) 
PARAMETRIC_REPRESENTATION_CONTEXT() REPRESENTATION_CONTEXT('2D SPACE',''
  ) );
#3519 = PCURVE('',#2628,#3520);
#3520 = DEFINITIONAL_REPRESENTATION('',(#3521),#3525);
#3521 = LINE('',#3522,#3523);
#3522 = CARTESIAN_POINT('',(9.55,0.));
#3523 = VECTOR('',#3524,1.);
#3524 = DIRECTION('',(0.,-1.));
#3525 = ( GEOMETRIC_REPRESENTATION_CONTEXT(2) 
PARAMETRIC_REPRESENTATION_CONTEXT() REPRESENTATION_CONTEXT('2D SPACE',''
  ) );
#3526 = ORIENTED_EDGE('',*,*,#2982,.T.);
#3527 = ORIENTED_EDGE('',*,*,#3479,.F.);
#3528 = ORIENTED_EDGE('',*,*,#2640,.F.);
#3529 = ADVANCED_FACE('',(#3530),#2628,.F.);
#3530 = FACE_BOUND('',#3531,.F.);
#3531 = EDGE_LOOP('',(#3532,#3553,#3554,#3555));
#3532 = ORIENTED_EDGE('',*,*,#3533,.T.);
#3533 = EDGE_CURVE('',#2585,#2937,#3534,.T.);
#3534 = SURFACE_CURVE('',#3535,(#3539,#3546),.PCURVE_S1.);
#3535 = LINE('',#3536,#3537);
#3536 = CARTESIAN_POINT('',(9.55,16.3,0.));
#3537 = VECTOR('',#3538,1.);
#3538 = DIRECTION('',(0.,0.,1.));
#3539 = PCURVE('',#2628,#3540);
#3540 = DEFINITIONAL_REPRESENTATION('',(#3541),#3545);
#3541 = LINE('',#3542,#3543);
#3542 = CARTESIAN_POINT('',(0.,-0.));
#3543 = VECTOR('',#3544,1.);
#3544 = DIRECTION('',(0.,-1.));
#3545 = ( GEOMETRIC_REPRESENTATION_CONTEXT(2) 
PARAMETRIC_REPRESENTATION_CONTEXT() REPRESENTATION_CONTEXT('2D SPACE',''
  ) );
#3546 = PCURVE('',#2600,#3547);
#3547 = DEFINITIONAL_REPRESENTATION('',(#3548),#3552);
#3548 = LINE('',#3549,#3550);
#3549 = CARTESIAN_POINT('',(4.5,0.));
#3550 = VECTOR('',#3551,1.);
#3551 = DIRECTION('',(0.,-1.));
#3552 = ( GEOMETRIC_REPRESENTATION_CONTEXT(2) 
PARAMETRIC_REPRESENTATION_CONTEXT() REPRESENTATION_CONTEXT('2D SPACE',''
  ) );
#3553 = ORIENTED_EDGE('',*,*,#2959,.T.);
#3554 = ORIENTED_EDGE('',*,*,#3506,.F.);
#3555 = ORIENTED_EDGE('',*,*,#2612,.F.);
#3556 = ADVANCED_FACE('',(#3557),#2600,.F.);
#3557 = FACE_BOUND('',#3558,.F.);
#3558 = EDGE_LOOP('',(#3559,#3580,#3581,#3582));
#3559 = ORIENTED_EDGE('',*,*,#3560,.T.);
#3560 = EDGE_CURVE('',#2557,#2914,#3561,.T.);
#3561 = SURFACE_CURVE('',#3562,(#3566,#3573),.PCURVE_S1.);
#3562 = LINE('',#3563,#3564);
#3563 = CARTESIAN_POINT('',(9.55,11.8,0.));
#3564 = VECTOR('',#3565,1.);
#3565 = DIRECTION('',(0.,0.,1.));
#3566 = PCURVE('',#2600,#3567);
#3567 = DEFINITIONAL_REPRESENTATION('',(#3568),#3572);
#3568 = LINE('',#3569,#3570);
#3569 = CARTESIAN_POINT('',(0.,0.));
#3570 = VECTOR('',#3571,1.);
#3571 = DIRECTION('',(0.,-1.));
#3572 = ( GEOMETRIC_REPRESENTATION_CONTEXT(2) 
PARAMETRIC_REPRESENTATION_CONTEXT() REPRESENTATION_CONTEXT('2D SPACE',''
  ) );
#3573 = PCURVE('',#2572,#3574);
#3574 = DEFINITIONAL_REPRESENTATION('',(#3575),#3579);
#3575 = LINE('',#3576,#3577);
#3576 = CARTESIAN_POINT('',(2.5,0.));
#3577 = VECTOR('',#3578,1.);
#3578 = DIRECTION('',(0.,-1.));
#3579 = ( GEOMETRIC_REPRESENTATION_CONTEXT(2) 
PARAMETRIC_REPRESENTATION_CONTEXT() REPRESENTATION_CONTEXT('2D SPACE',''
  ) );
#3580 = ORIENTED_EDGE('',*,*,#2936,.T.);
#3581 = ORIENTED_EDGE('',*,*,#3533,.F.);
#3582 = ORIENTED_EDGE('',*,*,#2584,.F.);
#3583 = ADVANCED_FACE('',(#3584),#2572,.F.);
#3584 = FACE_BOUND('',#3585,.F.);
#3585 = EDGE_LOOP('',(#3586,#3607,#3608,#3609));
#3586 = ORIENTED_EDGE('',*,*,#3587,.T.);
#3587 = EDGE_CURVE('',#2529,#2891,#3588,.T.);
#3588 = SURFACE_CURVE('',#3589,(#3593,#3600),.PCURVE_S1.);
#3589 = LINE('',#3590,#3591);
#3590 = CARTESIAN_POINT('',(12.05,11.8,0.));
#3591 = VECTOR('',#3592,1.);
#3592 = DIRECTION('',(0.,0.,1.));
#3593 = PCURVE('',#2572,#3594);
#3594 = DEFINITIONAL_REPRESENTATION('',(#3595),#3599);
#3595 = LINE('',#3596,#3597);
#3596 = CARTESIAN_POINT('',(0.,-0.));
#3597 = VECTOR('',#3598,1.);
#3598 = DIRECTION('',(0.,-1.));
#3599 = ( GEOMETRIC_REPRESENTATION_CONTEXT(2) 
PARAMETRIC_REPRESENTATION_CONTEXT() REPRESENTATION_CONTEXT('2D SPACE',''
  ) );
#3600 = PCURVE('',#2544,#3601);
#3601 = DEFINITIONAL_REPRESENTATION('',(#3602),#3606);
#3602 = LINE('',#3603,#3604);
#3603 = CARTESIAN_POINT('',(3.5,0.));
#3604 = VECTOR('',#3605,1.);
#3605 = DIRECTION('',(0.,-1.));
#3606 = ( GEOMETRIC_REPRESENTATION_CONTEXT(2) 
PARAMETRIC_REPRESENTATION_CONTEXT() REPRESENTATION_CONTEXT('2D SPACE',''
  ) );
#3607 = ORIENTED_EDGE('',*,*,#2913,.T.);
#3608 = ORIENTED_EDGE('',*,*,#3560,.F.);
#3609 = ORIENTED_EDGE('',*,*,#2556,.F.);
#3610 = ADVANCED_FACE('',(#3611),#2544,.F.);
#3611 = FACE_BOUND('',#3612,.F.);
#3612 = EDGE_LOOP('',(#3613,#3634,#3635,#3636));
#3613 = ORIENTED_EDGE('',*,*,#3614,.T.);
#3614 = EDGE_CURVE('',#2501,#2868,#3615,.T.);
#3615 = SURFACE_CURVE('',#3616,(#3620,#3627),.PCURVE_S1.);
#3616 = LINE('',#3617,#3618);
#3617 = CARTESIAN_POINT('',(12.05,8.3,0.));
#3618 = VECTOR('',#3619,1.);
#3619 = DIRECTION('',(0.,0.,1.));
#3620 = PCURVE('',#2544,#3621);
#3621 = DEFINITIONAL_REPRESENTATION('',(#3622),#3626);
#3622 = LINE('',#3623,#3624);
#3623 = CARTESIAN_POINT('',(0.,0.));
#3624 = VECTOR('',#3625,1.);
#3625 = DIRECTION('',(0.,-1.));
#3626 = ( GEOMETRIC_REPRESENTATION_CONTEXT(2) 
PARAMETRIC_REPRESENTATION_CONTEXT() REPRESENTATION_CONTEXT('2D SPACE',''
  ) );
#3627 = PCURVE('',#2516,#3628);
#3628 = DEFINITIONAL_REPRESENTATION('',(#3629),#3633);
#3629 = LINE('',#3630,#3631);
#3630 = CARTESIAN_POINT('',(2.5,0.));
#3631 = VECTOR('',#3632,1.);
#3632 = DIRECTION('',(0.,-1.));
#3633 = ( GEOMETRIC_REPRESENTATION_CONTEXT(2) 
PARAMETRIC_REPRESENTATION_CONTEXT() REPRESENTATION_CONTEXT('2D SPACE',''
  ) );
#3634 = ORIENTED_EDGE('',*,*,#2890,.T.);
#3635 = ORIENTED_EDGE('',*,*,#3587,.F.);
#3636 = ORIENTED_EDGE('',*,*,#2528,.F.);
#3637 = ADVANCED_FACE('',(#3638),#2516,.F.);
#3638 = FACE_BOUND('',#3639,.F.);
#3639 = EDGE_LOOP('',(#3640,#3641,#3642,#3643));
#3640 = ORIENTED_EDGE('',*,*,#2840,.T.);
#3641 = ORIENTED_EDGE('',*,*,#2867,.T.);
#3642 = ORIENTED_EDGE('',*,*,#3614,.F.);
#3643 = ORIENTED_EDGE('',*,*,#2500,.F.);
#3644 = ADVANCED_FACE('',(#3645,#3695),#2189,.T.);
#3645 = FACE_BOUND('',#3646,.T.);
#3646 = EDGE_LOOP('',(#3647,#3668,#3669,#3670,#3671,#3672,#3673,#3694));
#3647 = ORIENTED_EDGE('',*,*,#3648,.F.);
#3648 = EDGE_CURVE('',#2409,#3054,#3649,.T.);
#3649 = SURFACE_CURVE('',#3650,(#3654,#3661),.PCURVE_S1.);
#3650 = LINE('',#3651,#3652);
#3651 = CARTESIAN_POINT('',(9.15,0.4,-1.E-02));
#3652 = VECTOR('',#3653,1.);
#3653 = DIRECTION('',(0.,0.,1.));
#3654 = PCURVE('',#2189,#3655);
#3655 = DEFINITIONAL_REPRESENTATION('',(#3656),#3660);
#3656 = LINE('',#3657,#3658);
#3657 = CARTESIAN_POINT('',(5.615008020011,0.));
#3658 = VECTOR('',#3659,1.);
#3659 = DIRECTION('',(0.,-1.));
#3660 = ( GEOMETRIC_REPRESENTATION_CONTEXT(2) 
PARAMETRIC_REPRESENTATION_CONTEXT() REPRESENTATION_CONTEXT('2D SPACE',''
  ) );
#3661 = PCURVE('',#2423,#3662);
#3662 = DEFINITIONAL_REPRESENTATION('',(#3663),#3667);
#3663 = LINE('',#3664,#3665);
#3664 = CARTESIAN_POINT('',(4.996003610813E-16,0.));
#3665 = VECTOR('',#3666,1.);
#3666 = DIRECTION('',(0.,-1.));
#3667 = ( GEOMETRIC_REPRESENTATION_CONTEXT(2) 
PARAMETRIC_REPRESENTATION_CONTEXT() REPRESENTATION_CONTEXT('2D SPACE',''
  ) );
#3668 = ORIENTED_EDGE('',*,*,#2434,.T.);
#3669 = ORIENTED_EDGE('',*,*,#2794,.F.);
#3670 = ORIENTED_EDGE('',*,*,#2769,.F.);
#3671 = ORIENTED_EDGE('',*,*,#2722,.T.);
#3672 = ORIENTED_EDGE('',*,*,#2174,.T.);
#3673 = ORIENTED_EDGE('',*,*,#3674,.T.);
#3674 = EDGE_CURVE('',#2175,#3075,#3675,.T.);
#3675 = SURFACE_CURVE('',#3676,(#3680,#3687),.PCURVE_S1.);
#3676 = LINE('',#3677,#3678);
#3677 = CARTESIAN_POINT('',(3.534991979989,0.4,-1.E-02));
#3678 = VECTOR('',#3679,1.);
#3679 = DIRECTION('',(0.,0.,1.));
#3680 = PCURVE('',#2189,#3681);
#3681 = DEFINITIONAL_REPRESENTATION('',(#3682),#3686);
#3682 = LINE('',#3683,#3684);
#3683 = CARTESIAN_POINT('',(0.,0.));
#3684 = VECTOR('',#3685,1.);
#3685 = DIRECTION('',(0.,-1.));
#3686 = ( GEOMETRIC_REPRESENTATION_CONTEXT(2) 
PARAMETRIC_REPRESENTATION_CONTEXT() REPRESENTATION_CONTEXT('2D SPACE',''
  ) );
#3687 = PCURVE('',#2215,#3688);
#3688 = DEFINITIONAL_REPRESENTATION('',(#3689),#3693);
#3689 = LINE('',#3690,#3691);
#3690 = CARTESIAN_POINT('',(7.325353233804,0.));
#3691 = VECTOR('',#3692,1.);
#3692 = DIRECTION('',(0.,-1.));
#3693 = ( GEOMETRIC_REPRESENTATION_CONTEXT(2) 
PARAMETRIC_REPRESENTATION_CONTEXT() REPRESENTATION_CONTEXT('2D SPACE',''
  ) );
#3694 = ORIENTED_EDGE('',*,*,#3074,.F.);
#3695 = FACE_BOUND('',#3696,.T.);
#3696 = EDGE_LOOP('',(#3697,#3698,#3699,#3700));
#3697 = ORIENTED_EDGE('',*,*,#3338,.F.);
#3698 = ORIENTED_EDGE('',*,*,#3385,.T.);
#3699 = ORIENTED_EDGE('',*,*,#3457,.T.);
#3700 = ORIENTED_EDGE('',*,*,#3432,.F.);
#3701 = ADVANCED_FACE('',(#3702),#2423,.T.);
#3702 = FACE_BOUND('',#3703,.T.);
#3703 = EDGE_LOOP('',(#3704,#3705,#3706,#3707));
#3704 = ORIENTED_EDGE('',*,*,#2408,.T.);
#3705 = ORIENTED_EDGE('',*,*,#3648,.T.);
#3706 = ORIENTED_EDGE('',*,*,#3051,.F.);
#3707 = ORIENTED_EDGE('',*,*,#3708,.F.);
#3708 = EDGE_CURVE('',#2383,#3052,#3709,.T.);
#3709 = SURFACE_CURVE('',#3710,(#3714,#3721),.PCURVE_S1.);
#3710 = LINE('',#3711,#3712);
#3711 = CARTESIAN_POINT('',(9.15,8.7,-1.E-02));
#3712 = VECTOR('',#3713,1.);
#3713 = DIRECTION('',(0.,0.,1.));
#3714 = PCURVE('',#2423,#3715);
#3715 = DEFINITIONAL_REPRESENTATION('',(#3716),#3720);
#3716 = LINE('',#3717,#3718);
#3717 = CARTESIAN_POINT('',(8.3,0.));
#3718 = VECTOR('',#3719,1.);
#3719 = DIRECTION('',(0.,-1.));
#3720 = ( GEOMETRIC_REPRESENTATION_CONTEXT(2) 
PARAMETRIC_REPRESENTATION_CONTEXT() REPRESENTATION_CONTEXT('2D SPACE',''
  ) );
#3721 = PCURVE('',#2397,#3722);
#3722 = DEFINITIONAL_REPRESENTATION('',(#3723),#3727);
#3723 = LINE('',#3724,#3725);
#3724 = CARTESIAN_POINT('',(0.,0.));
#3725 = VECTOR('',#3726,1.);
#3726 = DIRECTION('',(0.,-1.));
#3727 = ( GEOMETRIC_REPRESENTATION_CONTEXT(2) 
PARAMETRIC_REPRESENTATION_CONTEXT() REPRESENTATION_CONTEXT('2D SPACE',''
  ) );
#3728 = ADVANCED_FACE('',(#3729),#2397,.T.);
#3729 = FACE_BOUND('',#3730,.T.);
#3730 = EDGE_LOOP('',(#3731,#3732,#3733,#3734));
#3731 = ORIENTED_EDGE('',*,*,#2382,.T.);
#3732 = ORIENTED_EDGE('',*,*,#3708,.T.);
#3733 = ORIENTED_EDGE('',*,*,#3242,.F.);
#3734 = ORIENTED_EDGE('',*,*,#3735,.F.);
#3735 = EDGE_CURVE('',#2357,#3222,#3736,.T.);
#3736 = SURFACE_CURVE('',#3737,(#3741,#3748),.PCURVE_S1.);
#3737 = LINE('',#3738,#3739);
#3738 = CARTESIAN_POINT('',(11.65,8.7,-1.E-02));
#3739 = VECTOR('',#3740,1.);
#3740 = DIRECTION('',(0.,0.,1.));
#3741 = PCURVE('',#2397,#3742);
#3742 = DEFINITIONAL_REPRESENTATION('',(#3743),#3747);
#3743 = LINE('',#3744,#3745);
#3744 = CARTESIAN_POINT('',(2.5,0.));
#3745 = VECTOR('',#3746,1.);
#3746 = DIRECTION('',(0.,-1.));
#3747 = ( GEOMETRIC_REPRESENTATION_CONTEXT(2) 
PARAMETRIC_REPRESENTATION_CONTEXT() REPRESENTATION_CONTEXT('2D SPACE',''
  ) );
#3748 = PCURVE('',#2371,#3749);
#3749 = DEFINITIONAL_REPRESENTATION('',(#3750),#3754);
#3750 = LINE('',#3751,#3752);
#3751 = CARTESIAN_POINT('',(0.,0.));
#3752 = VECTOR('',#3753,1.);
#3753 = DIRECTION('',(0.,-1.));
#3754 = ( GEOMETRIC_REPRESENTATION_CONTEXT(2) 
PARAMETRIC_REPRESENTATION_CONTEXT() REPRESENTATION_CONTEXT('2D SPACE',''
  ) );
#3755 = ADVANCED_FACE('',(#3756),#2371,.T.);
#3756 = FACE_BOUND('',#3757,.T.);
#3757 = EDGE_LOOP('',(#3758,#3759,#3760,#3761));
#3758 = ORIENTED_EDGE('',*,*,#2356,.T.);
#3759 = ORIENTED_EDGE('',*,*,#3735,.T.);
#3760 = ORIENTED_EDGE('',*,*,#3221,.F.);
#3761 = ORIENTED_EDGE('',*,*,#3762,.F.);
#3762 = EDGE_CURVE('',#2331,#3201,#3763,.T.);
#3763 = SURFACE_CURVE('',#3764,(#3768,#3775),.PCURVE_S1.);
#3764 = LINE('',#3765,#3766);
#3765 = CARTESIAN_POINT('',(11.65,11.4,-1.E-02));
#3766 = VECTOR('',#3767,1.);
#3767 = DIRECTION('',(0.,0.,1.));
#3768 = PCURVE('',#2371,#3769);
#3769 = DEFINITIONAL_REPRESENTATION('',(#3770),#3774);
#3770 = LINE('',#3771,#3772);
#3771 = CARTESIAN_POINT('',(2.7,0.));
#3772 = VECTOR('',#3773,1.);
#3773 = DIRECTION('',(0.,-1.));
#3774 = ( GEOMETRIC_REPRESENTATION_CONTEXT(2) 
PARAMETRIC_REPRESENTATION_CONTEXT() REPRESENTATION_CONTEXT('2D SPACE',''
  ) );
#3775 = PCURVE('',#2345,#3776);
#3776 = DEFINITIONAL_REPRESENTATION('',(#3777),#3781);
#3777 = LINE('',#3778,#3779);
#3778 = CARTESIAN_POINT('',(0.,-0.));
#3779 = VECTOR('',#3780,1.);
#3780 = DIRECTION('',(0.,-1.));
#3781 = ( GEOMETRIC_REPRESENTATION_CONTEXT(2) 
PARAMETRIC_REPRESENTATION_CONTEXT() REPRESENTATION_CONTEXT('2D SPACE',''
  ) );
#3782 = ADVANCED_FACE('',(#3783),#2345,.T.);
#3783 = FACE_BOUND('',#3784,.T.);
#3784 = EDGE_LOOP('',(#3785,#3786,#3787,#3788));
#3785 = ORIENTED_EDGE('',*,*,#2330,.T.);
#3786 = ORIENTED_EDGE('',*,*,#3762,.T.);
#3787 = ORIENTED_EDGE('',*,*,#3200,.F.);
#3788 = ORIENTED_EDGE('',*,*,#3789,.F.);
#3789 = EDGE_CURVE('',#2305,#3180,#3790,.T.);
#3790 = SURFACE_CURVE('',#3791,(#3795,#3802),.PCURVE_S1.);
#3791 = LINE('',#3792,#3793);
#3792 = CARTESIAN_POINT('',(9.15,11.4,-1.E-02));
#3793 = VECTOR('',#3794,1.);
#3794 = DIRECTION('',(0.,0.,1.));
#3795 = PCURVE('',#2345,#3796);
#3796 = DEFINITIONAL_REPRESENTATION('',(#3797),#3801);
#3797 = LINE('',#3798,#3799);
#3798 = CARTESIAN_POINT('',(2.5,0.));
#3799 = VECTOR('',#3800,1.);
#3800 = DIRECTION('',(0.,-1.));
#3801 = ( GEOMETRIC_REPRESENTATION_CONTEXT(2) 
PARAMETRIC_REPRESENTATION_CONTEXT() REPRESENTATION_CONTEXT('2D SPACE',''
  ) );
#3802 = PCURVE('',#2319,#3803);
#3803 = DEFINITIONAL_REPRESENTATION('',(#3804),#3808);
#3804 = LINE('',#3805,#3806);
#3805 = CARTESIAN_POINT('',(0.,0.));
#3806 = VECTOR('',#3807,1.);
#3807 = DIRECTION('',(0.,-1.));
#3808 = ( GEOMETRIC_REPRESENTATION_CONTEXT(2) 
PARAMETRIC_REPRESENTATION_CONTEXT() REPRESENTATION_CONTEXT('2D SPACE',''
  ) );
#3809 = ADVANCED_FACE('',(#3810),#2319,.T.);
#3810 = FACE_BOUND('',#3811,.T.);
#3811 = EDGE_LOOP('',(#3812,#3813,#3814,#3815));
#3812 = ORIENTED_EDGE('',*,*,#2304,.T.);
#3813 = ORIENTED_EDGE('',*,*,#3789,.T.);
#3814 = ORIENTED_EDGE('',*,*,#3179,.F.);
#3815 = ORIENTED_EDGE('',*,*,#3816,.F.);
#3816 = EDGE_CURVE('',#2279,#3159,#3817,.T.);
#3817 = SURFACE_CURVE('',#3818,(#3822,#3829),.PCURVE_S1.);
#3818 = LINE('',#3819,#3820);
#3819 = CARTESIAN_POINT('',(9.15,15.9,-1.E-02));
#3820 = VECTOR('',#3821,1.);
#3821 = DIRECTION('',(0.,0.,1.));
#3822 = PCURVE('',#2319,#3823);
#3823 = DEFINITIONAL_REPRESENTATION('',(#3824),#3828);
#3824 = LINE('',#3825,#3826);
#3825 = CARTESIAN_POINT('',(4.5,0.));
#3826 = VECTOR('',#3827,1.);
#3827 = DIRECTION('',(0.,-1.));
#3828 = ( GEOMETRIC_REPRESENTATION_CONTEXT(2) 
PARAMETRIC_REPRESENTATION_CONTEXT() REPRESENTATION_CONTEXT('2D SPACE',''
  ) );
#3829 = PCURVE('',#2293,#3830);
#3830 = DEFINITIONAL_REPRESENTATION('',(#3831),#3835);
#3831 = LINE('',#3832,#3833);
#3832 = CARTESIAN_POINT('',(0.,-0.));
#3833 = VECTOR('',#3834,1.);
#3834 = DIRECTION('',(0.,-1.));
#3835 = ( GEOMETRIC_REPRESENTATION_CONTEXT(2) 
PARAMETRIC_REPRESENTATION_CONTEXT() REPRESENTATION_CONTEXT('2D SPACE',''
  ) );
#3836 = ADVANCED_FACE('',(#3837),#2293,.T.);
#3837 = FACE_BOUND('',#3838,.T.);
#3838 = EDGE_LOOP('',(#3839,#3840,#3841,#3842));
#3839 = ORIENTED_EDGE('',*,*,#2278,.T.);
#3840 = ORIENTED_EDGE('',*,*,#3816,.T.);
#3841 = ORIENTED_EDGE('',*,*,#3158,.F.);
#3842 = ORIENTED_EDGE('',*,*,#3843,.F.);
#3843 = EDGE_CURVE('',#2253,#3138,#3844,.T.);
#3844 = SURFACE_CURVE('',#3845,(#3849,#3856),.PCURVE_S1.);
#3845 = LINE('',#3846,#3847);
#3846 = CARTESIAN_POINT('',(0.4,15.9,-1.E-02));
#3847 = VECTOR('',#3848,1.);
#3848 = DIRECTION('',(0.,0.,1.));
#3849 = PCURVE('',#2293,#3850);
#3850 = DEFINITIONAL_REPRESENTATION('',(#3851),#3855);
#3851 = LINE('',#3852,#3853);
#3852 = CARTESIAN_POINT('',(8.75,0.));
#3853 = VECTOR('',#3854,1.);
#3854 = DIRECTION('',(0.,-1.));
#3855 = ( GEOMETRIC_REPRESENTATION_CONTEXT(2) 
PARAMETRIC_REPRESENTATION_CONTEXT() REPRESENTATION_CONTEXT('2D SPACE',''
  ) );
#3856 = PCURVE('',#2267,#3857);
#3857 = DEFINITIONAL_REPRESENTATION('',(#3858),#3862);
#3858 = LINE('',#3859,#3860);
#3859 = CARTESIAN_POINT('',(0.,0.));
#3860 = VECTOR('',#3861,1.);
#3861 = DIRECTION('',(0.,-1.));
#3862 = ( GEOMETRIC_REPRESENTATION_CONTEXT(2) 
PARAMETRIC_REPRESENTATION_CONTEXT() REPRESENTATION_CONTEXT('2D SPACE',''
  ) );
#3863 = ADVANCED_FACE('',(#3864),#2267,.T.);
#3864 = FACE_BOUND('',#3865,.T.);
#3865 = EDGE_LOOP('',(#3866,#3867,#3868,#3869));
#3866 = ORIENTED_EDGE('',*,*,#2252,.T.);
#3867 = ORIENTED_EDGE('',*,*,#3843,.T.);
#3868 = ORIENTED_EDGE('',*,*,#3137,.F.);
#3869 = ORIENTED_EDGE('',*,*,#3870,.F.);
#3870 = EDGE_CURVE('',#2227,#3117,#3871,.T.);
#3871 = SURFACE_CURVE('',#3872,(#3876,#3883),.PCURVE_S1.);
#3872 = LINE('',#3873,#3874);
#3873 = CARTESIAN_POINT('',(0.4,7.72,-1.E-02));
#3874 = VECTOR('',#3875,1.);
#3875 = DIRECTION('',(0.,0.,1.));
#3876 = PCURVE('',#2267,#3877);
#3877 = DEFINITIONAL_REPRESENTATION('',(#3878),#3882);
#3878 = LINE('',#3879,#3880);
#3879 = CARTESIAN_POINT('',(8.18,0.));
#3880 = VECTOR('',#3881,1.);
#3881 = DIRECTION('',(0.,-1.));
#3882 = ( GEOMETRIC_REPRESENTATION_CONTEXT(2) 
PARAMETRIC_REPRESENTATION_CONTEXT() REPRESENTATION_CONTEXT('2D SPACE',''
  ) );
#3883 = PCURVE('',#2241,#3884);
#3884 = DEFINITIONAL_REPRESENTATION('',(#3885),#3889);
#3885 = LINE('',#3886,#3887);
#3886 = CARTESIAN_POINT('',(4.996003610813E-16,0.));
#3887 = VECTOR('',#3888,1.);
#3888 = DIRECTION('',(0.,-1.));
#3889 = ( GEOMETRIC_REPRESENTATION_CONTEXT(2) 
PARAMETRIC_REPRESENTATION_CONTEXT() REPRESENTATION_CONTEXT('2D SPACE',''
  ) );
#3890 = ADVANCED_FACE('',(#3891),#2241,.T.);
#3891 = FACE_BOUND('',#3892,.T.);
#3892 = EDGE_LOOP('',(#3893,#3894,#3895,#3896));
#3893 = ORIENTED_EDGE('',*,*,#2226,.T.);
#3894 = ORIENTED_EDGE('',*,*,#3870,.T.);
#3895 = ORIENTED_EDGE('',*,*,#3116,.F.);
#3896 = ORIENTED_EDGE('',*,*,#3897,.F.);
#3897 = EDGE_CURVE('',#2201,#3096,#3898,.T.);
#3898 = SURFACE_CURVE('',#3899,(#3903,#3910),.PCURVE_S1.);
#3899 = LINE('',#3900,#3901);
#3900 = CARTESIAN_POINT('',(3.254991979989,7.72,-1.E-02));
#3901 = VECTOR('',#3902,1.);
#3902 = DIRECTION('',(0.,0.,1.));
#3903 = PCURVE('',#2241,#3904);
#3904 = DEFINITIONAL_REPRESENTATION('',(#3905),#3909);
#3905 = LINE('',#3906,#3907);
#3906 = CARTESIAN_POINT('',(2.854991979989,0.));
#3907 = VECTOR('',#3908,1.);
#3908 = DIRECTION('',(0.,-1.));
#3909 = ( GEOMETRIC_REPRESENTATION_CONTEXT(2) 
PARAMETRIC_REPRESENTATION_CONTEXT() REPRESENTATION_CONTEXT('2D SPACE',''
  ) );
#3910 = PCURVE('',#2215,#3911);
#3911 = DEFINITIONAL_REPRESENTATION('',(#3912),#3916);
#3912 = LINE('',#3913,#3914);
#3913 = CARTESIAN_POINT('',(-8.875293551993E-16,0.));
#3914 = VECTOR('',#3915,1.);
#3915 = DIRECTION('',(0.,-1.));
#3916 = ( GEOMETRIC_REPRESENTATION_CONTEXT(2) 
PARAMETRIC_REPRESENTATION_CONTEXT() REPRESENTATION_CONTEXT('2D SPACE',''
  ) );
#3917 = ADVANCED_FACE('',(#3918),#2215,.T.);
#3918 = FACE_BOUND('',#3919,.T.);
#3919 = EDGE_LOOP('',(#3920,#3921,#3922,#3923));
#3920 = ORIENTED_EDGE('',*,*,#2200,.T.);
#3921 = ORIENTED_EDGE('',*,*,#3897,.T.);
#3922 = ORIENTED_EDGE('',*,*,#3095,.F.);
#3923 = ORIENTED_EDGE('',*,*,#3674,.F.);
#3924 = ( GEOMETRIC_REPRESENTATION_CONTEXT(3) 
GLOBAL_UNCERTAINTY_ASSIGNED_CONTEXT((#3928)) 
GLOBAL_UNIT_ASSIGNED_CONTEXT((#3925,#3926,#3927)) REPRESENTATION_CONTEXT
('Context #1','3D Context with UNIT and UNCERTAINTY') );
#3925 = ( LENGTH_UNIT() NAMED_UNIT(*) SI_UNIT(.MILLI.,.METRE.) );
#3926 = ( NAMED_UNIT(*) PLANE_ANGLE_UNIT() SI_UNIT($,.RADIAN.) );
#3927 = ( NAMED_UNIT(*) SI_UNIT($,.STERADIAN.) SOLID_ANGLE_UNIT() );
#3928 = UNCERTAINTY_MEASURE_WITH_UNIT(LENGTH_MEASURE(1.E-07),#3925,
  'distance_accuracy_value','confusion accuracy');
#3929 = CONTEXT_DEPENDENT_SHAPE_REPRESENTATION(#3930,#3932);
#3930 = ( REPRESENTATION_RELATIONSHIP('','',#1793,#10) 
REPRESENTATION_RELATIONSHIP_WITH_TRANSFORMATION(#3931) 
SHAPE_REPRESENTATION_RELATIONSHIP() );
#3931 = ITEM_DEFINED_TRANSFORMATION('','',#11,#19);
#3932 = PRODUCT_DEFINITION_SHAPE('Placement','Placement of an item',
  #3933);
#3933 = NEXT_ASSEMBLY_USAGE_OCCURRENCE('2','muros_PB','',#5,#1788,$);
#3934 = PRODUCT_RELATED_PRODUCT_CATEGORY('part',$,(#1790));
#3935 = SHAPE_DEFINITION_REPRESENTATION(#3936,#3942);
#3936 = PRODUCT_DEFINITION_SHAPE('','',#3937);
#3937 = PRODUCT_DEFINITION('design','',#3938,#3941);
#3938 = PRODUCT_DEFINITION_FORMATION('','',#3939);
#3939 = PRODUCT('muros_PA','muros_PA','',(#3940));
#3940 = PRODUCT_CONTEXT('',#2,'mechanical');
#3941 = PRODUCT_DEFINITION_CONTEXT('part definition',#2,'design');
#3942 = ADVANCED_BREP_SHAPE_REPRESENTATION('',(#11,#3943),#5485);
#3943 = MANIFOLD_SOLID_BREP('',#3944);
#3944 = CLOSED_SHELL('',(#3945,#4065,#4141,#4217,#4669,#5046,#5073,#5100
    ,#5127,#5154,#5181,#5208,#5215,#5262,#5289,#5316,#5343,#5370,#5397,
    #5424,#5451,#5478));
#3945 = ADVANCED_FACE('',(#3946),#3960,.F.);
#3946 = FACE_BOUND('',#3947,.F.);
#3947 = EDGE_LOOP('',(#3948,#3983,#4011,#4039));
#3948 = ORIENTED_EDGE('',*,*,#3949,.T.);
#3949 = EDGE_CURVE('',#3950,#3952,#3954,.T.);
#3950 = VERTEX_POINT('',#3951);
#3951 = CARTESIAN_POINT('',(3.15,0.,3.26));
#3952 = VERTEX_POINT('',#3953);
#3953 = CARTESIAN_POINT('',(3.15,0.,5.96));
#3954 = SURFACE_CURVE('',#3955,(#3959,#3971),.PCURVE_S1.);
#3955 = LINE('',#3956,#3957);
#3956 = CARTESIAN_POINT('',(3.15,0.,3.26));
#3957 = VECTOR('',#3958,1.);
#3958 = DIRECTION('',(0.,0.,1.));
#3959 = PCURVE('',#3960,#3965);
#3960 = PLANE('',#3961);
#3961 = AXIS2_PLACEMENT_3D('',#3962,#3963,#3964);
#3962 = CARTESIAN_POINT('',(3.15,0.,3.26));
#3963 = DIRECTION('',(0.,1.,0.));
#3964 = DIRECTION('',(1.,0.,0.));
#3965 = DEFINITIONAL_REPRESENTATION('',(#3966),#3970);
#3966 = LINE('',#3967,#3968);
#3967 = CARTESIAN_POINT('',(0.,0.));
#3968 = VECTOR('',#3969,1.);
#3969 = DIRECTION('',(0.,-1.));
#3970 = ( GEOMETRIC_REPRESENTATION_CONTEXT(2) 
PARAMETRIC_REPRESENTATION_CONTEXT() REPRESENTATION_CONTEXT('2D SPACE',''
  ) );
#3971 = PCURVE('',#3972,#3977);
#3972 = PLANE('',#3973);
#3973 = AXIS2_PLACEMENT_3D('',#3974,#3975,#3976);
#3974 = CARTESIAN_POINT('',(2.87,7.32,3.26));
#3975 = DIRECTION('',(0.999269218339,3.822341272335E-02,-0.));
#3976 = DIRECTION('',(3.822341272335E-02,-0.999269218339,0.));
#3977 = DEFINITIONAL_REPRESENTATION('',(#3978),#3982);
#3978 = LINE('',#3979,#3980);
#3979 = CARTESIAN_POINT('',(7.325353233804,0.));
#3980 = VECTOR('',#3981,1.);
#3981 = DIRECTION('',(0.,-1.));
#3982 = ( GEOMETRIC_REPRESENTATION_CONTEXT(2) 
PARAMETRIC_REPRESENTATION_CONTEXT() REPRESENTATION_CONTEXT('2D SPACE',''
  ) );
#3983 = ORIENTED_EDGE('',*,*,#3984,.T.);
#3984 = EDGE_CURVE('',#3952,#3985,#3987,.T.);
#3985 = VERTEX_POINT('',#3986);
#3986 = CARTESIAN_POINT('',(9.55,0.,5.96));
#3987 = SURFACE_CURVE('',#3988,(#3992,#3999),.PCURVE_S1.);
#3988 = LINE('',#3989,#3990);
#3989 = CARTESIAN_POINT('',(3.15,0.,5.96));
#3990 = VECTOR('',#3991,1.);
#3991 = DIRECTION('',(1.,0.,0.));
#3992 = PCURVE('',#3960,#3993);
#3993 = DEFINITIONAL_REPRESENTATION('',(#3994),#3998);
#3994 = LINE('',#3995,#3996);
#3995 = CARTESIAN_POINT('',(0.,-2.7));
#3996 = VECTOR('',#3997,1.);
#3997 = DIRECTION('',(1.,0.));
#3998 = ( GEOMETRIC_REPRESENTATION_CONTEXT(2) 
PARAMETRIC_REPRESENTATION_CONTEXT() REPRESENTATION_CONTEXT('2D SPACE',''
  ) );
#3999 = PCURVE('',#4000,#4005);
#4000 = PLANE('',#4001);
#4001 = AXIS2_PLACEMENT_3D('',#4002,#4003,#4004);
#4002 = CARTESIAN_POINT('',(5.863038408691,8.73070285966,5.96));
#4003 = DIRECTION('',(0.,0.,1.));
#4004 = DIRECTION('',(1.,0.,-0.));
#4005 = DEFINITIONAL_REPRESENTATION('',(#4006),#4010);
#4006 = LINE('',#4007,#4008);
#4007 = CARTESIAN_POINT('',(-2.713038408691,-8.73070285966));
#4008 = VECTOR('',#4009,1.);
#4009 = DIRECTION('',(1.,0.));
#4010 = ( GEOMETRIC_REPRESENTATION_CONTEXT(2) 
PARAMETRIC_REPRESENTATION_CONTEXT() REPRESENTATION_CONTEXT('2D SPACE',''
  ) );
#4011 = ORIENTED_EDGE('',*,*,#4012,.F.);
#4012 = EDGE_CURVE('',#4013,#3985,#4015,.T.);
#4013 = VERTEX_POINT('',#4014);
#4014 = CARTESIAN_POINT('',(9.55,0.,3.26));
#4015 = SURFACE_CURVE('',#4016,(#4020,#4027),.PCURVE_S1.);
#4016 = LINE('',#4017,#4018);
#4017 = CARTESIAN_POINT('',(9.55,0.,3.26));
#4018 = VECTOR('',#4019,1.);
#4019 = DIRECTION('',(0.,0.,1.));
#4020 = PCURVE('',#3960,#4021);
#4021 = DEFINITIONAL_REPRESENTATION('',(#4022),#4026);
#4022 = LINE('',#4023,#4024);
#4023 = CARTESIAN_POINT('',(6.4,0.));
#4024 = VECTOR('',#4025,1.);
#4025 = DIRECTION('',(0.,-1.));
#4026 = ( GEOMETRIC_REPRESENTATION_CONTEXT(2) 
PARAMETRIC_REPRESENTATION_CONTEXT() REPRESENTATION_CONTEXT('2D SPACE',''
  ) );
#4027 = PCURVE('',#4028,#4033);
#4028 = PLANE('',#4029);
#4029 = AXIS2_PLACEMENT_3D('',#4030,#4031,#4032);
#4030 = CARTESIAN_POINT('',(9.55,0.,3.26));
#4031 = DIRECTION('',(-1.,0.,0.));
#4032 = DIRECTION('',(0.,1.,0.));
#4033 = DEFINITIONAL_REPRESENTATION('',(#4034),#4038);
#4034 = LINE('',#4035,#4036);
#4035 = CARTESIAN_POINT('',(0.,0.));
#4036 = VECTOR('',#4037,1.);
#4037 = DIRECTION('',(0.,-1.));
#4038 = ( GEOMETRIC_REPRESENTATION_CONTEXT(2) 
PARAMETRIC_REPRESENTATION_CONTEXT() REPRESENTATION_CONTEXT('2D SPACE',''
  ) );
#4039 = ORIENTED_EDGE('',*,*,#4040,.F.);
#4040 = EDGE_CURVE('',#3950,#4013,#4041,.T.);
#4041 = SURFACE_CURVE('',#4042,(#4046,#4053),.PCURVE_S1.);
#4042 = LINE('',#4043,#4044);
#4043 = CARTESIAN_POINT('',(3.15,0.,3.26));
#4044 = VECTOR('',#4045,1.);
#4045 = DIRECTION('',(1.,0.,0.));
#4046 = PCURVE('',#3960,#4047);
#4047 = DEFINITIONAL_REPRESENTATION('',(#4048),#4052);
#4048 = LINE('',#4049,#4050);
#4049 = CARTESIAN_POINT('',(0.,0.));
#4050 = VECTOR('',#4051,1.);
#4051 = DIRECTION('',(1.,0.));
#4052 = ( GEOMETRIC_REPRESENTATION_CONTEXT(2) 
PARAMETRIC_REPRESENTATION_CONTEXT() REPRESENTATION_CONTEXT('2D SPACE',''
  ) );
#4053 = PCURVE('',#4054,#4059);
#4054 = PLANE('',#4055);
#4055 = AXIS2_PLACEMENT_3D('',#4056,#4057,#4058);
#4056 = CARTESIAN_POINT('',(5.863038408691,8.73070285966,3.26));
#4057 = DIRECTION('',(0.,0.,1.));
#4058 = DIRECTION('',(1.,0.,-0.));
#4059 = DEFINITIONAL_REPRESENTATION('',(#4060),#4064);
#4060 = LINE('',#4061,#4062);
#4061 = CARTESIAN_POINT('',(-2.713038408691,-8.73070285966));
#4062 = VECTOR('',#4063,1.);
#4063 = DIRECTION('',(1.,0.));
#4064 = ( GEOMETRIC_REPRESENTATION_CONTEXT(2) 
PARAMETRIC_REPRESENTATION_CONTEXT() REPRESENTATION_CONTEXT('2D SPACE',''
  ) );
#4065 = ADVANCED_FACE('',(#4066),#3972,.F.);
#4066 = FACE_BOUND('',#4067,.F.);
#4067 = EDGE_LOOP('',(#4068,#4098,#4119,#4120));
#4068 = ORIENTED_EDGE('',*,*,#4069,.T.);
#4069 = EDGE_CURVE('',#4070,#4072,#4074,.T.);
#4070 = VERTEX_POINT('',#4071);
#4071 = CARTESIAN_POINT('',(2.87,7.32,3.26));
#4072 = VERTEX_POINT('',#4073);
#4073 = CARTESIAN_POINT('',(2.87,7.32,5.96));
#4074 = SURFACE_CURVE('',#4075,(#4079,#4086),.PCURVE_S1.);
#4075 = LINE('',#4076,#4077);
#4076 = CARTESIAN_POINT('',(2.87,7.32,3.26));
#4077 = VECTOR('',#4078,1.);
#4078 = DIRECTION('',(0.,0.,1.));
#4079 = PCURVE('',#3972,#4080);
#4080 = DEFINITIONAL_REPRESENTATION('',(#4081),#4085);
#4081 = LINE('',#4082,#4083);
#4082 = CARTESIAN_POINT('',(0.,0.));
#4083 = VECTOR('',#4084,1.);
#4084 = DIRECTION('',(0.,-1.));
#4085 = ( GEOMETRIC_REPRESENTATION_CONTEXT(2) 
PARAMETRIC_REPRESENTATION_CONTEXT() REPRESENTATION_CONTEXT('2D SPACE',''
  ) );
#4086 = PCURVE('',#4087,#4092);
#4087 = PLANE('',#4088);
#4088 = AXIS2_PLACEMENT_3D('',#4089,#4090,#4091);
#4089 = CARTESIAN_POINT('',(0.,7.32,3.26));
#4090 = DIRECTION('',(0.,1.,0.));
#4091 = DIRECTION('',(1.,0.,0.));
#4092 = DEFINITIONAL_REPRESENTATION('',(#4093),#4097);
#4093 = LINE('',#4094,#4095);
#4094 = CARTESIAN_POINT('',(2.87,0.));
#4095 = VECTOR('',#4096,1.);
#4096 = DIRECTION('',(0.,-1.));
#4097 = ( GEOMETRIC_REPRESENTATION_CONTEXT(2) 
PARAMETRIC_REPRESENTATION_CONTEXT() REPRESENTATION_CONTEXT('2D SPACE',''
  ) );
#4098 = ORIENTED_EDGE('',*,*,#4099,.T.);
#4099 = EDGE_CURVE('',#4072,#3952,#4100,.T.);
#4100 = SURFACE_CURVE('',#4101,(#4105,#4112),.PCURVE_S1.);
#4101 = LINE('',#4102,#4103);
#4102 = CARTESIAN_POINT('',(2.87,7.32,5.96));
#4103 = VECTOR('',#4104,1.);
#4104 = DIRECTION('',(3.822341272335E-02,-0.999269218339,0.));
#4105 = PCURVE('',#3972,#4106);
#4106 = DEFINITIONAL_REPRESENTATION('',(#4107),#4111);
#4107 = LINE('',#4108,#4109);
#4108 = CARTESIAN_POINT('',(0.,-2.7));
#4109 = VECTOR('',#4110,1.);
#4110 = DIRECTION('',(1.,0.));
#4111 = ( GEOMETRIC_REPRESENTATION_CONTEXT(2) 
PARAMETRIC_REPRESENTATION_CONTEXT() REPRESENTATION_CONTEXT('2D SPACE',''
  ) );
#4112 = PCURVE('',#4000,#4113);
#4113 = DEFINITIONAL_REPRESENTATION('',(#4114),#4118);
#4114 = LINE('',#4115,#4116);
#4115 = CARTESIAN_POINT('',(-2.993038408691,-1.41070285966));
#4116 = VECTOR('',#4117,1.);
#4117 = DIRECTION('',(3.822341272335E-02,-0.999269218339));
#4118 = ( GEOMETRIC_REPRESENTATION_CONTEXT(2) 
PARAMETRIC_REPRESENTATION_CONTEXT() REPRESENTATION_CONTEXT('2D SPACE',''
  ) );
#4119 = ORIENTED_EDGE('',*,*,#3949,.F.);
#4120 = ORIENTED_EDGE('',*,*,#4121,.F.);
#4121 = EDGE_CURVE('',#4070,#3950,#4122,.T.);
#4122 = SURFACE_CURVE('',#4123,(#4127,#4134),.PCURVE_S1.);
#4123 = LINE('',#4124,#4125);
#4124 = CARTESIAN_POINT('',(2.87,7.32,3.26));
#4125 = VECTOR('',#4126,1.);
#4126 = DIRECTION('',(3.822341272335E-02,-0.999269218339,0.));
#4127 = PCURVE('',#3972,#4128);
#4128 = DEFINITIONAL_REPRESENTATION('',(#4129),#4133);
#4129 = LINE('',#4130,#4131);
#4130 = CARTESIAN_POINT('',(0.,0.));
#4131 = VECTOR('',#4132,1.);
#4132 = DIRECTION('',(1.,0.));
#4133 = ( GEOMETRIC_REPRESENTATION_CONTEXT(2) 
PARAMETRIC_REPRESENTATION_CONTEXT() REPRESENTATION_CONTEXT('2D SPACE',''
  ) );
#4134 = PCURVE('',#4054,#4135);
#4135 = DEFINITIONAL_REPRESENTATION('',(#4136),#4140);
#4136 = LINE('',#4137,#4138);
#4137 = CARTESIAN_POINT('',(-2.993038408691,-1.41070285966));
#4138 = VECTOR('',#4139,1.);
#4139 = DIRECTION('',(3.822341272335E-02,-0.999269218339));
#4140 = ( GEOMETRIC_REPRESENTATION_CONTEXT(2) 
PARAMETRIC_REPRESENTATION_CONTEXT() REPRESENTATION_CONTEXT('2D SPACE',''
  ) );
#4141 = ADVANCED_FACE('',(#4142),#4028,.F.);
#4142 = FACE_BOUND('',#4143,.F.);
#4143 = EDGE_LOOP('',(#4144,#4145,#4168,#4196));
#4144 = ORIENTED_EDGE('',*,*,#4012,.T.);
#4145 = ORIENTED_EDGE('',*,*,#4146,.T.);
#4146 = EDGE_CURVE('',#3985,#4147,#4149,.T.);
#4147 = VERTEX_POINT('',#4148);
#4148 = CARTESIAN_POINT('',(9.55,8.3,5.96));
#4149 = SURFACE_CURVE('',#4150,(#4154,#4161),.PCURVE_S1.);
#4150 = LINE('',#4151,#4152);
#4151 = CARTESIAN_POINT('',(9.55,0.,5.96));
#4152 = VECTOR('',#4153,1.);
#4153 = DIRECTION('',(0.,1.,0.));
#4154 = PCURVE('',#4028,#4155);
#4155 = DEFINITIONAL_REPRESENTATION('',(#4156),#4160);
#4156 = LINE('',#4157,#4158);
#4157 = CARTESIAN_POINT('',(0.,-2.7));
#4158 = VECTOR('',#4159,1.);
#4159 = DIRECTION('',(1.,0.));
#4160 = ( GEOMETRIC_REPRESENTATION_CONTEXT(2) 
PARAMETRIC_REPRESENTATION_CONTEXT() REPRESENTATION_CONTEXT('2D SPACE',''
  ) );
#4161 = PCURVE('',#4000,#4162);
#4162 = DEFINITIONAL_REPRESENTATION('',(#4163),#4167);
#4163 = LINE('',#4164,#4165);
#4164 = CARTESIAN_POINT('',(3.686961591309,-8.73070285966));
#4165 = VECTOR('',#4166,1.);
#4166 = DIRECTION('',(0.,1.));
#4167 = ( GEOMETRIC_REPRESENTATION_CONTEXT(2) 
PARAMETRIC_REPRESENTATION_CONTEXT() REPRESENTATION_CONTEXT('2D SPACE',''
  ) );
#4168 = ORIENTED_EDGE('',*,*,#4169,.F.);
#4169 = EDGE_CURVE('',#4170,#4147,#4172,.T.);
#4170 = VERTEX_POINT('',#4171);
#4171 = CARTESIAN_POINT('',(9.55,8.3,3.26));
#4172 = SURFACE_CURVE('',#4173,(#4177,#4184),.PCURVE_S1.);
#4173 = LINE('',#4174,#4175);
#4174 = CARTESIAN_POINT('',(9.55,8.3,3.26));
#4175 = VECTOR('',#4176,1.);
#4176 = DIRECTION('',(0.,0.,1.));
#4177 = PCURVE('',#4028,#4178);
#4178 = DEFINITIONAL_REPRESENTATION('',(#4179),#4183);
#4179 = LINE('',#4180,#4181);
#4180 = CARTESIAN_POINT('',(8.3,0.));
#4181 = VECTOR('',#4182,1.);
#4182 = DIRECTION('',(0.,-1.));
#4183 = ( GEOMETRIC_REPRESENTATION_CONTEXT(2) 
PARAMETRIC_REPRESENTATION_CONTEXT() REPRESENTATION_CONTEXT('2D SPACE',''
  ) );
#4184 = PCURVE('',#4185,#4190);
#4185 = PLANE('',#4186);
#4186 = AXIS2_PLACEMENT_3D('',#4187,#4188,#4189);
#4187 = CARTESIAN_POINT('',(9.55,8.3,3.26));
#4188 = DIRECTION('',(0.,1.,0.));
#4189 = DIRECTION('',(1.,0.,0.));
#4190 = DEFINITIONAL_REPRESENTATION('',(#4191),#4195);
#4191 = LINE('',#4192,#4193);
#4192 = CARTESIAN_POINT('',(0.,0.));
#4193 = VECTOR('',#4194,1.);
#4194 = DIRECTION('',(0.,-1.));
#4195 = ( GEOMETRIC_REPRESENTATION_CONTEXT(2) 
PARAMETRIC_REPRESENTATION_CONTEXT() REPRESENTATION_CONTEXT('2D SPACE',''
  ) );
#4196 = ORIENTED_EDGE('',*,*,#4197,.F.);
#4197 = EDGE_CURVE('',#4013,#4170,#4198,.T.);
#4198 = SURFACE_CURVE('',#4199,(#4203,#4210),.PCURVE_S1.);
#4199 = LINE('',#4200,#4201);
#4200 = CARTESIAN_POINT('',(9.55,0.,3.26));
#4201 = VECTOR('',#4202,1.);
#4202 = DIRECTION('',(0.,1.,0.));
#4203 = PCURVE('',#4028,#4204);
#4204 = DEFINITIONAL_REPRESENTATION('',(#4205),#4209);
#4205 = LINE('',#4206,#4207);
#4206 = CARTESIAN_POINT('',(0.,0.));
#4207 = VECTOR('',#4208,1.);
#4208 = DIRECTION('',(1.,0.));
#4209 = ( GEOMETRIC_REPRESENTATION_CONTEXT(2) 
PARAMETRIC_REPRESENTATION_CONTEXT() REPRESENTATION_CONTEXT('2D SPACE',''
  ) );
#4210 = PCURVE('',#4054,#4211);
#4211 = DEFINITIONAL_REPRESENTATION('',(#4212),#4216);
#4212 = LINE('',#4213,#4214);
#4213 = CARTESIAN_POINT('',(3.686961591309,-8.73070285966));
#4214 = VECTOR('',#4215,1.);
#4215 = DIRECTION('',(0.,1.));
#4216 = ( GEOMETRIC_REPRESENTATION_CONTEXT(2) 
PARAMETRIC_REPRESENTATION_CONTEXT() REPRESENTATION_CONTEXT('2D SPACE',''
  ) );
#4217 = ADVANCED_FACE('',(#4218,#4407),#4054,.F.);
#4218 = FACE_BOUND('',#4219,.F.);
#4219 = EDGE_LOOP('',(#4220,#4221,#4222,#4245,#4273,#4301,#4329,#4357,
    #4385,#4406));
#4220 = ORIENTED_EDGE('',*,*,#4040,.T.);
#4221 = ORIENTED_EDGE('',*,*,#4197,.T.);
#4222 = ORIENTED_EDGE('',*,*,#4223,.T.);
#4223 = EDGE_CURVE('',#4170,#4224,#4226,.T.);
#4224 = VERTEX_POINT('',#4225);
#4225 = CARTESIAN_POINT('',(12.05,8.3,3.26));
#4226 = SURFACE_CURVE('',#4227,(#4231,#4238),.PCURVE_S1.);
#4227 = LINE('',#4228,#4229);
#4228 = CARTESIAN_POINT('',(9.55,8.3,3.26));
#4229 = VECTOR('',#4230,1.);
#4230 = DIRECTION('',(1.,0.,0.));
#4231 = PCURVE('',#4054,#4232);
#4232 = DEFINITIONAL_REPRESENTATION('',(#4233),#4237);
#4233 = LINE('',#4234,#4235);
#4234 = CARTESIAN_POINT('',(3.686961591309,-0.43070285966));
#4235 = VECTOR('',#4236,1.);
#4236 = DIRECTION('',(1.,0.));
#4237 = ( GEOMETRIC_REPRESENTATION_CONTEXT(2) 
PARAMETRIC_REPRESENTATION_CONTEXT() REPRESENTATION_CONTEXT('2D SPACE',''
  ) );
#4238 = PCURVE('',#4185,#4239);
#4239 = DEFINITIONAL_REPRESENTATION('',(#4240),#4244);
#4240 = LINE('',#4241,#4242);
#4241 = CARTESIAN_POINT('',(0.,0.));
#4242 = VECTOR('',#4243,1.);
#4243 = DIRECTION('',(1.,0.));
#4244 = ( GEOMETRIC_REPRESENTATION_CONTEXT(2) 
PARAMETRIC_REPRESENTATION_CONTEXT() REPRESENTATION_CONTEXT('2D SPACE',''
  ) );
#4245 = ORIENTED_EDGE('',*,*,#4246,.T.);
#4246 = EDGE_CURVE('',#4224,#4247,#4249,.T.);
#4247 = VERTEX_POINT('',#4248);
#4248 = CARTESIAN_POINT('',(12.05,11.8,3.26));
#4249 = SURFACE_CURVE('',#4250,(#4254,#4261),.PCURVE_S1.);
#4250 = LINE('',#4251,#4252);
#4251 = CARTESIAN_POINT('',(12.05,8.3,3.26));
#4252 = VECTOR('',#4253,1.);
#4253 = DIRECTION('',(0.,1.,0.));
#4254 = PCURVE('',#4054,#4255);
#4255 = DEFINITIONAL_REPRESENTATION('',(#4256),#4260);
#4256 = LINE('',#4257,#4258);
#4257 = CARTESIAN_POINT('',(6.186961591309,-0.43070285966));
#4258 = VECTOR('',#4259,1.);
#4259 = DIRECTION('',(0.,1.));
#4260 = ( GEOMETRIC_REPRESENTATION_CONTEXT(2) 
PARAMETRIC_REPRESENTATION_CONTEXT() REPRESENTATION_CONTEXT('2D SPACE',''
  ) );
#4261 = PCURVE('',#4262,#4267);
#4262 = PLANE('',#4263);
#4263 = AXIS2_PLACEMENT_3D('',#4264,#4265,#4266);
#4264 = CARTESIAN_POINT('',(12.05,8.3,3.26));
#4265 = DIRECTION('',(-1.,0.,0.));
#4266 = DIRECTION('',(0.,1.,0.));
#4267 = DEFINITIONAL_REPRESENTATION('',(#4268),#4272);
#4268 = LINE('',#4269,#4270);
#4269 = CARTESIAN_POINT('',(0.,0.));
#4270 = VECTOR('',#4271,1.);
#4271 = DIRECTION('',(1.,0.));
#4272 = ( GEOMETRIC_REPRESENTATION_CONTEXT(2) 
PARAMETRIC_REPRESENTATION_CONTEXT() REPRESENTATION_CONTEXT('2D SPACE',''
  ) );
#4273 = ORIENTED_EDGE('',*,*,#4274,.T.);
#4274 = EDGE_CURVE('',#4247,#4275,#4277,.T.);
#4275 = VERTEX_POINT('',#4276);
#4276 = CARTESIAN_POINT('',(9.55,11.8,3.26));
#4277 = SURFACE_CURVE('',#4278,(#4282,#4289),.PCURVE_S1.);
#4278 = LINE('',#4279,#4280);
#4279 = CARTESIAN_POINT('',(12.05,11.8,3.26));
#4280 = VECTOR('',#4281,1.);
#4281 = DIRECTION('',(-1.,0.,0.));
#4282 = PCURVE('',#4054,#4283);
#4283 = DEFINITIONAL_REPRESENTATION('',(#4284),#4288);
#4284 = LINE('',#4285,#4286);
#4285 = CARTESIAN_POINT('',(6.186961591309,3.06929714034));
#4286 = VECTOR('',#4287,1.);
#4287 = DIRECTION('',(-1.,0.));
#4288 = ( GEOMETRIC_REPRESENTATION_CONTEXT(2) 
PARAMETRIC_REPRESENTATION_CONTEXT() REPRESENTATION_CONTEXT('2D SPACE',''
  ) );
#4289 = PCURVE('',#4290,#4295);
#4290 = PLANE('',#4291);
#4291 = AXIS2_PLACEMENT_3D('',#4292,#4293,#4294);
#4292 = CARTESIAN_POINT('',(12.05,11.8,3.26));
#4293 = DIRECTION('',(0.,-1.,0.));
#4294 = DIRECTION('',(-1.,0.,0.));
#4295 = DEFINITIONAL_REPRESENTATION('',(#4296),#4300);
#4296 = LINE('',#4297,#4298);
#4297 = CARTESIAN_POINT('',(0.,-0.));
#4298 = VECTOR('',#4299,1.);
#4299 = DIRECTION('',(1.,0.));
#4300 = ( GEOMETRIC_REPRESENTATION_CONTEXT(2) 
PARAMETRIC_REPRESENTATION_CONTEXT() REPRESENTATION_CONTEXT('2D SPACE',''
  ) );
#4301 = ORIENTED_EDGE('',*,*,#4302,.T.);
#4302 = EDGE_CURVE('',#4275,#4303,#4305,.T.);
#4303 = VERTEX_POINT('',#4304);
#4304 = CARTESIAN_POINT('',(9.55,16.3,3.26));
#4305 = SURFACE_CURVE('',#4306,(#4310,#4317),.PCURVE_S1.);
#4306 = LINE('',#4307,#4308);
#4307 = CARTESIAN_POINT('',(9.55,11.8,3.26));
#4308 = VECTOR('',#4309,1.);
#4309 = DIRECTION('',(0.,1.,0.));
#4310 = PCURVE('',#4054,#4311);
#4311 = DEFINITIONAL_REPRESENTATION('',(#4312),#4316);
#4312 = LINE('',#4313,#4314);
#4313 = CARTESIAN_POINT('',(3.686961591309,3.06929714034));
#4314 = VECTOR('',#4315,1.);
#4315 = DIRECTION('',(0.,1.));
#4316 = ( GEOMETRIC_REPRESENTATION_CONTEXT(2) 
PARAMETRIC_REPRESENTATION_CONTEXT() REPRESENTATION_CONTEXT('2D SPACE',''
  ) );
#4317 = PCURVE('',#4318,#4323);
#4318 = PLANE('',#4319);
#4319 = AXIS2_PLACEMENT_3D('',#4320,#4321,#4322);
#4320 = CARTESIAN_POINT('',(9.55,11.8,3.26));
#4321 = DIRECTION('',(-1.,0.,0.));
#4322 = DIRECTION('',(0.,1.,0.));
#4323 = DEFINITIONAL_REPRESENTATION('',(#4324),#4328);
#4324 = LINE('',#4325,#4326);
#4325 = CARTESIAN_POINT('',(0.,0.));
#4326 = VECTOR('',#4327,1.);
#4327 = DIRECTION('',(1.,0.));
#4328 = ( GEOMETRIC_REPRESENTATION_CONTEXT(2) 
PARAMETRIC_REPRESENTATION_CONTEXT() REPRESENTATION_CONTEXT('2D SPACE',''
  ) );
#4329 = ORIENTED_EDGE('',*,*,#4330,.T.);
#4330 = EDGE_CURVE('',#4303,#4331,#4333,.T.);
#4331 = VERTEX_POINT('',#4332);
#4332 = CARTESIAN_POINT('',(0.,16.3,3.26));
#4333 = SURFACE_CURVE('',#4334,(#4338,#4345),.PCURVE_S1.);
#4334 = LINE('',#4335,#4336);
#4335 = CARTESIAN_POINT('',(9.55,16.3,3.26));
#4336 = VECTOR('',#4337,1.);
#4337 = DIRECTION('',(-1.,0.,0.));
#4338 = PCURVE('',#4054,#4339);
#4339 = DEFINITIONAL_REPRESENTATION('',(#4340),#4344);
#4340 = LINE('',#4341,#4342);
#4341 = CARTESIAN_POINT('',(3.686961591309,7.56929714034));
#4342 = VECTOR('',#4343,1.);
#4343 = DIRECTION('',(-1.,0.));
#4344 = ( GEOMETRIC_REPRESENTATION_CONTEXT(2) 
PARAMETRIC_REPRESENTATION_CONTEXT() REPRESENTATION_CONTEXT('2D SPACE',''
  ) );
#4345 = PCURVE('',#4346,#4351);
#4346 = PLANE('',#4347);
#4347 = AXIS2_PLACEMENT_3D('',#4348,#4349,#4350);
#4348 = CARTESIAN_POINT('',(9.55,16.3,3.26));
#4349 = DIRECTION('',(0.,-1.,0.));
#4350 = DIRECTION('',(-1.,0.,0.));
#4351 = DEFINITIONAL_REPRESENTATION('',(#4352),#4356);
#4352 = LINE('',#4353,#4354);
#4353 = CARTESIAN_POINT('',(0.,-0.));
#4354 = VECTOR('',#4355,1.);
#4355 = DIRECTION('',(1.,0.));
#4356 = ( GEOMETRIC_REPRESENTATION_CONTEXT(2) 
PARAMETRIC_REPRESENTATION_CONTEXT() REPRESENTATION_CONTEXT('2D SPACE',''
  ) );
#4357 = ORIENTED_EDGE('',*,*,#4358,.T.);
#4358 = EDGE_CURVE('',#4331,#4359,#4361,.T.);
#4359 = VERTEX_POINT('',#4360);
#4360 = CARTESIAN_POINT('',(0.,7.32,3.26));
#4361 = SURFACE_CURVE('',#4362,(#4366,#4373),.PCURVE_S1.);
#4362 = LINE('',#4363,#4364);
#4363 = CARTESIAN_POINT('',(0.,16.3,3.26));
#4364 = VECTOR('',#4365,1.);
#4365 = DIRECTION('',(0.,-1.,0.));
#4366 = PCURVE('',#4054,#4367);
#4367 = DEFINITIONAL_REPRESENTATION('',(#4368),#4372);
#4368 = LINE('',#4369,#4370);
#4369 = CARTESIAN_POINT('',(-5.863038408691,7.56929714034));
#4370 = VECTOR('',#4371,1.);
#4371 = DIRECTION('',(0.,-1.));
#4372 = ( GEOMETRIC_REPRESENTATION_CONTEXT(2) 
PARAMETRIC_REPRESENTATION_CONTEXT() REPRESENTATION_CONTEXT('2D SPACE',''
  ) );
#4373 = PCURVE('',#4374,#4379);
#4374 = PLANE('',#4375);
#4375 = AXIS2_PLACEMENT_3D('',#4376,#4377,#4378);
#4376 = CARTESIAN_POINT('',(0.,16.3,3.26));
#4377 = DIRECTION('',(1.,0.,-0.));
#4378 = DIRECTION('',(0.,-1.,0.));
#4379 = DEFINITIONAL_REPRESENTATION('',(#4380),#4384);
#4380 = LINE('',#4381,#4382);
#4381 = CARTESIAN_POINT('',(0.,0.));
#4382 = VECTOR('',#4383,1.);
#4383 = DIRECTION('',(1.,0.));
#4384 = ( GEOMETRIC_REPRESENTATION_CONTEXT(2) 
PARAMETRIC_REPRESENTATION_CONTEXT() REPRESENTATION_CONTEXT('2D SPACE',''
  ) );
#4385 = ORIENTED_EDGE('',*,*,#4386,.T.);
#4386 = EDGE_CURVE('',#4359,#4070,#4387,.T.);
#4387 = SURFACE_CURVE('',#4388,(#4392,#4399),.PCURVE_S1.);
#4388 = LINE('',#4389,#4390);
#4389 = CARTESIAN_POINT('',(0.,7.32,3.26));
#4390 = VECTOR('',#4391,1.);
#4391 = DIRECTION('',(1.,0.,0.));
#4392 = PCURVE('',#4054,#4393);
#4393 = DEFINITIONAL_REPRESENTATION('',(#4394),#4398);
#4394 = LINE('',#4395,#4396);
#4395 = CARTESIAN_POINT('',(-5.863038408691,-1.41070285966));
#4396 = VECTOR('',#4397,1.);
#4397 = DIRECTION('',(1.,0.));
#4398 = ( GEOMETRIC_REPRESENTATION_CONTEXT(2) 
PARAMETRIC_REPRESENTATION_CONTEXT() REPRESENTATION_CONTEXT('2D SPACE',''
  ) );
#4399 = PCURVE('',#4087,#4400);
#4400 = DEFINITIONAL_REPRESENTATION('',(#4401),#4405);
#4401 = LINE('',#4402,#4403);
#4402 = CARTESIAN_POINT('',(0.,0.));
#4403 = VECTOR('',#4404,1.);
#4404 = DIRECTION('',(1.,0.));
#4405 = ( GEOMETRIC_REPRESENTATION_CONTEXT(2) 
PARAMETRIC_REPRESENTATION_CONTEXT() REPRESENTATION_CONTEXT('2D SPACE',''
  ) );
#4406 = ORIENTED_EDGE('',*,*,#4121,.T.);
#4407 = FACE_BOUND('',#4408,.F.);
#4408 = EDGE_LOOP('',(#4409,#4437,#4463,#4489,#4515,#4541,#4567,#4593,
    #4619,#4645));
#4409 = ORIENTED_EDGE('',*,*,#4410,.T.);
#4410 = EDGE_CURVE('',#4411,#4413,#4415,.T.);
#4411 = VERTEX_POINT('',#4412);
#4412 = CARTESIAN_POINT('',(9.15,8.7,3.26));
#4413 = VERTEX_POINT('',#4414);
#4414 = CARTESIAN_POINT('',(9.15,0.4,3.26));
#4415 = SURFACE_CURVE('',#4416,(#4420,#4426),.PCURVE_S1.);
#4416 = LINE('',#4417,#4418);
#4417 = CARTESIAN_POINT('',(9.15,4.56535142983,3.26));
#4418 = VECTOR('',#4419,1.);
#4419 = DIRECTION('',(0.,-1.,0.));
#4420 = PCURVE('',#4054,#4421);
#4421 = DEFINITIONAL_REPRESENTATION('',(#4422),#4425);
#4422 = B_SPLINE_CURVE_WITH_KNOTS('',1,(#4423,#4424),.UNSPECIFIED.,.F.,
  .F.,(2,2),(-4.13464857017,4.16535142983),.PIECEWISE_BEZIER_KNOTS.);
#4423 = CARTESIAN_POINT('',(3.286961591309,-3.070285966045E-02));
#4424 = CARTESIAN_POINT('',(3.286961591309,-8.33070285966));
#4425 = ( GEOMETRIC_REPRESENTATION_CONTEXT(2) 
PARAMETRIC_REPRESENTATION_CONTEXT() REPRESENTATION_CONTEXT('2D SPACE',''
  ) );
#4426 = PCURVE('',#4427,#4432);
#4427 = PLANE('',#4428);
#4428 = AXIS2_PLACEMENT_3D('',#4429,#4430,#4431);
#4429 = CARTESIAN_POINT('',(9.15,0.4,3.25));
#4430 = DIRECTION('',(-1.,0.,0.));
#4431 = DIRECTION('',(0.,1.,0.));
#4432 = DEFINITIONAL_REPRESENTATION('',(#4433),#4436);
#4433 = B_SPLINE_CURVE_WITH_KNOTS('',1,(#4434,#4435),.UNSPECIFIED.,.F.,
  .F.,(2,2),(-4.13464857017,4.16535142983),.PIECEWISE_BEZIER_KNOTS.);
#4434 = CARTESIAN_POINT('',(8.3,-1.E-02));
#4435 = CARTESIAN_POINT('',(0.,-1.E-02));
#4436 = ( GEOMETRIC_REPRESENTATION_CONTEXT(2) 
PARAMETRIC_REPRESENTATION_CONTEXT() REPRESENTATION_CONTEXT('2D SPACE',''
  ) );
#4437 = ORIENTED_EDGE('',*,*,#4438,.T.);
#4438 = EDGE_CURVE('',#4413,#4439,#4441,.T.);
#4439 = VERTEX_POINT('',#4440);
#4440 = CARTESIAN_POINT('',(3.534991979989,0.4,3.26));
#4441 = SURFACE_CURVE('',#4442,(#4446,#4452),.PCURVE_S1.);
#4442 = LINE('',#4443,#4444);
#4443 = CARTESIAN_POINT('',(4.69901519434,0.4,3.26));
#4444 = VECTOR('',#4445,1.);
#4445 = DIRECTION('',(-1.,0.,0.));
#4446 = PCURVE('',#4054,#4447);
#4447 = DEFINITIONAL_REPRESENTATION('',(#4448),#4451);
#4448 = B_SPLINE_CURVE_WITH_KNOTS('',1,(#4449,#4450),.UNSPECIFIED.,.F.,
  .F.,(2,2),(-4.45098480566,1.164023214351),.PIECEWISE_BEZIER_KNOTS.);
#4449 = CARTESIAN_POINT('',(3.286961591309,-8.33070285966));
#4450 = CARTESIAN_POINT('',(-2.328046428702,-8.33070285966));
#4451 = ( GEOMETRIC_REPRESENTATION_CONTEXT(2) 
PARAMETRIC_REPRESENTATION_CONTEXT() REPRESENTATION_CONTEXT('2D SPACE',''
  ) );
#4452 = PCURVE('',#4453,#4458);
#4453 = PLANE('',#4454);
#4454 = AXIS2_PLACEMENT_3D('',#4455,#4456,#4457);
#4455 = CARTESIAN_POINT('',(3.534991979989,0.4,3.25));
#4456 = DIRECTION('',(0.,1.,0.));
#4457 = DIRECTION('',(1.,0.,0.));
#4458 = DEFINITIONAL_REPRESENTATION('',(#4459),#4462);
#4459 = B_SPLINE_CURVE_WITH_KNOTS('',1,(#4460,#4461),.UNSPECIFIED.,.F.,
  .F.,(2,2),(-4.45098480566,1.164023214351),.PIECEWISE_BEZIER_KNOTS.);
#4460 = CARTESIAN_POINT('',(5.615008020011,-1.E-02));
#4461 = CARTESIAN_POINT('',(0.,-1.E-02));
#4462 = ( GEOMETRIC_REPRESENTATION_CONTEXT(2) 
PARAMETRIC_REPRESENTATION_CONTEXT() REPRESENTATION_CONTEXT('2D SPACE',''
  ) );
#4463 = ORIENTED_EDGE('',*,*,#4464,.T.);
#4464 = EDGE_CURVE('',#4439,#4465,#4467,.T.);
#4465 = VERTEX_POINT('',#4466);
#4466 = CARTESIAN_POINT('',(3.254991979989,7.72,3.26));
#4467 = SURFACE_CURVE('',#4468,(#4472,#4478),.PCURVE_S1.);
#4468 = LINE('',#4469,#4470);
#4469 = CARTESIAN_POINT('',(3.237595055781,8.174805304312,3.26));
#4470 = VECTOR('',#4471,1.);
#4471 = DIRECTION('',(-3.822341272335E-02,0.999269218339,0.));
#4472 = PCURVE('',#4054,#4473);
#4473 = DEFINITIONAL_REPRESENTATION('',(#4474),#4477);
#4474 = B_SPLINE_CURVE_WITH_KNOTS('',1,(#4475,#4476),.UNSPECIFIED.,.F.,
  .F.,(2,2),(-7.780491144554,-0.45513791075),.PIECEWISE_BEZIER_KNOTS.);
#4475 = CARTESIAN_POINT('',(-2.328046428702,-8.33070285966));
#4476 = CARTESIAN_POINT('',(-2.608046428702,-1.01070285966));
#4477 = ( GEOMETRIC_REPRESENTATION_CONTEXT(2) 
PARAMETRIC_REPRESENTATION_CONTEXT() REPRESENTATION_CONTEXT('2D SPACE',''
  ) );
#4478 = PCURVE('',#4479,#4484);
#4479 = PLANE('',#4480);
#4480 = AXIS2_PLACEMENT_3D('',#4481,#4482,#4483);
#4481 = CARTESIAN_POINT('',(3.254991979989,7.72,3.25));
#4482 = DIRECTION('',(0.999269218339,3.822341272335E-02,-0.));
#4483 = DIRECTION('',(3.822341272335E-02,-0.999269218339,0.));
#4484 = DEFINITIONAL_REPRESENTATION('',(#4485),#4488);
#4485 = B_SPLINE_CURVE_WITH_KNOTS('',1,(#4486,#4487),.UNSPECIFIED.,.F.,
  .F.,(2,2),(-7.780491144554,-0.45513791075),.PIECEWISE_BEZIER_KNOTS.);
#4486 = CARTESIAN_POINT('',(7.325353233804,-1.E-02));
#4487 = CARTESIAN_POINT('',(-8.881784197001E-16,-1.E-02));
#4488 = ( GEOMETRIC_REPRESENTATION_CONTEXT(2) 
PARAMETRIC_REPRESENTATION_CONTEXT() REPRESENTATION_CONTEXT('2D SPACE',''
  ) );
#4489 = ORIENTED_EDGE('',*,*,#4490,.T.);
#4490 = EDGE_CURVE('',#4465,#4491,#4493,.T.);
#4491 = VERTEX_POINT('',#4492);
#4492 = CARTESIAN_POINT('',(0.4,7.72,3.26));
#4493 = SURFACE_CURVE('',#4494,(#4498,#4504),.PCURVE_S1.);
#4494 = LINE('',#4495,#4496);
#4495 = CARTESIAN_POINT('',(3.131519204346,7.72,3.26));
#4496 = VECTOR('',#4497,1.);
#4497 = DIRECTION('',(-1.,0.,0.));
#4498 = PCURVE('',#4054,#4499);
#4499 = DEFINITIONAL_REPRESENTATION('',(#4500),#4503);
#4500 = B_SPLINE_CURVE_WITH_KNOTS('',1,(#4501,#4502),.UNSPECIFIED.,.F.,
  .F.,(2,2),(-0.123472775644,2.731519204346),.PIECEWISE_BEZIER_KNOTS.);
#4501 = CARTESIAN_POINT('',(-2.608046428702,-1.01070285966));
#4502 = CARTESIAN_POINT('',(-5.463038408691,-1.01070285966));
#4503 = ( GEOMETRIC_REPRESENTATION_CONTEXT(2) 
PARAMETRIC_REPRESENTATION_CONTEXT() REPRESENTATION_CONTEXT('2D SPACE',''
  ) );
#4504 = PCURVE('',#4505,#4510);
#4505 = PLANE('',#4506);
#4506 = AXIS2_PLACEMENT_3D('',#4507,#4508,#4509);
#4507 = CARTESIAN_POINT('',(0.4,7.72,3.25));
#4508 = DIRECTION('',(0.,1.,0.));
#4509 = DIRECTION('',(1.,0.,0.));
#4510 = DEFINITIONAL_REPRESENTATION('',(#4511),#4514);
#4511 = B_SPLINE_CURVE_WITH_KNOTS('',1,(#4512,#4513),.UNSPECIFIED.,.F.,
  .F.,(2,2),(-0.123472775644,2.731519204346),.PIECEWISE_BEZIER_KNOTS.);
#4512 = CARTESIAN_POINT('',(2.854991979989,-1.E-02));
#4513 = CARTESIAN_POINT('',(0.,-1.E-02));
#4514 = ( GEOMETRIC_REPRESENTATION_CONTEXT(2) 
PARAMETRIC_REPRESENTATION_CONTEXT() REPRESENTATION_CONTEXT('2D SPACE',''
  ) );
#4515 = ORIENTED_EDGE('',*,*,#4516,.T.);
#4516 = EDGE_CURVE('',#4491,#4517,#4519,.T.);
#4517 = VERTEX_POINT('',#4518);
#4518 = CARTESIAN_POINT('',(0.4,15.9,3.26));
#4519 = SURFACE_CURVE('',#4520,(#4524,#4530),.PCURVE_S1.);
#4520 = LINE('',#4521,#4522);
#4521 = CARTESIAN_POINT('',(0.4,12.31535142983,3.26));
#4522 = VECTOR('',#4523,1.);
#4523 = DIRECTION('',(-0.,1.,0.));
#4524 = PCURVE('',#4054,#4525);
#4525 = DEFINITIONAL_REPRESENTATION('',(#4526),#4529);
#4526 = B_SPLINE_CURVE_WITH_KNOTS('',1,(#4527,#4528),.UNSPECIFIED.,.F.,
  .F.,(2,2),(-4.59535142983,3.58464857017),.PIECEWISE_BEZIER_KNOTS.);
#4527 = CARTESIAN_POINT('',(-5.463038408691,-1.01070285966));
#4528 = CARTESIAN_POINT('',(-5.463038408691,7.16929714034));
#4529 = ( GEOMETRIC_REPRESENTATION_CONTEXT(2) 
PARAMETRIC_REPRESENTATION_CONTEXT() REPRESENTATION_CONTEXT('2D SPACE',''
  ) );
#4530 = PCURVE('',#4531,#4536);
#4531 = PLANE('',#4532);
#4532 = AXIS2_PLACEMENT_3D('',#4533,#4534,#4535);
#4533 = CARTESIAN_POINT('',(0.4,15.9,3.25));
#4534 = DIRECTION('',(1.,0.,-0.));
#4535 = DIRECTION('',(0.,-1.,0.));
#4536 = DEFINITIONAL_REPRESENTATION('',(#4537),#4540);
#4537 = B_SPLINE_CURVE_WITH_KNOTS('',1,(#4538,#4539),.UNSPECIFIED.,.F.,
  .F.,(2,2),(-4.59535142983,3.58464857017),.PIECEWISE_BEZIER_KNOTS.);
#4538 = CARTESIAN_POINT('',(8.18,-1.E-02));
#4539 = CARTESIAN_POINT('',(0.,-1.E-02));
#4540 = ( GEOMETRIC_REPRESENTATION_CONTEXT(2) 
PARAMETRIC_REPRESENTATION_CONTEXT() REPRESENTATION_CONTEXT('2D SPACE',''
  ) );
#4541 = ORIENTED_EDGE('',*,*,#4542,.T.);
#4542 = EDGE_CURVE('',#4517,#4543,#4545,.T.);
#4543 = VERTEX_POINT('',#4544);
#4544 = CARTESIAN_POINT('',(9.15,15.9,3.26));
#4545 = SURFACE_CURVE('',#4546,(#4550,#4556),.PCURVE_S1.);
#4546 = LINE('',#4547,#4548);
#4547 = CARTESIAN_POINT('',(7.506519204346,15.9,3.26));
#4548 = VECTOR('',#4549,1.);
#4549 = DIRECTION('',(1.,0.,-0.));
#4550 = PCURVE('',#4054,#4551);
#4551 = DEFINITIONAL_REPRESENTATION('',(#4552),#4555);
#4552 = B_SPLINE_CURVE_WITH_KNOTS('',1,(#4553,#4554),.UNSPECIFIED.,.F.,
  .F.,(2,2),(-7.106519204346,1.643480795654),.PIECEWISE_BEZIER_KNOTS.);
#4553 = CARTESIAN_POINT('',(-5.463038408691,7.16929714034));
#4554 = CARTESIAN_POINT('',(3.286961591309,7.16929714034));
#4555 = ( GEOMETRIC_REPRESENTATION_CONTEXT(2) 
PARAMETRIC_REPRESENTATION_CONTEXT() REPRESENTATION_CONTEXT('2D SPACE',''
  ) );
#4556 = PCURVE('',#4557,#4562);
#4557 = PLANE('',#4558);
#4558 = AXIS2_PLACEMENT_3D('',#4559,#4560,#4561);
#4559 = CARTESIAN_POINT('',(9.15,15.9,3.25));
#4560 = DIRECTION('',(0.,-1.,0.));
#4561 = DIRECTION('',(-1.,0.,0.));
#4562 = DEFINITIONAL_REPRESENTATION('',(#4563),#4566);
#4563 = B_SPLINE_CURVE_WITH_KNOTS('',1,(#4564,#4565),.UNSPECIFIED.,.F.,
  .F.,(2,2),(-7.106519204346,1.643480795654),.PIECEWISE_BEZIER_KNOTS.);
#4564 = CARTESIAN_POINT('',(8.75,-1.E-02));
#4565 = CARTESIAN_POINT('',(0.,-1.E-02));
#4566 = ( GEOMETRIC_REPRESENTATION_CONTEXT(2) 
PARAMETRIC_REPRESENTATION_CONTEXT() REPRESENTATION_CONTEXT('2D SPACE',''
  ) );
#4567 = ORIENTED_EDGE('',*,*,#4568,.T.);
#4568 = EDGE_CURVE('',#4543,#4569,#4571,.T.);
#4569 = VERTEX_POINT('',#4570);
#4570 = CARTESIAN_POINT('',(9.15,11.4,3.26));
#4571 = SURFACE_CURVE('',#4572,(#4576,#4582),.PCURVE_S1.);
#4572 = LINE('',#4573,#4574);
#4573 = CARTESIAN_POINT('',(9.15,10.06535142983,3.26));
#4574 = VECTOR('',#4575,1.);
#4575 = DIRECTION('',(0.,-1.,0.));
#4576 = PCURVE('',#4054,#4577);
#4577 = DEFINITIONAL_REPRESENTATION('',(#4578),#4581);
#4578 = B_SPLINE_CURVE_WITH_KNOTS('',1,(#4579,#4580),.UNSPECIFIED.,.F.,
  .F.,(2,2),(-5.83464857017,-1.33464857017),.PIECEWISE_BEZIER_KNOTS.);
#4579 = CARTESIAN_POINT('',(3.286961591309,7.16929714034));
#4580 = CARTESIAN_POINT('',(3.286961591309,2.66929714034));
#4581 = ( GEOMETRIC_REPRESENTATION_CONTEXT(2) 
PARAMETRIC_REPRESENTATION_CONTEXT() REPRESENTATION_CONTEXT('2D SPACE',''
  ) );
#4582 = PCURVE('',#4583,#4588);
#4583 = PLANE('',#4584);
#4584 = AXIS2_PLACEMENT_3D('',#4585,#4586,#4587);
#4585 = CARTESIAN_POINT('',(9.15,11.4,3.25));
#4586 = DIRECTION('',(-1.,0.,0.));
#4587 = DIRECTION('',(0.,1.,0.));
#4588 = DEFINITIONAL_REPRESENTATION('',(#4589),#4592);
#4589 = B_SPLINE_CURVE_WITH_KNOTS('',1,(#4590,#4591),.UNSPECIFIED.,.F.,
  .F.,(2,2),(-5.83464857017,-1.33464857017),.PIECEWISE_BEZIER_KNOTS.);
#4590 = CARTESIAN_POINT('',(4.5,-1.E-02));
#4591 = CARTESIAN_POINT('',(0.,-1.E-02));
#4592 = ( GEOMETRIC_REPRESENTATION_CONTEXT(2) 
PARAMETRIC_REPRESENTATION_CONTEXT() REPRESENTATION_CONTEXT('2D SPACE',''
  ) );
#4593 = ORIENTED_EDGE('',*,*,#4594,.T.);
#4594 = EDGE_CURVE('',#4569,#4595,#4597,.T.);
#4595 = VERTEX_POINT('',#4596);
#4596 = CARTESIAN_POINT('',(11.65,11.4,3.26));
#4597 = SURFACE_CURVE('',#4598,(#4602,#4608),.PCURVE_S1.);
#4598 = LINE('',#4599,#4600);
#4599 = CARTESIAN_POINT('',(8.756519204346,11.4,3.26));
#4600 = VECTOR('',#4601,1.);
#4601 = DIRECTION('',(1.,0.,-0.));
#4602 = PCURVE('',#4054,#4603);
#4603 = DEFINITIONAL_REPRESENTATION('',(#4604),#4607);
#4604 = B_SPLINE_CURVE_WITH_KNOTS('',1,(#4605,#4606),.UNSPECIFIED.,.F.,
  .F.,(2,2),(0.393480795654,2.893480795654),.PIECEWISE_BEZIER_KNOTS.);
#4605 = CARTESIAN_POINT('',(3.286961591309,2.66929714034));
#4606 = CARTESIAN_POINT('',(5.786961591309,2.66929714034));
#4607 = ( GEOMETRIC_REPRESENTATION_CONTEXT(2) 
PARAMETRIC_REPRESENTATION_CONTEXT() REPRESENTATION_CONTEXT('2D SPACE',''
  ) );
#4608 = PCURVE('',#4609,#4614);
#4609 = PLANE('',#4610);
#4610 = AXIS2_PLACEMENT_3D('',#4611,#4612,#4613);
#4611 = CARTESIAN_POINT('',(11.65,11.4,3.25));
#4612 = DIRECTION('',(0.,-1.,0.));
#4613 = DIRECTION('',(-1.,0.,0.));
#4614 = DEFINITIONAL_REPRESENTATION('',(#4615),#4618);
#4615 = B_SPLINE_CURVE_WITH_KNOTS('',1,(#4616,#4617),.UNSPECIFIED.,.F.,
  .F.,(2,2),(0.393480795654,2.893480795654),.PIECEWISE_BEZIER_KNOTS.);
#4616 = CARTESIAN_POINT('',(2.5,-1.E-02));
#4617 = CARTESIAN_POINT('',(-4.440892098501E-16,-1.E-02));
#4618 = ( GEOMETRIC_REPRESENTATION_CONTEXT(2) 
PARAMETRIC_REPRESENTATION_CONTEXT() REPRESENTATION_CONTEXT('2D SPACE',''
  ) );
#4619 = ORIENTED_EDGE('',*,*,#4620,.T.);
#4620 = EDGE_CURVE('',#4595,#4621,#4623,.T.);
#4621 = VERTEX_POINT('',#4622);
#4622 = CARTESIAN_POINT('',(11.65,8.7,3.26));
#4623 = SURFACE_CURVE('',#4624,(#4628,#4634),.PCURVE_S1.);
#4624 = LINE('',#4625,#4626);
#4625 = CARTESIAN_POINT('',(11.65,8.71535142983,3.26));
#4626 = VECTOR('',#4627,1.);
#4627 = DIRECTION('',(0.,-1.,0.));
#4628 = PCURVE('',#4054,#4629);
#4629 = DEFINITIONAL_REPRESENTATION('',(#4630),#4633);
#4630 = B_SPLINE_CURVE_WITH_KNOTS('',1,(#4631,#4632),.UNSPECIFIED.,.F.,
  .F.,(2,2),(-2.68464857017,1.535142983022E-02),
  .PIECEWISE_BEZIER_KNOTS.);
#4631 = CARTESIAN_POINT('',(5.786961591309,2.66929714034));
#4632 = CARTESIAN_POINT('',(5.786961591309,-3.070285966045E-02));
#4633 = ( GEOMETRIC_REPRESENTATION_CONTEXT(2) 
PARAMETRIC_REPRESENTATION_CONTEXT() REPRESENTATION_CONTEXT('2D SPACE',''
  ) );
#4634 = PCURVE('',#4635,#4640);
#4635 = PLANE('',#4636);
#4636 = AXIS2_PLACEMENT_3D('',#4637,#4638,#4639);
#4637 = CARTESIAN_POINT('',(11.65,8.7,3.25));
#4638 = DIRECTION('',(-1.,0.,0.));
#4639 = DIRECTION('',(0.,1.,0.));
#4640 = DEFINITIONAL_REPRESENTATION('',(#4641),#4644);
#4641 = B_SPLINE_CURVE_WITH_KNOTS('',1,(#4642,#4643),.UNSPECIFIED.,.F.,
  .F.,(2,2),(-2.68464857017,1.535142983022E-02),
  .PIECEWISE_BEZIER_KNOTS.);
#4642 = CARTESIAN_POINT('',(2.7,-1.E-02));
#4643 = CARTESIAN_POINT('',(0.,-1.E-02));
#4644 = ( GEOMETRIC_REPRESENTATION_CONTEXT(2) 
PARAMETRIC_REPRESENTATION_CONTEXT() REPRESENTATION_CONTEXT('2D SPACE',''
  ) );
#4645 = ORIENTED_EDGE('',*,*,#4646,.T.);
#4646 = EDGE_CURVE('',#4621,#4411,#4647,.T.);
#4647 = SURFACE_CURVE('',#4648,(#4652,#4658),.PCURVE_S1.);
#4648 = LINE('',#4649,#4650);
#4649 = CARTESIAN_POINT('',(7.506519204346,8.7,3.26));
#4650 = VECTOR('',#4651,1.);
#4651 = DIRECTION('',(-1.,0.,0.));
#4652 = PCURVE('',#4054,#4653);
#4653 = DEFINITIONAL_REPRESENTATION('',(#4654),#4657);
#4654 = B_SPLINE_CURVE_WITH_KNOTS('',1,(#4655,#4656),.UNSPECIFIED.,.F.,
  .F.,(2,2),(-4.143480795654,-1.643480795654),.PIECEWISE_BEZIER_KNOTS.);
#4655 = CARTESIAN_POINT('',(5.786961591309,-3.070285966045E-02));
#4656 = CARTESIAN_POINT('',(3.286961591309,-3.070285966045E-02));
#4657 = ( GEOMETRIC_REPRESENTATION_CONTEXT(2) 
PARAMETRIC_REPRESENTATION_CONTEXT() REPRESENTATION_CONTEXT('2D SPACE',''
  ) );
#4658 = PCURVE('',#4659,#4664);
#4659 = PLANE('',#4660);
#4660 = AXIS2_PLACEMENT_3D('',#4661,#4662,#4663);
#4661 = CARTESIAN_POINT('',(9.15,8.7,3.25));
#4662 = DIRECTION('',(0.,1.,0.));
#4663 = DIRECTION('',(1.,0.,0.));
#4664 = DEFINITIONAL_REPRESENTATION('',(#4665),#4668);
#4665 = B_SPLINE_CURVE_WITH_KNOTS('',1,(#4666,#4667),.UNSPECIFIED.,.F.,
  .F.,(2,2),(-4.143480795654,-1.643480795654),.PIECEWISE_BEZIER_KNOTS.);
#4666 = CARTESIAN_POINT('',(2.5,-1.E-02));
#4667 = CARTESIAN_POINT('',(0.,-1.E-02));
#4668 = ( GEOMETRIC_REPRESENTATION_CONTEXT(2) 
PARAMETRIC_REPRESENTATION_CONTEXT() REPRESENTATION_CONTEXT('2D SPACE',''
  ) );
#4669 = ADVANCED_FACE('',(#4670,#4834),#4000,.T.);
#4670 = FACE_BOUND('',#4671,.T.);
#4671 = EDGE_LOOP('',(#4672,#4673,#4674,#4697,#4720,#4743,#4766,#4789,
    #4812,#4833));
#4672 = ORIENTED_EDGE('',*,*,#3984,.T.);
#4673 = ORIENTED_EDGE('',*,*,#4146,.T.);
#4674 = ORIENTED_EDGE('',*,*,#4675,.T.);
#4675 = EDGE_CURVE('',#4147,#4676,#4678,.T.);
#4676 = VERTEX_POINT('',#4677);
#4677 = CARTESIAN_POINT('',(12.05,8.3,5.96));
#4678 = SURFACE_CURVE('',#4679,(#4683,#4690),.PCURVE_S1.);
#4679 = LINE('',#4680,#4681);
#4680 = CARTESIAN_POINT('',(9.55,8.3,5.96));
#4681 = VECTOR('',#4682,1.);
#4682 = DIRECTION('',(1.,0.,0.));
#4683 = PCURVE('',#4000,#4684);
#4684 = DEFINITIONAL_REPRESENTATION('',(#4685),#4689);
#4685 = LINE('',#4686,#4687);
#4686 = CARTESIAN_POINT('',(3.686961591309,-0.43070285966));
#4687 = VECTOR('',#4688,1.);
#4688 = DIRECTION('',(1.,0.));
#4689 = ( GEOMETRIC_REPRESENTATION_CONTEXT(2) 
PARAMETRIC_REPRESENTATION_CONTEXT() REPRESENTATION_CONTEXT('2D SPACE',''
  ) );
#4690 = PCURVE('',#4185,#4691);
#4691 = DEFINITIONAL_REPRESENTATION('',(#4692),#4696);
#4692 = LINE('',#4693,#4694);
#4693 = CARTESIAN_POINT('',(0.,-2.7));
#4694 = VECTOR('',#4695,1.);
#4695 = DIRECTION('',(1.,0.));
#4696 = ( GEOMETRIC_REPRESENTATION_CONTEXT(2) 
PARAMETRIC_REPRESENTATION_CONTEXT() REPRESENTATION_CONTEXT('2D SPACE',''
  ) );
#4697 = ORIENTED_EDGE('',*,*,#4698,.T.);
#4698 = EDGE_CURVE('',#4676,#4699,#4701,.T.);
#4699 = VERTEX_POINT('',#4700);
#4700 = CARTESIAN_POINT('',(12.05,11.8,5.96));
#4701 = SURFACE_CURVE('',#4702,(#4706,#4713),.PCURVE_S1.);
#4702 = LINE('',#4703,#4704);
#4703 = CARTESIAN_POINT('',(12.05,8.3,5.96));
#4704 = VECTOR('',#4705,1.);
#4705 = DIRECTION('',(0.,1.,0.));
#4706 = PCURVE('',#4000,#4707);
#4707 = DEFINITIONAL_REPRESENTATION('',(#4708),#4712);
#4708 = LINE('',#4709,#4710);
#4709 = CARTESIAN_POINT('',(6.186961591309,-0.43070285966));
#4710 = VECTOR('',#4711,1.);
#4711 = DIRECTION('',(0.,1.));
#4712 = ( GEOMETRIC_REPRESENTATION_CONTEXT(2) 
PARAMETRIC_REPRESENTATION_CONTEXT() REPRESENTATION_CONTEXT('2D SPACE',''
  ) );
#4713 = PCURVE('',#4262,#4714);
#4714 = DEFINITIONAL_REPRESENTATION('',(#4715),#4719);
#4715 = LINE('',#4716,#4717);
#4716 = CARTESIAN_POINT('',(0.,-2.7));
#4717 = VECTOR('',#4718,1.);
#4718 = DIRECTION('',(1.,0.));
#4719 = ( GEOMETRIC_REPRESENTATION_CONTEXT(2) 
PARAMETRIC_REPRESENTATION_CONTEXT() REPRESENTATION_CONTEXT('2D SPACE',''
  ) );
#4720 = ORIENTED_EDGE('',*,*,#4721,.T.);
#4721 = EDGE_CURVE('',#4699,#4722,#4724,.T.);
#4722 = VERTEX_POINT('',#4723);
#4723 = CARTESIAN_POINT('',(9.55,11.8,5.96));
#4724 = SURFACE_CURVE('',#4725,(#4729,#4736),.PCURVE_S1.);
#4725 = LINE('',#4726,#4727);
#4726 = CARTESIAN_POINT('',(12.05,11.8,5.96));
#4727 = VECTOR('',#4728,1.);
#4728 = DIRECTION('',(-1.,0.,0.));
#4729 = PCURVE('',#4000,#4730);
#4730 = DEFINITIONAL_REPRESENTATION('',(#4731),#4735);
#4731 = LINE('',#4732,#4733);
#4732 = CARTESIAN_POINT('',(6.186961591309,3.06929714034));
#4733 = VECTOR('',#4734,1.);
#4734 = DIRECTION('',(-1.,0.));
#4735 = ( GEOMETRIC_REPRESENTATION_CONTEXT(2) 
PARAMETRIC_REPRESENTATION_CONTEXT() REPRESENTATION_CONTEXT('2D SPACE',''
  ) );
#4736 = PCURVE('',#4290,#4737);
#4737 = DEFINITIONAL_REPRESENTATION('',(#4738),#4742);
#4738 = LINE('',#4739,#4740);
#4739 = CARTESIAN_POINT('',(0.,-2.7));
#4740 = VECTOR('',#4741,1.);
#4741 = DIRECTION('',(1.,0.));
#4742 = ( GEOMETRIC_REPRESENTATION_CONTEXT(2) 
PARAMETRIC_REPRESENTATION_CONTEXT() REPRESENTATION_CONTEXT('2D SPACE',''
  ) );
#4743 = ORIENTED_EDGE('',*,*,#4744,.T.);
#4744 = EDGE_CURVE('',#4722,#4745,#4747,.T.);
#4745 = VERTEX_POINT('',#4746);
#4746 = CARTESIAN_POINT('',(9.55,16.3,5.96));
#4747 = SURFACE_CURVE('',#4748,(#4752,#4759),.PCURVE_S1.);
#4748 = LINE('',#4749,#4750);
#4749 = CARTESIAN_POINT('',(9.55,11.8,5.96));
#4750 = VECTOR('',#4751,1.);
#4751 = DIRECTION('',(0.,1.,0.));
#4752 = PCURVE('',#4000,#4753);
#4753 = DEFINITIONAL_REPRESENTATION('',(#4754),#4758);
#4754 = LINE('',#4755,#4756);
#4755 = CARTESIAN_POINT('',(3.686961591309,3.06929714034));
#4756 = VECTOR('',#4757,1.);
#4757 = DIRECTION('',(0.,1.));
#4758 = ( GEOMETRIC_REPRESENTATION_CONTEXT(2) 
PARAMETRIC_REPRESENTATION_CONTEXT() REPRESENTATION_CONTEXT('2D SPACE',''
  ) );
#4759 = PCURVE('',#4318,#4760);
#4760 = DEFINITIONAL_REPRESENTATION('',(#4761),#4765);
#4761 = LINE('',#4762,#4763);
#4762 = CARTESIAN_POINT('',(0.,-2.7));
#4763 = VECTOR('',#4764,1.);
#4764 = DIRECTION('',(1.,0.));
#4765 = ( GEOMETRIC_REPRESENTATION_CONTEXT(2) 
PARAMETRIC_REPRESENTATION_CONTEXT() REPRESENTATION_CONTEXT('2D SPACE',''
  ) );
#4766 = ORIENTED_EDGE('',*,*,#4767,.T.);
#4767 = EDGE_CURVE('',#4745,#4768,#4770,.T.);
#4768 = VERTEX_POINT('',#4769);
#4769 = CARTESIAN_POINT('',(0.,16.3,5.96));
#4770 = SURFACE_CURVE('',#4771,(#4775,#4782),.PCURVE_S1.);
#4771 = LINE('',#4772,#4773);
#4772 = CARTESIAN_POINT('',(9.55,16.3,5.96));
#4773 = VECTOR('',#4774,1.);
#4774 = DIRECTION('',(-1.,0.,0.));
#4775 = PCURVE('',#4000,#4776);
#4776 = DEFINITIONAL_REPRESENTATION('',(#4777),#4781);
#4777 = LINE('',#4778,#4779);
#4778 = CARTESIAN_POINT('',(3.686961591309,7.56929714034));
#4779 = VECTOR('',#4780,1.);
#4780 = DIRECTION('',(-1.,0.));
#4781 = ( GEOMETRIC_REPRESENTATION_CONTEXT(2) 
PARAMETRIC_REPRESENTATION_CONTEXT() REPRESENTATION_CONTEXT('2D SPACE',''
  ) );
#4782 = PCURVE('',#4346,#4783);
#4783 = DEFINITIONAL_REPRESENTATION('',(#4784),#4788);
#4784 = LINE('',#4785,#4786);
#4785 = CARTESIAN_POINT('',(0.,-2.7));
#4786 = VECTOR('',#4787,1.);
#4787 = DIRECTION('',(1.,0.));
#4788 = ( GEOMETRIC_REPRESENTATION_CONTEXT(2) 
PARAMETRIC_REPRESENTATION_CONTEXT() REPRESENTATION_CONTEXT('2D SPACE',''
  ) );
#4789 = ORIENTED_EDGE('',*,*,#4790,.T.);
#4790 = EDGE_CURVE('',#4768,#4791,#4793,.T.);
#4791 = VERTEX_POINT('',#4792);
#4792 = CARTESIAN_POINT('',(0.,7.32,5.96));
#4793 = SURFACE_CURVE('',#4794,(#4798,#4805),.PCURVE_S1.);
#4794 = LINE('',#4795,#4796);
#4795 = CARTESIAN_POINT('',(0.,16.3,5.96));
#4796 = VECTOR('',#4797,1.);
#4797 = DIRECTION('',(0.,-1.,0.));
#4798 = PCURVE('',#4000,#4799);
#4799 = DEFINITIONAL_REPRESENTATION('',(#4800),#4804);
#4800 = LINE('',#4801,#4802);
#4801 = CARTESIAN_POINT('',(-5.863038408691,7.56929714034));
#4802 = VECTOR('',#4803,1.);
#4803 = DIRECTION('',(0.,-1.));
#4804 = ( GEOMETRIC_REPRESENTATION_CONTEXT(2) 
PARAMETRIC_REPRESENTATION_CONTEXT() REPRESENTATION_CONTEXT('2D SPACE',''
  ) );
#4805 = PCURVE('',#4374,#4806);
#4806 = DEFINITIONAL_REPRESENTATION('',(#4807),#4811);
#4807 = LINE('',#4808,#4809);
#4808 = CARTESIAN_POINT('',(0.,-2.7));
#4809 = VECTOR('',#4810,1.);
#4810 = DIRECTION('',(1.,0.));
#4811 = ( GEOMETRIC_REPRESENTATION_CONTEXT(2) 
PARAMETRIC_REPRESENTATION_CONTEXT() REPRESENTATION_CONTEXT('2D SPACE',''
  ) );
#4812 = ORIENTED_EDGE('',*,*,#4813,.T.);
#4813 = EDGE_CURVE('',#4791,#4072,#4814,.T.);
#4814 = SURFACE_CURVE('',#4815,(#4819,#4826),.PCURVE_S1.);
#4815 = LINE('',#4816,#4817);
#4816 = CARTESIAN_POINT('',(0.,7.32,5.96));
#4817 = VECTOR('',#4818,1.);
#4818 = DIRECTION('',(1.,0.,0.));
#4819 = PCURVE('',#4000,#4820);
#4820 = DEFINITIONAL_REPRESENTATION('',(#4821),#4825);
#4821 = LINE('',#4822,#4823);
#4822 = CARTESIAN_POINT('',(-5.863038408691,-1.41070285966));
#4823 = VECTOR('',#4824,1.);
#4824 = DIRECTION('',(1.,0.));
#4825 = ( GEOMETRIC_REPRESENTATION_CONTEXT(2) 
PARAMETRIC_REPRESENTATION_CONTEXT() REPRESENTATION_CONTEXT('2D SPACE',''
  ) );
#4826 = PCURVE('',#4087,#4827);
#4827 = DEFINITIONAL_REPRESENTATION('',(#4828),#4832);
#4828 = LINE('',#4829,#4830);
#4829 = CARTESIAN_POINT('',(0.,-2.7));
#4830 = VECTOR('',#4831,1.);
#4831 = DIRECTION('',(1.,0.));
#4832 = ( GEOMETRIC_REPRESENTATION_CONTEXT(2) 
PARAMETRIC_REPRESENTATION_CONTEXT() REPRESENTATION_CONTEXT('2D SPACE',''
  ) );
#4833 = ORIENTED_EDGE('',*,*,#4099,.T.);
#4834 = FACE_BOUND('',#4835,.T.);
#4835 = EDGE_LOOP('',(#4836,#4859,#4880,#4901,#4922,#4943,#4964,#4985,
    #5006,#5027));
#4836 = ORIENTED_EDGE('',*,*,#4837,.T.);
#4837 = EDGE_CURVE('',#4838,#4840,#4842,.T.);
#4838 = VERTEX_POINT('',#4839);
#4839 = CARTESIAN_POINT('',(9.15,8.7,5.96));
#4840 = VERTEX_POINT('',#4841);
#4841 = CARTESIAN_POINT('',(9.15,0.4,5.96));
#4842 = SURFACE_CURVE('',#4843,(#4847,#4853),.PCURVE_S1.);
#4843 = LINE('',#4844,#4845);
#4844 = CARTESIAN_POINT('',(9.15,4.56535142983,5.96));
#4845 = VECTOR('',#4846,1.);
#4846 = DIRECTION('',(0.,-1.,0.));
#4847 = PCURVE('',#4000,#4848);
#4848 = DEFINITIONAL_REPRESENTATION('',(#4849),#4852);
#4849 = B_SPLINE_CURVE_WITH_KNOTS('',1,(#4850,#4851),.UNSPECIFIED.,.F.,
  .F.,(2,2),(-4.13464857017,4.16535142983),.PIECEWISE_BEZIER_KNOTS.);
#4850 = CARTESIAN_POINT('',(3.286961591309,-3.070285966045E-02));
#4851 = CARTESIAN_POINT('',(3.286961591309,-8.33070285966));
#4852 = ( GEOMETRIC_REPRESENTATION_CONTEXT(2) 
PARAMETRIC_REPRESENTATION_CONTEXT() REPRESENTATION_CONTEXT('2D SPACE',''
  ) );
#4853 = PCURVE('',#4427,#4854);
#4854 = DEFINITIONAL_REPRESENTATION('',(#4855),#4858);
#4855 = B_SPLINE_CURVE_WITH_KNOTS('',1,(#4856,#4857),.UNSPECIFIED.,.F.,
  .F.,(2,2),(-4.13464857017,4.16535142983),.PIECEWISE_BEZIER_KNOTS.);
#4856 = CARTESIAN_POINT('',(8.3,-2.71));
#4857 = CARTESIAN_POINT('',(0.,-2.71));
#4858 = ( GEOMETRIC_REPRESENTATION_CONTEXT(2) 
PARAMETRIC_REPRESENTATION_CONTEXT() REPRESENTATION_CONTEXT('2D SPACE',''
  ) );
#4859 = ORIENTED_EDGE('',*,*,#4860,.T.);
#4860 = EDGE_CURVE('',#4840,#4861,#4863,.T.);
#4861 = VERTEX_POINT('',#4862);
#4862 = CARTESIAN_POINT('',(3.534991979989,0.4,5.96));
#4863 = SURFACE_CURVE('',#4864,(#4868,#4874),.PCURVE_S1.);
#4864 = LINE('',#4865,#4866);
#4865 = CARTESIAN_POINT('',(4.69901519434,0.4,5.96));
#4866 = VECTOR('',#4867,1.);
#4867 = DIRECTION('',(-1.,0.,0.));
#4868 = PCURVE('',#4000,#4869);
#4869 = DEFINITIONAL_REPRESENTATION('',(#4870),#4873);
#4870 = B_SPLINE_CURVE_WITH_KNOTS('',1,(#4871,#4872),.UNSPECIFIED.,.F.,
  .F.,(2,2),(-4.45098480566,1.164023214351),.PIECEWISE_BEZIER_KNOTS.);
#4871 = CARTESIAN_POINT('',(3.286961591309,-8.33070285966));
#4872 = CARTESIAN_POINT('',(-2.328046428702,-8.33070285966));
#4873 = ( GEOMETRIC_REPRESENTATION_CONTEXT(2) 
PARAMETRIC_REPRESENTATION_CONTEXT() REPRESENTATION_CONTEXT('2D SPACE',''
  ) );
#4874 = PCURVE('',#4453,#4875);
#4875 = DEFINITIONAL_REPRESENTATION('',(#4876),#4879);
#4876 = B_SPLINE_CURVE_WITH_KNOTS('',1,(#4877,#4878),.UNSPECIFIED.,.F.,
  .F.,(2,2),(-4.45098480566,1.164023214351),.PIECEWISE_BEZIER_KNOTS.);
#4877 = CARTESIAN_POINT('',(5.615008020011,-2.71));
#4878 = CARTESIAN_POINT('',(0.,-2.71));
#4879 = ( GEOMETRIC_REPRESENTATION_CONTEXT(2) 
PARAMETRIC_REPRESENTATION_CONTEXT() REPRESENTATION_CONTEXT('2D SPACE',''
  ) );
#4880 = ORIENTED_EDGE('',*,*,#4881,.T.);
#4881 = EDGE_CURVE('',#4861,#4882,#4884,.T.);
#4882 = VERTEX_POINT('',#4883);
#4883 = CARTESIAN_POINT('',(3.254991979989,7.72,5.96));
#4884 = SURFACE_CURVE('',#4885,(#4889,#4895),.PCURVE_S1.);
#4885 = LINE('',#4886,#4887);
#4886 = CARTESIAN_POINT('',(3.237595055781,8.174805304312,5.96));
#4887 = VECTOR('',#4888,1.);
#4888 = DIRECTION('',(-3.822341272335E-02,0.999269218339,0.));
#4889 = PCURVE('',#4000,#4890);
#4890 = DEFINITIONAL_REPRESENTATION('',(#4891),#4894);
#4891 = B_SPLINE_CURVE_WITH_KNOTS('',1,(#4892,#4893),.UNSPECIFIED.,.F.,
  .F.,(2,2),(-7.780491144554,-0.45513791075),.PIECEWISE_BEZIER_KNOTS.);
#4892 = CARTESIAN_POINT('',(-2.328046428702,-8.33070285966));
#4893 = CARTESIAN_POINT('',(-2.608046428702,-1.01070285966));
#4894 = ( GEOMETRIC_REPRESENTATION_CONTEXT(2) 
PARAMETRIC_REPRESENTATION_CONTEXT() REPRESENTATION_CONTEXT('2D SPACE',''
  ) );
#4895 = PCURVE('',#4479,#4896);
#4896 = DEFINITIONAL_REPRESENTATION('',(#4897),#4900);
#4897 = B_SPLINE_CURVE_WITH_KNOTS('',1,(#4898,#4899),.UNSPECIFIED.,.F.,
  .F.,(2,2),(-7.780491144554,-0.45513791075),.PIECEWISE_BEZIER_KNOTS.);
#4898 = CARTESIAN_POINT('',(7.325353233804,-2.71));
#4899 = CARTESIAN_POINT('',(-8.881784197001E-16,-2.71));
#4900 = ( GEOMETRIC_REPRESENTATION_CONTEXT(2) 
PARAMETRIC_REPRESENTATION_CONTEXT() REPRESENTATION_CONTEXT('2D SPACE',''
  ) );
#4901 = ORIENTED_EDGE('',*,*,#4902,.T.);
#4902 = EDGE_CURVE('',#4882,#4903,#4905,.T.);
#4903 = VERTEX_POINT('',#4904);
#4904 = CARTESIAN_POINT('',(0.4,7.72,5.96));
#4905 = SURFACE_CURVE('',#4906,(#4910,#4916),.PCURVE_S1.);
#4906 = LINE('',#4907,#4908);
#4907 = CARTESIAN_POINT('',(3.131519204346,7.72,5.96));
#4908 = VECTOR('',#4909,1.);
#4909 = DIRECTION('',(-1.,0.,0.));
#4910 = PCURVE('',#4000,#4911);
#4911 = DEFINITIONAL_REPRESENTATION('',(#4912),#4915);
#4912 = B_SPLINE_CURVE_WITH_KNOTS('',1,(#4913,#4914),.UNSPECIFIED.,.F.,
  .F.,(2,2),(-0.123472775644,2.731519204346),.PIECEWISE_BEZIER_KNOTS.);
#4913 = CARTESIAN_POINT('',(-2.608046428702,-1.01070285966));
#4914 = CARTESIAN_POINT('',(-5.463038408691,-1.01070285966));
#4915 = ( GEOMETRIC_REPRESENTATION_CONTEXT(2) 
PARAMETRIC_REPRESENTATION_CONTEXT() REPRESENTATION_CONTEXT('2D SPACE',''
  ) );
#4916 = PCURVE('',#4505,#4917);
#4917 = DEFINITIONAL_REPRESENTATION('',(#4918),#4921);
#4918 = B_SPLINE_CURVE_WITH_KNOTS('',1,(#4919,#4920),.UNSPECIFIED.,.F.,
  .F.,(2,2),(-0.123472775644,2.731519204346),.PIECEWISE_BEZIER_KNOTS.);
#4919 = CARTESIAN_POINT('',(2.854991979989,-2.71));
#4920 = CARTESIAN_POINT('',(0.,-2.71));
#4921 = ( GEOMETRIC_REPRESENTATION_CONTEXT(2) 
PARAMETRIC_REPRESENTATION_CONTEXT() REPRESENTATION_CONTEXT('2D SPACE',''
  ) );
#4922 = ORIENTED_EDGE('',*,*,#4923,.T.);
#4923 = EDGE_CURVE('',#4903,#4924,#4926,.T.);
#4924 = VERTEX_POINT('',#4925);
#4925 = CARTESIAN_POINT('',(0.4,15.9,5.96));
#4926 = SURFACE_CURVE('',#4927,(#4931,#4937),.PCURVE_S1.);
#4927 = LINE('',#4928,#4929);
#4928 = CARTESIAN_POINT('',(0.4,12.31535142983,5.96));
#4929 = VECTOR('',#4930,1.);
#4930 = DIRECTION('',(-0.,1.,0.));
#4931 = PCURVE('',#4000,#4932);
#4932 = DEFINITIONAL_REPRESENTATION('',(#4933),#4936);
#4933 = B_SPLINE_CURVE_WITH_KNOTS('',1,(#4934,#4935),.UNSPECIFIED.,.F.,
  .F.,(2,2),(-4.59535142983,3.58464857017),.PIECEWISE_BEZIER_KNOTS.);
#4934 = CARTESIAN_POINT('',(-5.463038408691,-1.01070285966));
#4935 = CARTESIAN_POINT('',(-5.463038408691,7.16929714034));
#4936 = ( GEOMETRIC_REPRESENTATION_CONTEXT(2) 
PARAMETRIC_REPRESENTATION_CONTEXT() REPRESENTATION_CONTEXT('2D SPACE',''
  ) );
#4937 = PCURVE('',#4531,#4938);
#4938 = DEFINITIONAL_REPRESENTATION('',(#4939),#4942);
#4939 = B_SPLINE_CURVE_WITH_KNOTS('',1,(#4940,#4941),.UNSPECIFIED.,.F.,
  .F.,(2,2),(-4.59535142983,3.58464857017),.PIECEWISE_BEZIER_KNOTS.);
#4940 = CARTESIAN_POINT('',(8.18,-2.71));
#4941 = CARTESIAN_POINT('',(0.,-2.71));
#4942 = ( GEOMETRIC_REPRESENTATION_CONTEXT(2) 
PARAMETRIC_REPRESENTATION_CONTEXT() REPRESENTATION_CONTEXT('2D SPACE',''
  ) );
#4943 = ORIENTED_EDGE('',*,*,#4944,.T.);
#4944 = EDGE_CURVE('',#4924,#4945,#4947,.T.);
#4945 = VERTEX_POINT('',#4946);
#4946 = CARTESIAN_POINT('',(9.15,15.9,5.96));
#4947 = SURFACE_CURVE('',#4948,(#4952,#4958),.PCURVE_S1.);
#4948 = LINE('',#4949,#4950);
#4949 = CARTESIAN_POINT('',(7.506519204346,15.9,5.96));
#4950 = VECTOR('',#4951,1.);
#4951 = DIRECTION('',(1.,0.,-0.));
#4952 = PCURVE('',#4000,#4953);
#4953 = DEFINITIONAL_REPRESENTATION('',(#4954),#4957);
#4954 = B_SPLINE_CURVE_WITH_KNOTS('',1,(#4955,#4956),.UNSPECIFIED.,.F.,
  .F.,(2,2),(-7.106519204346,1.643480795654),.PIECEWISE_BEZIER_KNOTS.);
#4955 = CARTESIAN_POINT('',(-5.463038408691,7.16929714034));
#4956 = CARTESIAN_POINT('',(3.286961591309,7.16929714034));
#4957 = ( GEOMETRIC_REPRESENTATION_CONTEXT(2) 
PARAMETRIC_REPRESENTATION_CONTEXT() REPRESENTATION_CONTEXT('2D SPACE',''
  ) );
#4958 = PCURVE('',#4557,#4959);
#4959 = DEFINITIONAL_REPRESENTATION('',(#4960),#4963);
#4960 = B_SPLINE_CURVE_WITH_KNOTS('',1,(#4961,#4962),.UNSPECIFIED.,.F.,
  .F.,(2,2),(-7.106519204346,1.643480795654),.PIECEWISE_BEZIER_KNOTS.);
#4961 = CARTESIAN_POINT('',(8.75,-2.71));
#4962 = CARTESIAN_POINT('',(0.,-2.71));
#4963 = ( GEOMETRIC_REPRESENTATION_CONTEXT(2) 
PARAMETRIC_REPRESENTATION_CONTEXT() REPRESENTATION_CONTEXT('2D SPACE',''
  ) );
#4964 = ORIENTED_EDGE('',*,*,#4965,.T.);
#4965 = EDGE_CURVE('',#4945,#4966,#4968,.T.);
#4966 = VERTEX_POINT('',#4967);
#4967 = CARTESIAN_POINT('',(9.15,11.4,5.96));
#4968 = SURFACE_CURVE('',#4969,(#4973,#4979),.PCURVE_S1.);
#4969 = LINE('',#4970,#4971);
#4970 = CARTESIAN_POINT('',(9.15,10.06535142983,5.96));
#4971 = VECTOR('',#4972,1.);
#4972 = DIRECTION('',(0.,-1.,0.));
#4973 = PCURVE('',#4000,#4974);
#4974 = DEFINITIONAL_REPRESENTATION('',(#4975),#4978);
#4975 = B_SPLINE_CURVE_WITH_KNOTS('',1,(#4976,#4977),.UNSPECIFIED.,.F.,
  .F.,(2,2),(-5.83464857017,-1.33464857017),.PIECEWISE_BEZIER_KNOTS.);
#4976 = CARTESIAN_POINT('',(3.286961591309,7.16929714034));
#4977 = CARTESIAN_POINT('',(3.286961591309,2.66929714034));
#4978 = ( GEOMETRIC_REPRESENTATION_CONTEXT(2) 
PARAMETRIC_REPRESENTATION_CONTEXT() REPRESENTATION_CONTEXT('2D SPACE',''
  ) );
#4979 = PCURVE('',#4583,#4980);
#4980 = DEFINITIONAL_REPRESENTATION('',(#4981),#4984);
#4981 = B_SPLINE_CURVE_WITH_KNOTS('',1,(#4982,#4983),.UNSPECIFIED.,.F.,
  .F.,(2,2),(-5.83464857017,-1.33464857017),.PIECEWISE_BEZIER_KNOTS.);
#4982 = CARTESIAN_POINT('',(4.5,-2.71));
#4983 = CARTESIAN_POINT('',(0.,-2.71));
#4984 = ( GEOMETRIC_REPRESENTATION_CONTEXT(2) 
PARAMETRIC_REPRESENTATION_CONTEXT() REPRESENTATION_CONTEXT('2D SPACE',''
  ) );
#4985 = ORIENTED_EDGE('',*,*,#4986,.T.);
#4986 = EDGE_CURVE('',#4966,#4987,#4989,.T.);
#4987 = VERTEX_POINT('',#4988);
#4988 = CARTESIAN_POINT('',(11.65,11.4,5.96));
#4989 = SURFACE_CURVE('',#4990,(#4994,#5000),.PCURVE_S1.);
#4990 = LINE('',#4991,#4992);
#4991 = CARTESIAN_POINT('',(8.756519204346,11.4,5.96));
#4992 = VECTOR('',#4993,1.);
#4993 = DIRECTION('',(1.,0.,-0.));
#4994 = PCURVE('',#4000,#4995);
#4995 = DEFINITIONAL_REPRESENTATION('',(#4996),#4999);
#4996 = B_SPLINE_CURVE_WITH_KNOTS('',1,(#4997,#4998),.UNSPECIFIED.,.F.,
  .F.,(2,2),(0.393480795654,2.893480795654),.PIECEWISE_BEZIER_KNOTS.);
#4997 = CARTESIAN_POINT('',(3.286961591309,2.66929714034));
#4998 = CARTESIAN_POINT('',(5.786961591309,2.66929714034));
#4999 = ( GEOMETRIC_REPRESENTATION_CONTEXT(2) 
PARAMETRIC_REPRESENTATION_CONTEXT() REPRESENTATION_CONTEXT('2D SPACE',''
  ) );
#5000 = PCURVE('',#4609,#5001);
#5001 = DEFINITIONAL_REPRESENTATION('',(#5002),#5005);
#5002 = B_SPLINE_CURVE_WITH_KNOTS('',1,(#5003,#5004),.UNSPECIFIED.,.F.,
  .F.,(2,2),(0.393480795654,2.893480795654),.PIECEWISE_BEZIER_KNOTS.);
#5003 = CARTESIAN_POINT('',(2.5,-2.71));
#5004 = CARTESIAN_POINT('',(-4.440892098501E-16,-2.71));
#5005 = ( GEOMETRIC_REPRESENTATION_CONTEXT(2) 
PARAMETRIC_REPRESENTATION_CONTEXT() REPRESENTATION_CONTEXT('2D SPACE',''
  ) );
#5006 = ORIENTED_EDGE('',*,*,#5007,.T.);
#5007 = EDGE_CURVE('',#4987,#5008,#5010,.T.);
#5008 = VERTEX_POINT('',#5009);
#5009 = CARTESIAN_POINT('',(11.65,8.7,5.96));
#5010 = SURFACE_CURVE('',#5011,(#5015,#5021),.PCURVE_S1.);
#5011 = LINE('',#5012,#5013);
#5012 = CARTESIAN_POINT('',(11.65,8.71535142983,5.96));
#5013 = VECTOR('',#5014,1.);
#5014 = DIRECTION('',(0.,-1.,0.));
#5015 = PCURVE('',#4000,#5016);
#5016 = DEFINITIONAL_REPRESENTATION('',(#5017),#5020);
#5017 = B_SPLINE_CURVE_WITH_KNOTS('',1,(#5018,#5019),.UNSPECIFIED.,.F.,
  .F.,(2,2),(-2.68464857017,1.535142983022E-02),
  .PIECEWISE_BEZIER_KNOTS.);
#5018 = CARTESIAN_POINT('',(5.786961591309,2.66929714034));
#5019 = CARTESIAN_POINT('',(5.786961591309,-3.070285966045E-02));
#5020 = ( GEOMETRIC_REPRESENTATION_CONTEXT(2) 
PARAMETRIC_REPRESENTATION_CONTEXT() REPRESENTATION_CONTEXT('2D SPACE',''
  ) );
#5021 = PCURVE('',#4635,#5022);
#5022 = DEFINITIONAL_REPRESENTATION('',(#5023),#5026);
#5023 = B_SPLINE_CURVE_WITH_KNOTS('',1,(#5024,#5025),.UNSPECIFIED.,.F.,
  .F.,(2,2),(-2.68464857017,1.535142983022E-02),
  .PIECEWISE_BEZIER_KNOTS.);
#5024 = CARTESIAN_POINT('',(2.7,-2.71));
#5025 = CARTESIAN_POINT('',(0.,-2.71));
#5026 = ( GEOMETRIC_REPRESENTATION_CONTEXT(2) 
PARAMETRIC_REPRESENTATION_CONTEXT() REPRESENTATION_CONTEXT('2D SPACE',''
  ) );
#5027 = ORIENTED_EDGE('',*,*,#5028,.T.);
#5028 = EDGE_CURVE('',#5008,#4838,#5029,.T.);
#5029 = SURFACE_CURVE('',#5030,(#5034,#5040),.PCURVE_S1.);
#5030 = LINE('',#5031,#5032);
#5031 = CARTESIAN_POINT('',(7.506519204346,8.7,5.96));
#5032 = VECTOR('',#5033,1.);
#5033 = DIRECTION('',(-1.,0.,0.));
#5034 = PCURVE('',#4000,#5035);
#5035 = DEFINITIONAL_REPRESENTATION('',(#5036),#5039);
#5036 = B_SPLINE_CURVE_WITH_KNOTS('',1,(#5037,#5038),.UNSPECIFIED.,.F.,
  .F.,(2,2),(-4.143480795654,-1.643480795654),.PIECEWISE_BEZIER_KNOTS.);
#5037 = CARTESIAN_POINT('',(5.786961591309,-3.070285966045E-02));
#5038 = CARTESIAN_POINT('',(3.286961591309,-3.070285966045E-02));
#5039 = ( GEOMETRIC_REPRESENTATION_CONTEXT(2) 
PARAMETRIC_REPRESENTATION_CONTEXT() REPRESENTATION_CONTEXT('2D SPACE',''
  ) );
#5040 = PCURVE('',#4659,#5041);
#5041 = DEFINITIONAL_REPRESENTATION('',(#5042),#5045);
#5042 = B_SPLINE_CURVE_WITH_KNOTS('',1,(#5043,#5044),.UNSPECIFIED.,.F.,
  .F.,(2,2),(-4.143480795654,-1.643480795654),.PIECEWISE_BEZIER_KNOTS.);
#5043 = CARTESIAN_POINT('',(2.5,-2.71));
#5044 = CARTESIAN_POINT('',(0.,-2.71));
#5045 = ( GEOMETRIC_REPRESENTATION_CONTEXT(2) 
PARAMETRIC_REPRESENTATION_CONTEXT() REPRESENTATION_CONTEXT('2D SPACE',''
  ) );
#5046 = ADVANCED_FACE('',(#5047),#4087,.F.);
#5047 = FACE_BOUND('',#5048,.F.);
#5048 = EDGE_LOOP('',(#5049,#5070,#5071,#5072));
#5049 = ORIENTED_EDGE('',*,*,#5050,.T.);
#5050 = EDGE_CURVE('',#4359,#4791,#5051,.T.);
#5051 = SURFACE_CURVE('',#5052,(#5056,#5063),.PCURVE_S1.);
#5052 = LINE('',#5053,#5054);
#5053 = CARTESIAN_POINT('',(0.,7.32,3.26));
#5054 = VECTOR('',#5055,1.);
#5055 = DIRECTION('',(0.,0.,1.));
#5056 = PCURVE('',#4087,#5057);
#5057 = DEFINITIONAL_REPRESENTATION('',(#5058),#5062);
#5058 = LINE('',#5059,#5060);
#5059 = CARTESIAN_POINT('',(0.,0.));
#5060 = VECTOR('',#5061,1.);
#5061 = DIRECTION('',(0.,-1.));
#5062 = ( GEOMETRIC_REPRESENTATION_CONTEXT(2) 
PARAMETRIC_REPRESENTATION_CONTEXT() REPRESENTATION_CONTEXT('2D SPACE',''
  ) );
#5063 = PCURVE('',#4374,#5064);
#5064 = DEFINITIONAL_REPRESENTATION('',(#5065),#5069);
#5065 = LINE('',#5066,#5067);
#5066 = CARTESIAN_POINT('',(8.98,0.));
#5067 = VECTOR('',#5068,1.);
#5068 = DIRECTION('',(0.,-1.));
#5069 = ( GEOMETRIC_REPRESENTATION_CONTEXT(2) 
PARAMETRIC_REPRESENTATION_CONTEXT() REPRESENTATION_CONTEXT('2D SPACE',''
  ) );
#5070 = ORIENTED_EDGE('',*,*,#4813,.T.);
#5071 = ORIENTED_EDGE('',*,*,#4069,.F.);
#5072 = ORIENTED_EDGE('',*,*,#4386,.F.);
#5073 = ADVANCED_FACE('',(#5074),#4185,.F.);
#5074 = FACE_BOUND('',#5075,.F.);
#5075 = EDGE_LOOP('',(#5076,#5077,#5078,#5099));
#5076 = ORIENTED_EDGE('',*,*,#4169,.T.);
#5077 = ORIENTED_EDGE('',*,*,#4675,.T.);
#5078 = ORIENTED_EDGE('',*,*,#5079,.F.);
#5079 = EDGE_CURVE('',#4224,#4676,#5080,.T.);
#5080 = SURFACE_CURVE('',#5081,(#5085,#5092),.PCURVE_S1.);
#5081 = LINE('',#5082,#5083);
#5082 = CARTESIAN_POINT('',(12.05,8.3,3.26));
#5083 = VECTOR('',#5084,1.);
#5084 = DIRECTION('',(0.,0.,1.));
#5085 = PCURVE('',#4185,#5086);
#5086 = DEFINITIONAL_REPRESENTATION('',(#5087),#5091);
#5087 = LINE('',#5088,#5089);
#5088 = CARTESIAN_POINT('',(2.5,0.));
#5089 = VECTOR('',#5090,1.);
#5090 = DIRECTION('',(0.,-1.));
#5091 = ( GEOMETRIC_REPRESENTATION_CONTEXT(2) 
PARAMETRIC_REPRESENTATION_CONTEXT() REPRESENTATION_CONTEXT('2D SPACE',''
  ) );
#5092 = PCURVE('',#4262,#5093);
#5093 = DEFINITIONAL_REPRESENTATION('',(#5094),#5098);
#5094 = LINE('',#5095,#5096);
#5095 = CARTESIAN_POINT('',(0.,0.));
#5096 = VECTOR('',#5097,1.);
#5097 = DIRECTION('',(0.,-1.));
#5098 = ( GEOMETRIC_REPRESENTATION_CONTEXT(2) 
PARAMETRIC_REPRESENTATION_CONTEXT() REPRESENTATION_CONTEXT('2D SPACE',''
  ) );
#5099 = ORIENTED_EDGE('',*,*,#4223,.F.);
#5100 = ADVANCED_FACE('',(#5101),#4374,.F.);
#5101 = FACE_BOUND('',#5102,.F.);
#5102 = EDGE_LOOP('',(#5103,#5124,#5125,#5126));
#5103 = ORIENTED_EDGE('',*,*,#5104,.T.);
#5104 = EDGE_CURVE('',#4331,#4768,#5105,.T.);
#5105 = SURFACE_CURVE('',#5106,(#5110,#5117),.PCURVE_S1.);
#5106 = LINE('',#5107,#5108);
#5107 = CARTESIAN_POINT('',(0.,16.3,3.26));
#5108 = VECTOR('',#5109,1.);
#5109 = DIRECTION('',(0.,0.,1.));
#5110 = PCURVE('',#4374,#5111);
#5111 = DEFINITIONAL_REPRESENTATION('',(#5112),#5116);
#5112 = LINE('',#5113,#5114);
#5113 = CARTESIAN_POINT('',(0.,0.));
#5114 = VECTOR('',#5115,1.);
#5115 = DIRECTION('',(0.,-1.));
#5116 = ( GEOMETRIC_REPRESENTATION_CONTEXT(2) 
PARAMETRIC_REPRESENTATION_CONTEXT() REPRESENTATION_CONTEXT('2D SPACE',''
  ) );
#5117 = PCURVE('',#4346,#5118);
#5118 = DEFINITIONAL_REPRESENTATION('',(#5119),#5123);
#5119 = LINE('',#5120,#5121);
#5120 = CARTESIAN_POINT('',(9.55,0.));
#5121 = VECTOR('',#5122,1.);
#5122 = DIRECTION('',(0.,-1.));
#5123 = ( GEOMETRIC_REPRESENTATION_CONTEXT(2) 
PARAMETRIC_REPRESENTATION_CONTEXT() REPRESENTATION_CONTEXT('2D SPACE',''
  ) );
#5124 = ORIENTED_EDGE('',*,*,#4790,.T.);
#5125 = ORIENTED_EDGE('',*,*,#5050,.F.);
#5126 = ORIENTED_EDGE('',*,*,#4358,.F.);
#5127 = ADVANCED_FACE('',(#5128),#4262,.F.);
#5128 = FACE_BOUND('',#5129,.F.);
#5129 = EDGE_LOOP('',(#5130,#5131,#5132,#5153));
#5130 = ORIENTED_EDGE('',*,*,#5079,.T.);
#5131 = ORIENTED_EDGE('',*,*,#4698,.T.);
#5132 = ORIENTED_EDGE('',*,*,#5133,.F.);
#5133 = EDGE_CURVE('',#4247,#4699,#5134,.T.);
#5134 = SURFACE_CURVE('',#5135,(#5139,#5146),.PCURVE_S1.);
#5135 = LINE('',#5136,#5137);
#5136 = CARTESIAN_POINT('',(12.05,11.8,3.26));
#5137 = VECTOR('',#5138,1.);
#5138 = DIRECTION('',(0.,0.,1.));
#5139 = PCURVE('',#4262,#5140);
#5140 = DEFINITIONAL_REPRESENTATION('',(#5141),#5145);
#5141 = LINE('',#5142,#5143);
#5142 = CARTESIAN_POINT('',(3.5,0.));
#5143 = VECTOR('',#5144,1.);
#5144 = DIRECTION('',(0.,-1.));
#5145 = ( GEOMETRIC_REPRESENTATION_CONTEXT(2) 
PARAMETRIC_REPRESENTATION_CONTEXT() REPRESENTATION_CONTEXT('2D SPACE',''
  ) );
#5146 = PCURVE('',#4290,#5147);
#5147 = DEFINITIONAL_REPRESENTATION('',(#5148),#5152);
#5148 = LINE('',#5149,#5150);
#5149 = CARTESIAN_POINT('',(0.,-0.));
#5150 = VECTOR('',#5151,1.);
#5151 = DIRECTION('',(0.,-1.));
#5152 = ( GEOMETRIC_REPRESENTATION_CONTEXT(2) 
PARAMETRIC_REPRESENTATION_CONTEXT() REPRESENTATION_CONTEXT('2D SPACE',''
  ) );
#5153 = ORIENTED_EDGE('',*,*,#4246,.F.);
#5154 = ADVANCED_FACE('',(#5155),#4346,.F.);
#5155 = FACE_BOUND('',#5156,.F.);
#5156 = EDGE_LOOP('',(#5157,#5178,#5179,#5180));
#5157 = ORIENTED_EDGE('',*,*,#5158,.T.);
#5158 = EDGE_CURVE('',#4303,#4745,#5159,.T.);
#5159 = SURFACE_CURVE('',#5160,(#5164,#5171),.PCURVE_S1.);
#5160 = LINE('',#5161,#5162);
#5161 = CARTESIAN_POINT('',(9.55,16.3,3.26));
#5162 = VECTOR('',#5163,1.);
#5163 = DIRECTION('',(0.,0.,1.));
#5164 = PCURVE('',#4346,#5165);
#5165 = DEFINITIONAL_REPRESENTATION('',(#5166),#5170);
#5166 = LINE('',#5167,#5168);
#5167 = CARTESIAN_POINT('',(0.,-0.));
#5168 = VECTOR('',#5169,1.);
#5169 = DIRECTION('',(0.,-1.));
#5170 = ( GEOMETRIC_REPRESENTATION_CONTEXT(2) 
PARAMETRIC_REPRESENTATION_CONTEXT() REPRESENTATION_CONTEXT('2D SPACE',''
  ) );
#5171 = PCURVE('',#4318,#5172);
#5172 = DEFINITIONAL_REPRESENTATION('',(#5173),#5177);
#5173 = LINE('',#5174,#5175);
#5174 = CARTESIAN_POINT('',(4.5,0.));
#5175 = VECTOR('',#5176,1.);
#5176 = DIRECTION('',(0.,-1.));
#5177 = ( GEOMETRIC_REPRESENTATION_CONTEXT(2) 
PARAMETRIC_REPRESENTATION_CONTEXT() REPRESENTATION_CONTEXT('2D SPACE',''
  ) );
#5178 = ORIENTED_EDGE('',*,*,#4767,.T.);
#5179 = ORIENTED_EDGE('',*,*,#5104,.F.);
#5180 = ORIENTED_EDGE('',*,*,#4330,.F.);
#5181 = ADVANCED_FACE('',(#5182),#4290,.F.);
#5182 = FACE_BOUND('',#5183,.F.);
#5183 = EDGE_LOOP('',(#5184,#5185,#5186,#5207));
#5184 = ORIENTED_EDGE('',*,*,#5133,.T.);
#5185 = ORIENTED_EDGE('',*,*,#4721,.T.);
#5186 = ORIENTED_EDGE('',*,*,#5187,.F.);
#5187 = EDGE_CURVE('',#4275,#4722,#5188,.T.);
#5188 = SURFACE_CURVE('',#5189,(#5193,#5200),.PCURVE_S1.);
#5189 = LINE('',#5190,#5191);
#5190 = CARTESIAN_POINT('',(9.55,11.8,3.26));
#5191 = VECTOR('',#5192,1.);
#5192 = DIRECTION('',(0.,0.,1.));
#5193 = PCURVE('',#4290,#5194);
#5194 = DEFINITIONAL_REPRESENTATION('',(#5195),#5199);
#5195 = LINE('',#5196,#5197);
#5196 = CARTESIAN_POINT('',(2.5,0.));
#5197 = VECTOR('',#5198,1.);
#5198 = DIRECTION('',(0.,-1.));
#5199 = ( GEOMETRIC_REPRESENTATION_CONTEXT(2) 
PARAMETRIC_REPRESENTATION_CONTEXT() REPRESENTATION_CONTEXT('2D SPACE',''
  ) );
#5200 = PCURVE('',#4318,#5201);
#5201 = DEFINITIONAL_REPRESENTATION('',(#5202),#5206);
#5202 = LINE('',#5203,#5204);
#5203 = CARTESIAN_POINT('',(0.,0.));
#5204 = VECTOR('',#5205,1.);
#5205 = DIRECTION('',(0.,-1.));
#5206 = ( GEOMETRIC_REPRESENTATION_CONTEXT(2) 
PARAMETRIC_REPRESENTATION_CONTEXT() REPRESENTATION_CONTEXT('2D SPACE',''
  ) );
#5207 = ORIENTED_EDGE('',*,*,#4274,.F.);
#5208 = ADVANCED_FACE('',(#5209),#4318,.F.);
#5209 = FACE_BOUND('',#5210,.F.);
#5210 = EDGE_LOOP('',(#5211,#5212,#5213,#5214));
#5211 = ORIENTED_EDGE('',*,*,#5187,.T.);
#5212 = ORIENTED_EDGE('',*,*,#4744,.T.);
#5213 = ORIENTED_EDGE('',*,*,#5158,.F.);
#5214 = ORIENTED_EDGE('',*,*,#4302,.F.);
#5215 = ADVANCED_FACE('',(#5216),#4427,.T.);
#5216 = FACE_BOUND('',#5217,.T.);
#5217 = EDGE_LOOP('',(#5218,#5219,#5240,#5241));
#5218 = ORIENTED_EDGE('',*,*,#4410,.T.);
#5219 = ORIENTED_EDGE('',*,*,#5220,.T.);
#5220 = EDGE_CURVE('',#4413,#4840,#5221,.T.);
#5221 = SURFACE_CURVE('',#5222,(#5226,#5233),.PCURVE_S1.);
#5222 = LINE('',#5223,#5224);
#5223 = CARTESIAN_POINT('',(9.15,0.4,3.25));
#5224 = VECTOR('',#5225,1.);
#5225 = DIRECTION('',(0.,0.,1.));
#5226 = PCURVE('',#4427,#5227);
#5227 = DEFINITIONAL_REPRESENTATION('',(#5228),#5232);
#5228 = LINE('',#5229,#5230);
#5229 = CARTESIAN_POINT('',(4.996003610813E-16,0.));
#5230 = VECTOR('',#5231,1.);
#5231 = DIRECTION('',(0.,-1.));
#5232 = ( GEOMETRIC_REPRESENTATION_CONTEXT(2) 
PARAMETRIC_REPRESENTATION_CONTEXT() REPRESENTATION_CONTEXT('2D SPACE',''
  ) );
#5233 = PCURVE('',#4453,#5234);
#5234 = DEFINITIONAL_REPRESENTATION('',(#5235),#5239);
#5235 = LINE('',#5236,#5237);
#5236 = CARTESIAN_POINT('',(5.615008020011,0.));
#5237 = VECTOR('',#5238,1.);
#5238 = DIRECTION('',(0.,-1.));
#5239 = ( GEOMETRIC_REPRESENTATION_CONTEXT(2) 
PARAMETRIC_REPRESENTATION_CONTEXT() REPRESENTATION_CONTEXT('2D SPACE',''
  ) );
#5240 = ORIENTED_EDGE('',*,*,#4837,.F.);
#5241 = ORIENTED_EDGE('',*,*,#5242,.F.);
#5242 = EDGE_CURVE('',#4411,#4838,#5243,.T.);
#5243 = SURFACE_CURVE('',#5244,(#5248,#5255),.PCURVE_S1.);
#5244 = LINE('',#5245,#5246);
#5245 = CARTESIAN_POINT('',(9.15,8.7,3.25));
#5246 = VECTOR('',#5247,1.);
#5247 = DIRECTION('',(0.,0.,1.));
#5248 = PCURVE('',#4427,#5249);
#5249 = DEFINITIONAL_REPRESENTATION('',(#5250),#5254);
#5250 = LINE('',#5251,#5252);
#5251 = CARTESIAN_POINT('',(8.3,0.));
#5252 = VECTOR('',#5253,1.);
#5253 = DIRECTION('',(0.,-1.));
#5254 = ( GEOMETRIC_REPRESENTATION_CONTEXT(2) 
PARAMETRIC_REPRESENTATION_CONTEXT() REPRESENTATION_CONTEXT('2D SPACE',''
  ) );
#5255 = PCURVE('',#4659,#5256);
#5256 = DEFINITIONAL_REPRESENTATION('',(#5257),#5261);
#5257 = LINE('',#5258,#5259);
#5258 = CARTESIAN_POINT('',(0.,0.));
#5259 = VECTOR('',#5260,1.);
#5260 = DIRECTION('',(0.,-1.));
#5261 = ( GEOMETRIC_REPRESENTATION_CONTEXT(2) 
PARAMETRIC_REPRESENTATION_CONTEXT() REPRESENTATION_CONTEXT('2D SPACE',''
  ) );
#5262 = ADVANCED_FACE('',(#5263),#4659,.T.);
#5263 = FACE_BOUND('',#5264,.T.);
#5264 = EDGE_LOOP('',(#5265,#5266,#5267,#5268));
#5265 = ORIENTED_EDGE('',*,*,#4646,.T.);
#5266 = ORIENTED_EDGE('',*,*,#5242,.T.);
#5267 = ORIENTED_EDGE('',*,*,#5028,.F.);
#5268 = ORIENTED_EDGE('',*,*,#5269,.F.);
#5269 = EDGE_CURVE('',#4621,#5008,#5270,.T.);
#5270 = SURFACE_CURVE('',#5271,(#5275,#5282),.PCURVE_S1.);
#5271 = LINE('',#5272,#5273);
#5272 = CARTESIAN_POINT('',(11.65,8.7,3.25));
#5273 = VECTOR('',#5274,1.);
#5274 = DIRECTION('',(0.,0.,1.));
#5275 = PCURVE('',#4659,#5276);
#5276 = DEFINITIONAL_REPRESENTATION('',(#5277),#5281);
#5277 = LINE('',#5278,#5279);
#5278 = CARTESIAN_POINT('',(2.5,0.));
#5279 = VECTOR('',#5280,1.);
#5280 = DIRECTION('',(0.,-1.));
#5281 = ( GEOMETRIC_REPRESENTATION_CONTEXT(2) 
PARAMETRIC_REPRESENTATION_CONTEXT() REPRESENTATION_CONTEXT('2D SPACE',''
  ) );
#5282 = PCURVE('',#4635,#5283);
#5283 = DEFINITIONAL_REPRESENTATION('',(#5284),#5288);
#5284 = LINE('',#5285,#5286);
#5285 = CARTESIAN_POINT('',(0.,0.));
#5286 = VECTOR('',#5287,1.);
#5287 = DIRECTION('',(0.,-1.));
#5288 = ( GEOMETRIC_REPRESENTATION_CONTEXT(2) 
PARAMETRIC_REPRESENTATION_CONTEXT() REPRESENTATION_CONTEXT('2D SPACE',''
  ) );
#5289 = ADVANCED_FACE('',(#5290),#4635,.T.);
#5290 = FACE_BOUND('',#5291,.T.);
#5291 = EDGE_LOOP('',(#5292,#5293,#5294,#5295));
#5292 = ORIENTED_EDGE('',*,*,#4620,.T.);
#5293 = ORIENTED_EDGE('',*,*,#5269,.T.);
#5294 = ORIENTED_EDGE('',*,*,#5007,.F.);
#5295 = ORIENTED_EDGE('',*,*,#5296,.F.);
#5296 = EDGE_CURVE('',#4595,#4987,#5297,.T.);
#5297 = SURFACE_CURVE('',#5298,(#5302,#5309),.PCURVE_S1.);
#5298 = LINE('',#5299,#5300);
#5299 = CARTESIAN_POINT('',(11.65,11.4,3.25));
#5300 = VECTOR('',#5301,1.);
#5301 = DIRECTION('',(0.,0.,1.));
#5302 = PCURVE('',#4635,#5303);
#5303 = DEFINITIONAL_REPRESENTATION('',(#5304),#5308);
#5304 = LINE('',#5305,#5306);
#5305 = CARTESIAN_POINT('',(2.7,0.));
#5306 = VECTOR('',#5307,1.);
#5307 = DIRECTION('',(0.,-1.));
#5308 = ( GEOMETRIC_REPRESENTATION_CONTEXT(2) 
PARAMETRIC_REPRESENTATION_CONTEXT() REPRESENTATION_CONTEXT('2D SPACE',''
  ) );
#5309 = PCURVE('',#4609,#5310);
#5310 = DEFINITIONAL_REPRESENTATION('',(#5311),#5315);
#5311 = LINE('',#5312,#5313);
#5312 = CARTESIAN_POINT('',(0.,-0.));
#5313 = VECTOR('',#5314,1.);
#5314 = DIRECTION('',(0.,-1.));
#5315 = ( GEOMETRIC_REPRESENTATION_CONTEXT(2) 
PARAMETRIC_REPRESENTATION_CONTEXT() REPRESENTATION_CONTEXT('2D SPACE',''
  ) );
#5316 = ADVANCED_FACE('',(#5317),#4609,.T.);
#5317 = FACE_BOUND('',#5318,.T.);
#5318 = EDGE_LOOP('',(#5319,#5320,#5321,#5322));
#5319 = ORIENTED_EDGE('',*,*,#4594,.T.);
#5320 = ORIENTED_EDGE('',*,*,#5296,.T.);
#5321 = ORIENTED_EDGE('',*,*,#4986,.F.);
#5322 = ORIENTED_EDGE('',*,*,#5323,.F.);
#5323 = EDGE_CURVE('',#4569,#4966,#5324,.T.);
#5324 = SURFACE_CURVE('',#5325,(#5329,#5336),.PCURVE_S1.);
#5325 = LINE('',#5326,#5327);
#5326 = CARTESIAN_POINT('',(9.15,11.4,3.25));
#5327 = VECTOR('',#5328,1.);
#5328 = DIRECTION('',(0.,0.,1.));
#5329 = PCURVE('',#4609,#5330);
#5330 = DEFINITIONAL_REPRESENTATION('',(#5331),#5335);
#5331 = LINE('',#5332,#5333);
#5332 = CARTESIAN_POINT('',(2.5,0.));
#5333 = VECTOR('',#5334,1.);
#5334 = DIRECTION('',(0.,-1.));
#5335 = ( GEOMETRIC_REPRESENTATION_CONTEXT(2) 
PARAMETRIC_REPRESENTATION_CONTEXT() REPRESENTATION_CONTEXT('2D SPACE',''
  ) );
#5336 = PCURVE('',#4583,#5337);
#5337 = DEFINITIONAL_REPRESENTATION('',(#5338),#5342);
#5338 = LINE('',#5339,#5340);
#5339 = CARTESIAN_POINT('',(0.,0.));
#5340 = VECTOR('',#5341,1.);
#5341 = DIRECTION('',(0.,-1.));
#5342 = ( GEOMETRIC_REPRESENTATION_CONTEXT(2) 
PARAMETRIC_REPRESENTATION_CONTEXT() REPRESENTATION_CONTEXT('2D SPACE',''
  ) );
#5343 = ADVANCED_FACE('',(#5344),#4583,.T.);
#5344 = FACE_BOUND('',#5345,.T.);
#5345 = EDGE_LOOP('',(#5346,#5347,#5348,#5349));
#5346 = ORIENTED_EDGE('',*,*,#4568,.T.);
#5347 = ORIENTED_EDGE('',*,*,#5323,.T.);
#5348 = ORIENTED_EDGE('',*,*,#4965,.F.);
#5349 = ORIENTED_EDGE('',*,*,#5350,.F.);
#5350 = EDGE_CURVE('',#4543,#4945,#5351,.T.);
#5351 = SURFACE_CURVE('',#5352,(#5356,#5363),.PCURVE_S1.);
#5352 = LINE('',#5353,#5354);
#5353 = CARTESIAN_POINT('',(9.15,15.9,3.25));
#5354 = VECTOR('',#5355,1.);
#5355 = DIRECTION('',(0.,0.,1.));
#5356 = PCURVE('',#4583,#5357);
#5357 = DEFINITIONAL_REPRESENTATION('',(#5358),#5362);
#5358 = LINE('',#5359,#5360);
#5359 = CARTESIAN_POINT('',(4.5,0.));
#5360 = VECTOR('',#5361,1.);
#5361 = DIRECTION('',(0.,-1.));
#5362 = ( GEOMETRIC_REPRESENTATION_CONTEXT(2) 
PARAMETRIC_REPRESENTATION_CONTEXT() REPRESENTATION_CONTEXT('2D SPACE',''
  ) );
#5363 = PCURVE('',#4557,#5364);
#5364 = DEFINITIONAL_REPRESENTATION('',(#5365),#5369);
#5365 = LINE('',#5366,#5367);
#5366 = CARTESIAN_POINT('',(0.,-0.));
#5367 = VECTOR('',#5368,1.);
#5368 = DIRECTION('',(0.,-1.));
#5369 = ( GEOMETRIC_REPRESENTATION_CONTEXT(2) 
PARAMETRIC_REPRESENTATION_CONTEXT() REPRESENTATION_CONTEXT('2D SPACE',''
  ) );
#5370 = ADVANCED_FACE('',(#5371),#4557,.T.);
#5371 = FACE_BOUND('',#5372,.T.);
#5372 = EDGE_LOOP('',(#5373,#5374,#5375,#5376));
#5373 = ORIENTED_EDGE('',*,*,#4542,.T.);
#5374 = ORIENTED_EDGE('',*,*,#5350,.T.);
#5375 = ORIENTED_EDGE('',*,*,#4944,.F.);
#5376 = ORIENTED_EDGE('',*,*,#5377,.F.);
#5377 = EDGE_CURVE('',#4517,#4924,#5378,.T.);
#5378 = SURFACE_CURVE('',#5379,(#5383,#5390),.PCURVE_S1.);
#5379 = LINE('',#5380,#5381);
#5380 = CARTESIAN_POINT('',(0.4,15.9,3.25));
#5381 = VECTOR('',#5382,1.);
#5382 = DIRECTION('',(0.,0.,1.));
#5383 = PCURVE('',#4557,#5384);
#5384 = DEFINITIONAL_REPRESENTATION('',(#5385),#5389);
#5385 = LINE('',#5386,#5387);
#5386 = CARTESIAN_POINT('',(8.75,0.));
#5387 = VECTOR('',#5388,1.);
#5388 = DIRECTION('',(0.,-1.));
#5389 = ( GEOMETRIC_REPRESENTATION_CONTEXT(2) 
PARAMETRIC_REPRESENTATION_CONTEXT() REPRESENTATION_CONTEXT('2D SPACE',''
  ) );
#5390 = PCURVE('',#4531,#5391);
#5391 = DEFINITIONAL_REPRESENTATION('',(#5392),#5396);
#5392 = LINE('',#5393,#5394);
#5393 = CARTESIAN_POINT('',(0.,0.));
#5394 = VECTOR('',#5395,1.);
#5395 = DIRECTION('',(0.,-1.));
#5396 = ( GEOMETRIC_REPRESENTATION_CONTEXT(2) 
PARAMETRIC_REPRESENTATION_CONTEXT() REPRESENTATION_CONTEXT('2D SPACE',''
  ) );
#5397 = ADVANCED_FACE('',(#5398),#4531,.T.);
#5398 = FACE_BOUND('',#5399,.T.);
#5399 = EDGE_LOOP('',(#5400,#5401,#5402,#5403));
#5400 = ORIENTED_EDGE('',*,*,#4516,.T.);
#5401 = ORIENTED_EDGE('',*,*,#5377,.T.);
#5402 = ORIENTED_EDGE('',*,*,#4923,.F.);
#5403 = ORIENTED_EDGE('',*,*,#5404,.F.);
#5404 = EDGE_CURVE('',#4491,#4903,#5405,.T.);
#5405 = SURFACE_CURVE('',#5406,(#5410,#5417),.PCURVE_S1.);
#5406 = LINE('',#5407,#5408);
#5407 = CARTESIAN_POINT('',(0.4,7.72,3.25));
#5408 = VECTOR('',#5409,1.);
#5409 = DIRECTION('',(0.,0.,1.));
#5410 = PCURVE('',#4531,#5411);
#5411 = DEFINITIONAL_REPRESENTATION('',(#5412),#5416);
#5412 = LINE('',#5413,#5414);
#5413 = CARTESIAN_POINT('',(8.18,0.));
#5414 = VECTOR('',#5415,1.);
#5415 = DIRECTION('',(0.,-1.));
#5416 = ( GEOMETRIC_REPRESENTATION_CONTEXT(2) 
PARAMETRIC_REPRESENTATION_CONTEXT() REPRESENTATION_CONTEXT('2D SPACE',''
  ) );
#5417 = PCURVE('',#4505,#5418);
#5418 = DEFINITIONAL_REPRESENTATION('',(#5419),#5423);
#5419 = LINE('',#5420,#5421);
#5420 = CARTESIAN_POINT('',(4.996003610813E-16,0.));
#5421 = VECTOR('',#5422,1.);
#5422 = DIRECTION('',(0.,-1.));
#5423 = ( GEOMETRIC_REPRESENTATION_CONTEXT(2) 
PARAMETRIC_REPRESENTATION_CONTEXT() REPRESENTATION_CONTEXT('2D SPACE',''
  ) );
#5424 = ADVANCED_FACE('',(#5425),#4505,.T.);
#5425 = FACE_BOUND('',#5426,.T.);
#5426 = EDGE_LOOP('',(#5427,#5428,#5429,#5430));
#5427 = ORIENTED_EDGE('',*,*,#4490,.T.);
#5428 = ORIENTED_EDGE('',*,*,#5404,.T.);
#5429 = ORIENTED_EDGE('',*,*,#4902,.F.);
#5430 = ORIENTED_EDGE('',*,*,#5431,.F.);
#5431 = EDGE_CURVE('',#4465,#4882,#5432,.T.);
#5432 = SURFACE_CURVE('',#5433,(#5437,#5444),.PCURVE_S1.);
#5433 = LINE('',#5434,#5435);
#5434 = CARTESIAN_POINT('',(3.254991979989,7.72,3.25));
#5435 = VECTOR('',#5436,1.);
#5436 = DIRECTION('',(0.,0.,1.));
#5437 = PCURVE('',#4505,#5438);
#5438 = DEFINITIONAL_REPRESENTATION('',(#5439),#5443);
#5439 = LINE('',#5440,#5441);
#5440 = CARTESIAN_POINT('',(2.854991979989,0.));
#5441 = VECTOR('',#5442,1.);
#5442 = DIRECTION('',(0.,-1.));
#5443 = ( GEOMETRIC_REPRESENTATION_CONTEXT(2) 
PARAMETRIC_REPRESENTATION_CONTEXT() REPRESENTATION_CONTEXT('2D SPACE',''
  ) );
#5444 = PCURVE('',#4479,#5445);
#5445 = DEFINITIONAL_REPRESENTATION('',(#5446),#5450);
#5446 = LINE('',#5447,#5448);
#5447 = CARTESIAN_POINT('',(-8.875293551993E-16,0.));
#5448 = VECTOR('',#5449,1.);
#5449 = DIRECTION('',(0.,-1.));
#5450 = ( GEOMETRIC_REPRESENTATION_CONTEXT(2) 
PARAMETRIC_REPRESENTATION_CONTEXT() REPRESENTATION_CONTEXT('2D SPACE',''
  ) );
#5451 = ADVANCED_FACE('',(#5452),#4479,.T.);
#5452 = FACE_BOUND('',#5453,.T.);
#5453 = EDGE_LOOP('',(#5454,#5455,#5456,#5457));
#5454 = ORIENTED_EDGE('',*,*,#4464,.T.);
#5455 = ORIENTED_EDGE('',*,*,#5431,.T.);
#5456 = ORIENTED_EDGE('',*,*,#4881,.F.);
#5457 = ORIENTED_EDGE('',*,*,#5458,.F.);
#5458 = EDGE_CURVE('',#4439,#4861,#5459,.T.);
#5459 = SURFACE_CURVE('',#5460,(#5464,#5471),.PCURVE_S1.);
#5460 = LINE('',#5461,#5462);
#5461 = CARTESIAN_POINT('',(3.534991979989,0.4,3.25));
#5462 = VECTOR('',#5463,1.);
#5463 = DIRECTION('',(0.,0.,1.));
#5464 = PCURVE('',#4479,#5465);
#5465 = DEFINITIONAL_REPRESENTATION('',(#5466),#5470);
#5466 = LINE('',#5467,#5468);
#5467 = CARTESIAN_POINT('',(7.325353233804,0.));
#5468 = VECTOR('',#5469,1.);
#5469 = DIRECTION('',(0.,-1.));
#5470 = ( GEOMETRIC_REPRESENTATION_CONTEXT(2) 
PARAMETRIC_REPRESENTATION_CONTEXT() REPRESENTATION_CONTEXT('2D SPACE',''
  ) );
#5471 = PCURVE('',#4453,#5472);
#5472 = DEFINITIONAL_REPRESENTATION('',(#5473),#5477);
#5473 = LINE('',#5474,#5475);
#5474 = CARTESIAN_POINT('',(0.,0.));
#5475 = VECTOR('',#5476,1.);
#5476 = DIRECTION('',(0.,-1.));
#5477 = ( GEOMETRIC_REPRESENTATION_CONTEXT(2) 
PARAMETRIC_REPRESENTATION_CONTEXT() REPRESENTATION_CONTEXT('2D SPACE',''
  ) );
#5478 = ADVANCED_FACE('',(#5479),#4453,.T.);
#5479 = FACE_BOUND('',#5480,.T.);
#5480 = EDGE_LOOP('',(#5481,#5482,#5483,#5484));
#5481 = ORIENTED_EDGE('',*,*,#4438,.T.);
#5482 = ORIENTED_EDGE('',*,*,#5458,.T.);
#5483 = ORIENTED_EDGE('',*,*,#4860,.F.);
#5484 = ORIENTED_EDGE('',*,*,#5220,.F.);
#5485 = ( GEOMETRIC_REPRESENTATION_CONTEXT(3) 
GLOBAL_UNCERTAINTY_ASSIGNED_CONTEXT((#5489)) 
GLOBAL_UNIT_ASSIGNED_CONTEXT((#5486,#5487,#5488)) REPRESENTATION_CONTEXT
('Context #1','3D Context with UNIT and UNCERTAINTY') );
#5486 = ( LENGTH_UNIT() NAMED_UNIT(*) SI_UNIT(.MILLI.,.METRE.) );
#5487 = ( NAMED_UNIT(*) PLANE_ANGLE_UNIT() SI_UNIT($,.RADIAN.) );
#5488 = ( NAMED_UNIT(*) SI_UNIT($,.STERADIAN.) SOLID_ANGLE_UNIT() );
#5489 = UNCERTAINTY_MEASURE_WITH_UNIT(LENGTH_MEASURE(1.E-07),#5486,
  'distance_accuracy_value','confusion accuracy');
#5490 = CONTEXT_DEPENDENT_SHAPE_REPRESENTATION(#5491,#5493);
#5491 = ( REPRESENTATION_RELATIONSHIP('','',#3942,#10) 
REPRESENTATION_RELATIONSHIP_WITH_TRANSFORMATION(#5492) 
SHAPE_REPRESENTATION_RELATIONSHIP() );
#5492 = ITEM_DEFINED_TRANSFORMATION('','',#11,#23);
#5493 = PRODUCT_DEFINITION_SHAPE('Placement','Placement of an item',
  #5494);
#5494 = NEXT_ASSEMBLY_USAGE_OCCURRENCE('3','muros_PA','',#5,#3937,$);
#5495 = PRODUCT_RELATED_PRODUCT_CATEGORY('part',$,(#3939));
#5496 = SHAPE_DEFINITION_REPRESENTATION(#5497,#5503);
#5497 = PRODUCT_DEFINITION_SHAPE('','',#5498);
#5498 = PRODUCT_DEFINITION('design','',#5499,#5502);
#5499 = PRODUCT_DEFINITION_FORMATION('','',#5500);
#5500 = PRODUCT('MURO_CENTRAL','MURO_CENTRAL','',(#5501));
#5501 = PRODUCT_CONTEXT('',#2,'mechanical');
#5502 = PRODUCT_DEFINITION_CONTEXT('part definition',#2,'design');
#5503 = ADVANCED_BREP_SHAPE_REPRESENTATION('',(#11,#5504),#6434);
#5504 = MANIFOLD_SOLID_BREP('',#5505);
#5505 = CLOSED_SHELL('',(#5506,#5626,#5914,#5963,#6184,#6211,#6238,#6265
    ,#6292,#6319,#6326,#6373,#6400,#6427));
#5506 = ADVANCED_FACE('',(#5507),#5521,.F.);
#5507 = FACE_BOUND('',#5508,.F.);
#5508 = EDGE_LOOP('',(#5509,#5544,#5572,#5600));
#5509 = ORIENTED_EDGE('',*,*,#5510,.F.);
#5510 = EDGE_CURVE('',#5511,#5513,#5515,.T.);
#5511 = VERTEX_POINT('',#5512);
#5512 = CARTESIAN_POINT('',(0.4,7.42,0.));
#5513 = VERTEX_POINT('',#5514);
#5514 = CARTESIAN_POINT('',(0.4,7.42,5.96));
#5515 = SURFACE_CURVE('',#5516,(#5520,#5532),.PCURVE_S1.);
#5516 = LINE('',#5517,#5518);
#5517 = CARTESIAN_POINT('',(0.4,7.42,0.));
#5518 = VECTOR('',#5519,1.);
#5519 = DIRECTION('',(0.,0.,1.));
#5520 = PCURVE('',#5521,#5526);
#5521 = PLANE('',#5522);
#5522 = AXIS2_PLACEMENT_3D('',#5523,#5524,#5525);
#5523 = CARTESIAN_POINT('',(0.4,7.42,0.));
#5524 = DIRECTION('',(1.,0.,0.));
#5525 = DIRECTION('',(0.,0.,1.));
#5526 = DEFINITIONAL_REPRESENTATION('',(#5527),#5531);
#5527 = LINE('',#5528,#5529);
#5528 = CARTESIAN_POINT('',(0.,0.));
#5529 = VECTOR('',#5530,1.);
#5530 = DIRECTION('',(1.,0.));
#5531 = ( GEOMETRIC_REPRESENTATION_CONTEXT(2) 
PARAMETRIC_REPRESENTATION_CONTEXT() REPRESENTATION_CONTEXT('2D SPACE',''
  ) );
#5532 = PCURVE('',#5533,#5538);
#5533 = PLANE('',#5534);
#5534 = AXIS2_PLACEMENT_3D('',#5535,#5536,#5537);
#5535 = CARTESIAN_POINT('',(0.4,7.42,0.));
#5536 = DIRECTION('',(0.,1.,0.));
#5537 = DIRECTION('',(0.,0.,1.));
#5538 = DEFINITIONAL_REPRESENTATION('',(#5539),#5543);
#5539 = LINE('',#5540,#5541);
#5540 = CARTESIAN_POINT('',(0.,0.));
#5541 = VECTOR('',#5542,1.);
#5542 = DIRECTION('',(1.,0.));
#5543 = ( GEOMETRIC_REPRESENTATION_CONTEXT(2) 
PARAMETRIC_REPRESENTATION_CONTEXT() REPRESENTATION_CONTEXT('2D SPACE',''
  ) );
#5544 = ORIENTED_EDGE('',*,*,#5545,.T.);
#5545 = EDGE_CURVE('',#5511,#5546,#5548,.T.);
#5546 = VERTEX_POINT('',#5547);
#5547 = CARTESIAN_POINT('',(0.4,7.72,0.));
#5548 = SURFACE_CURVE('',#5549,(#5553,#5560),.PCURVE_S1.);
#5549 = LINE('',#5550,#5551);
#5550 = CARTESIAN_POINT('',(0.4,7.42,0.));
#5551 = VECTOR('',#5552,1.);
#5552 = DIRECTION('',(0.,1.,0.));
#5553 = PCURVE('',#5521,#5554);
#5554 = DEFINITIONAL_REPRESENTATION('',(#5555),#5559);
#5555 = LINE('',#5556,#5557);
#5556 = CARTESIAN_POINT('',(0.,0.));
#5557 = VECTOR('',#5558,1.);
#5558 = DIRECTION('',(0.,-1.));
#5559 = ( GEOMETRIC_REPRESENTATION_CONTEXT(2) 
PARAMETRIC_REPRESENTATION_CONTEXT() REPRESENTATION_CONTEXT('2D SPACE',''
  ) );
#5560 = PCURVE('',#5561,#5566);
#5561 = PLANE('',#5562);
#5562 = AXIS2_PLACEMENT_3D('',#5563,#5564,#5565);
#5563 = CARTESIAN_POINT('',(0.4,7.42,0.));
#5564 = DIRECTION('',(0.,0.,1.));
#5565 = DIRECTION('',(1.,0.,0.));
#5566 = DEFINITIONAL_REPRESENTATION('',(#5567),#5571);
#5567 = LINE('',#5568,#5569);
#5568 = CARTESIAN_POINT('',(0.,0.));
#5569 = VECTOR('',#5570,1.);
#5570 = DIRECTION('',(0.,1.));
#5571 = ( GEOMETRIC_REPRESENTATION_CONTEXT(2) 
PARAMETRIC_REPRESENTATION_CONTEXT() REPRESENTATION_CONTEXT('2D SPACE',''
  ) );
#5572 = ORIENTED_EDGE('',*,*,#5573,.T.);
#5573 = EDGE_CURVE('',#5546,#5574,#5576,.T.);
#5574 = VERTEX_POINT('',#5575);
#5575 = CARTESIAN_POINT('',(0.4,7.72,5.96));
#5576 = SURFACE_CURVE('',#5577,(#5581,#5588),.PCURVE_S1.);
#5577 = LINE('',#5578,#5579);
#5578 = CARTESIAN_POINT('',(0.4,7.72,0.));
#5579 = VECTOR('',#5580,1.);
#5580 = DIRECTION('',(0.,0.,1.));
#5581 = PCURVE('',#5521,#5582);
#5582 = DEFINITIONAL_REPRESENTATION('',(#5583),#5587);
#5583 = LINE('',#5584,#5585);
#5584 = CARTESIAN_POINT('',(0.,-0.3));
#5585 = VECTOR('',#5586,1.);
#5586 = DIRECTION('',(1.,0.));
#5587 = ( GEOMETRIC_REPRESENTATION_CONTEXT(2) 
PARAMETRIC_REPRESENTATION_CONTEXT() REPRESENTATION_CONTEXT('2D SPACE',''
  ) );
#5588 = PCURVE('',#5589,#5594);
#5589 = PLANE('',#5590);
#5590 = AXIS2_PLACEMENT_3D('',#5591,#5592,#5593);
#5591 = CARTESIAN_POINT('',(0.4,7.72,0.));
#5592 = DIRECTION('',(0.,1.,0.));
#5593 = DIRECTION('',(0.,0.,1.));
#5594 = DEFINITIONAL_REPRESENTATION('',(#5595),#5599);
#5595 = LINE('',#5596,#5597);
#5596 = CARTESIAN_POINT('',(0.,0.));
#5597 = VECTOR('',#5598,1.);
#5598 = DIRECTION('',(1.,0.));
#5599 = ( GEOMETRIC_REPRESENTATION_CONTEXT(2) 
PARAMETRIC_REPRESENTATION_CONTEXT() REPRESENTATION_CONTEXT('2D SPACE',''
  ) );
#5600 = ORIENTED_EDGE('',*,*,#5601,.F.);
#5601 = EDGE_CURVE('',#5513,#5574,#5602,.T.);
#5602 = SURFACE_CURVE('',#5603,(#5607,#5614),.PCURVE_S1.);
#5603 = LINE('',#5604,#5605);
#5604 = CARTESIAN_POINT('',(0.4,7.42,5.96));
#5605 = VECTOR('',#5606,1.);
#5606 = DIRECTION('',(0.,1.,0.));
#5607 = PCURVE('',#5521,#5608);
#5608 = DEFINITIONAL_REPRESENTATION('',(#5609),#5613);
#5609 = LINE('',#5610,#5611);
#5610 = CARTESIAN_POINT('',(5.96,0.));
#5611 = VECTOR('',#5612,1.);
#5612 = DIRECTION('',(0.,-1.));
#5613 = ( GEOMETRIC_REPRESENTATION_CONTEXT(2) 
PARAMETRIC_REPRESENTATION_CONTEXT() REPRESENTATION_CONTEXT('2D SPACE',''
  ) );
#5614 = PCURVE('',#5615,#5620);
#5615 = PLANE('',#5616);
#5616 = AXIS2_PLACEMENT_3D('',#5617,#5618,#5619);
#5617 = CARTESIAN_POINT('',(0.4,7.42,5.96));
#5618 = DIRECTION('',(0.,0.,1.));
#5619 = DIRECTION('',(1.,0.,0.));
#5620 = DEFINITIONAL_REPRESENTATION('',(#5621),#5625);
#5621 = LINE('',#5622,#5623);
#5622 = CARTESIAN_POINT('',(0.,0.));
#5623 = VECTOR('',#5624,1.);
#5624 = DIRECTION('',(0.,1.));
#5625 = ( GEOMETRIC_REPRESENTATION_CONTEXT(2) 
PARAMETRIC_REPRESENTATION_CONTEXT() REPRESENTATION_CONTEXT('2D SPACE',''
  ) );
#5626 = ADVANCED_FACE('',(#5627,#5808),#5533,.F.);
#5627 = FACE_BOUND('',#5628,.F.);
#5628 = EDGE_LOOP('',(#5629,#5652,#5653,#5676,#5704,#5732,#5758,#5784));
#5629 = ORIENTED_EDGE('',*,*,#5630,.F.);
#5630 = EDGE_CURVE('',#5511,#5631,#5633,.T.);
#5631 = VERTEX_POINT('',#5632);
#5632 = CARTESIAN_POINT('',(8.05,7.42,0.));
#5633 = SURFACE_CURVE('',#5634,(#5638,#5645),.PCURVE_S1.);
#5634 = LINE('',#5635,#5636);
#5635 = CARTESIAN_POINT('',(0.4,7.42,0.));
#5636 = VECTOR('',#5637,1.);
#5637 = DIRECTION('',(1.,0.,0.));
#5638 = PCURVE('',#5533,#5639);
#5639 = DEFINITIONAL_REPRESENTATION('',(#5640),#5644);
#5640 = LINE('',#5641,#5642);
#5641 = CARTESIAN_POINT('',(0.,0.));
#5642 = VECTOR('',#5643,1.);
#5643 = DIRECTION('',(0.,1.));
#5644 = ( GEOMETRIC_REPRESENTATION_CONTEXT(2) 
PARAMETRIC_REPRESENTATION_CONTEXT() REPRESENTATION_CONTEXT('2D SPACE',''
  ) );
#5645 = PCURVE('',#5561,#5646);
#5646 = DEFINITIONAL_REPRESENTATION('',(#5647),#5651);
#5647 = LINE('',#5648,#5649);
#5648 = CARTESIAN_POINT('',(0.,0.));
#5649 = VECTOR('',#5650,1.);
#5650 = DIRECTION('',(1.,0.));
#5651 = ( GEOMETRIC_REPRESENTATION_CONTEXT(2) 
PARAMETRIC_REPRESENTATION_CONTEXT() REPRESENTATION_CONTEXT('2D SPACE',''
  ) );
#5652 = ORIENTED_EDGE('',*,*,#5510,.T.);
#5653 = ORIENTED_EDGE('',*,*,#5654,.T.);
#5654 = EDGE_CURVE('',#5513,#5655,#5657,.T.);
#5655 = VERTEX_POINT('',#5656);
#5656 = CARTESIAN_POINT('',(9.15,7.42,5.96));
#5657 = SURFACE_CURVE('',#5658,(#5662,#5669),.PCURVE_S1.);
#5658 = LINE('',#5659,#5660);
#5659 = CARTESIAN_POINT('',(0.4,7.42,5.96));
#5660 = VECTOR('',#5661,1.);
#5661 = DIRECTION('',(1.,0.,0.));
#5662 = PCURVE('',#5533,#5663);
#5663 = DEFINITIONAL_REPRESENTATION('',(#5664),#5668);
#5664 = LINE('',#5665,#5666);
#5665 = CARTESIAN_POINT('',(5.96,0.));
#5666 = VECTOR('',#5667,1.);
#5667 = DIRECTION('',(0.,1.));
#5668 = ( GEOMETRIC_REPRESENTATION_CONTEXT(2) 
PARAMETRIC_REPRESENTATION_CONTEXT() REPRESENTATION_CONTEXT('2D SPACE',''
  ) );
#5669 = PCURVE('',#5615,#5670);
#5670 = DEFINITIONAL_REPRESENTATION('',(#5671),#5675);
#5671 = LINE('',#5672,#5673);
#5672 = CARTESIAN_POINT('',(0.,0.));
#5673 = VECTOR('',#5674,1.);
#5674 = DIRECTION('',(1.,0.));
#5675 = ( GEOMETRIC_REPRESENTATION_CONTEXT(2) 
PARAMETRIC_REPRESENTATION_CONTEXT() REPRESENTATION_CONTEXT('2D SPACE',''
  ) );
#5676 = ORIENTED_EDGE('',*,*,#5677,.F.);
#5677 = EDGE_CURVE('',#5678,#5655,#5680,.T.);
#5678 = VERTEX_POINT('',#5679);
#5679 = CARTESIAN_POINT('',(9.15,7.42,0.));
#5680 = SURFACE_CURVE('',#5681,(#5685,#5692),.PCURVE_S1.);
#5681 = LINE('',#5682,#5683);
#5682 = CARTESIAN_POINT('',(9.15,7.42,0.));
#5683 = VECTOR('',#5684,1.);
#5684 = DIRECTION('',(0.,0.,1.));
#5685 = PCURVE('',#5533,#5686);
#5686 = DEFINITIONAL_REPRESENTATION('',(#5687),#5691);
#5687 = LINE('',#5688,#5689);
#5688 = CARTESIAN_POINT('',(0.,8.75));
#5689 = VECTOR('',#5690,1.);
#5690 = DIRECTION('',(1.,0.));
#5691 = ( GEOMETRIC_REPRESENTATION_CONTEXT(2) 
PARAMETRIC_REPRESENTATION_CONTEXT() REPRESENTATION_CONTEXT('2D SPACE',''
  ) );
#5692 = PCURVE('',#5693,#5698);
#5693 = PLANE('',#5694);
#5694 = AXIS2_PLACEMENT_3D('',#5695,#5696,#5697);
#5695 = CARTESIAN_POINT('',(9.15,7.42,0.));
#5696 = DIRECTION('',(1.,0.,0.));
#5697 = DIRECTION('',(0.,0.,1.));
#5698 = DEFINITIONAL_REPRESENTATION('',(#5699),#5703);
#5699 = LINE('',#5700,#5701);
#5700 = CARTESIAN_POINT('',(0.,0.));
#5701 = VECTOR('',#5702,1.);
#5702 = DIRECTION('',(1.,0.));
#5703 = ( GEOMETRIC_REPRESENTATION_CONTEXT(2) 
PARAMETRIC_REPRESENTATION_CONTEXT() REPRESENTATION_CONTEXT('2D SPACE',''
  ) );
#5704 = ORIENTED_EDGE('',*,*,#5705,.F.);
#5705 = EDGE_CURVE('',#5706,#5678,#5708,.T.);
#5706 = VERTEX_POINT('',#5707);
#5707 = CARTESIAN_POINT('',(8.95,7.42,0.));
#5708 = SURFACE_CURVE('',#5709,(#5713,#5720),.PCURVE_S1.);
#5709 = LINE('',#5710,#5711);
#5710 = CARTESIAN_POINT('',(0.4,7.42,0.));
#5711 = VECTOR('',#5712,1.);
#5712 = DIRECTION('',(1.,0.,0.));
#5713 = PCURVE('',#5533,#5714);
#5714 = DEFINITIONAL_REPRESENTATION('',(#5715),#5719);
#5715 = LINE('',#5716,#5717);
#5716 = CARTESIAN_POINT('',(0.,0.));
#5717 = VECTOR('',#5718,1.);
#5718 = DIRECTION('',(0.,1.));
#5719 = ( GEOMETRIC_REPRESENTATION_CONTEXT(2) 
PARAMETRIC_REPRESENTATION_CONTEXT() REPRESENTATION_CONTEXT('2D SPACE',''
  ) );
#5720 = PCURVE('',#5721,#5726);
#5721 = PLANE('',#5722);
#5722 = AXIS2_PLACEMENT_3D('',#5723,#5724,#5725);
#5723 = CARTESIAN_POINT('',(0.4,7.42,0.));
#5724 = DIRECTION('',(0.,0.,1.));
#5725 = DIRECTION('',(1.,0.,0.));
#5726 = DEFINITIONAL_REPRESENTATION('',(#5727),#5731);
#5727 = LINE('',#5728,#5729);
#5728 = CARTESIAN_POINT('',(0.,0.));
#5729 = VECTOR('',#5730,1.);
#5730 = DIRECTION('',(1.,0.));
#5731 = ( GEOMETRIC_REPRESENTATION_CONTEXT(2) 
PARAMETRIC_REPRESENTATION_CONTEXT() REPRESENTATION_CONTEXT('2D SPACE',''
  ) );
#5732 = ORIENTED_EDGE('',*,*,#5733,.F.);
#5733 = EDGE_CURVE('',#5734,#5706,#5736,.T.);
#5734 = VERTEX_POINT('',#5735);
#5735 = CARTESIAN_POINT('',(8.95,7.42,2.05));
#5736 = SURFACE_CURVE('',#5737,(#5741,#5747),.PCURVE_S1.);
#5737 = LINE('',#5738,#5739);
#5738 = CARTESIAN_POINT('',(8.95,7.42,0.));
#5739 = VECTOR('',#5740,1.);
#5740 = DIRECTION('',(0.,0.,-1.));
#5741 = PCURVE('',#5533,#5742);
#5742 = DEFINITIONAL_REPRESENTATION('',(#5743),#5746);
#5743 = B_SPLINE_CURVE_WITH_KNOTS('',1,(#5744,#5745),.UNSPECIFIED.,.F.,
  .F.,(2,2),(-2.05,0.),.PIECEWISE_BEZIER_KNOTS.);
#5744 = CARTESIAN_POINT('',(2.05,8.55));
#5745 = CARTESIAN_POINT('',(0.,8.55));
#5746 = ( GEOMETRIC_REPRESENTATION_CONTEXT(2) 
PARAMETRIC_REPRESENTATION_CONTEXT() REPRESENTATION_CONTEXT('2D SPACE',''
  ) );
#5747 = PCURVE('',#5748,#5753);
#5748 = PLANE('',#5749);
#5749 = AXIS2_PLACEMENT_3D('',#5750,#5751,#5752);
#5750 = CARTESIAN_POINT('',(8.95,7.41,0.));
#5751 = DIRECTION('',(1.,0.,0.));
#5752 = DIRECTION('',(0.,0.,1.));
#5753 = DEFINITIONAL_REPRESENTATION('',(#5754),#5757);
#5754 = B_SPLINE_CURVE_WITH_KNOTS('',1,(#5755,#5756),.UNSPECIFIED.,.F.,
  .F.,(2,2),(-2.05,0.),.PIECEWISE_BEZIER_KNOTS.);
#5755 = CARTESIAN_POINT('',(2.05,-1.E-02));
#5756 = CARTESIAN_POINT('',(0.,-1.E-02));
#5757 = ( GEOMETRIC_REPRESENTATION_CONTEXT(2) 
PARAMETRIC_REPRESENTATION_CONTEXT() REPRESENTATION_CONTEXT('2D SPACE',''
  ) );
#5758 = ORIENTED_EDGE('',*,*,#5759,.F.);
#5759 = EDGE_CURVE('',#5760,#5734,#5762,.T.);
#5760 = VERTEX_POINT('',#5761);
#5761 = CARTESIAN_POINT('',(8.05,7.42,2.05));
#5762 = SURFACE_CURVE('',#5763,(#5767,#5773),.PCURVE_S1.);
#5763 = LINE('',#5764,#5765);
#5764 = CARTESIAN_POINT('',(4.225,7.42,2.05));
#5765 = VECTOR('',#5766,1.);
#5766 = DIRECTION('',(1.,0.,0.));
#5767 = PCURVE('',#5533,#5768);
#5768 = DEFINITIONAL_REPRESENTATION('',(#5769),#5772);
#5769 = B_SPLINE_CURVE_WITH_KNOTS('',1,(#5770,#5771),.UNSPECIFIED.,.F.,
  .F.,(2,2),(3.825,4.725),.PIECEWISE_BEZIER_KNOTS.);
#5770 = CARTESIAN_POINT('',(2.05,7.65));
#5771 = CARTESIAN_POINT('',(2.05,8.55));
#5772 = ( GEOMETRIC_REPRESENTATION_CONTEXT(2) 
PARAMETRIC_REPRESENTATION_CONTEXT() REPRESENTATION_CONTEXT('2D SPACE',''
  ) );
#5773 = PCURVE('',#5774,#5779);
#5774 = PLANE('',#5775);
#5775 = AXIS2_PLACEMENT_3D('',#5776,#5777,#5778);
#5776 = CARTESIAN_POINT('',(8.05,7.41,2.05));
#5777 = DIRECTION('',(0.,0.,1.));
#5778 = DIRECTION('',(1.,0.,0.));
#5779 = DEFINITIONAL_REPRESENTATION('',(#5780),#5783);
#5780 = B_SPLINE_CURVE_WITH_KNOTS('',1,(#5781,#5782),.UNSPECIFIED.,.F.,
  .F.,(2,2),(3.825,4.725),.PIECEWISE_BEZIER_KNOTS.);
#5781 = CARTESIAN_POINT('',(0.,1.E-02));
#5782 = CARTESIAN_POINT('',(0.9,1.E-02));
#5783 = ( GEOMETRIC_REPRESENTATION_CONTEXT(2) 
PARAMETRIC_REPRESENTATION_CONTEXT() REPRESENTATION_CONTEXT('2D SPACE',''
  ) );
#5784 = ORIENTED_EDGE('',*,*,#5785,.T.);
#5785 = EDGE_CURVE('',#5760,#5631,#5786,.T.);
#5786 = SURFACE_CURVE('',#5787,(#5791,#5797),.PCURVE_S1.);
#5787 = LINE('',#5788,#5789);
#5788 = CARTESIAN_POINT('',(8.05,7.42,0.));
#5789 = VECTOR('',#5790,1.);
#5790 = DIRECTION('',(0.,0.,-1.));
#5791 = PCURVE('',#5533,#5792);
#5792 = DEFINITIONAL_REPRESENTATION('',(#5793),#5796);
#5793 = B_SPLINE_CURVE_WITH_KNOTS('',1,(#5794,#5795),.UNSPECIFIED.,.F.,
  .F.,(2,2),(-2.05,0.),.PIECEWISE_BEZIER_KNOTS.);
#5794 = CARTESIAN_POINT('',(2.05,7.65));
#5795 = CARTESIAN_POINT('',(0.,7.65));
#5796 = ( GEOMETRIC_REPRESENTATION_CONTEXT(2) 
PARAMETRIC_REPRESENTATION_CONTEXT() REPRESENTATION_CONTEXT('2D SPACE',''
  ) );
#5797 = PCURVE('',#5798,#5803);
#5798 = PLANE('',#5799);
#5799 = AXIS2_PLACEMENT_3D('',#5800,#5801,#5802);
#5800 = CARTESIAN_POINT('',(8.05,7.41,0.));
#5801 = DIRECTION('',(1.,0.,0.));
#5802 = DIRECTION('',(0.,0.,1.));
#5803 = DEFINITIONAL_REPRESENTATION('',(#5804),#5807);
#5804 = B_SPLINE_CURVE_WITH_KNOTS('',1,(#5805,#5806),.UNSPECIFIED.,.F.,
  .F.,(2,2),(-2.05,0.),.PIECEWISE_BEZIER_KNOTS.);
#5805 = CARTESIAN_POINT('',(2.05,-1.E-02));
#5806 = CARTESIAN_POINT('',(0.,-1.E-02));
#5807 = ( GEOMETRIC_REPRESENTATION_CONTEXT(2) 
PARAMETRIC_REPRESENTATION_CONTEXT() REPRESENTATION_CONTEXT('2D SPACE',''
  ) );
#5808 = FACE_BOUND('',#5809,.F.);
#5809 = EDGE_LOOP('',(#5810,#5838,#5864,#5890));
#5810 = ORIENTED_EDGE('',*,*,#5811,.F.);
#5811 = EDGE_CURVE('',#5812,#5814,#5816,.T.);
#5812 = VERTEX_POINT('',#5813);
#5813 = CARTESIAN_POINT('',(8.05,7.42,5.31));
#5814 = VERTEX_POINT('',#5815);
#5815 = CARTESIAN_POINT('',(8.95,7.42,5.31));
#5816 = SURFACE_CURVE('',#5817,(#5821,#5827),.PCURVE_S1.);
#5817 = LINE('',#5818,#5819);
#5818 = CARTESIAN_POINT('',(4.225,7.42,5.31));
#5819 = VECTOR('',#5820,1.);
#5820 = DIRECTION('',(1.,0.,0.));
#5821 = PCURVE('',#5533,#5822);
#5822 = DEFINITIONAL_REPRESENTATION('',(#5823),#5826);
#5823 = B_SPLINE_CURVE_WITH_KNOTS('',1,(#5824,#5825),.UNSPECIFIED.,.F.,
  .F.,(2,2),(3.825,4.725),.PIECEWISE_BEZIER_KNOTS.);
#5824 = CARTESIAN_POINT('',(5.31,7.65));
#5825 = CARTESIAN_POINT('',(5.31,8.55));
#5826 = ( GEOMETRIC_REPRESENTATION_CONTEXT(2) 
PARAMETRIC_REPRESENTATION_CONTEXT() REPRESENTATION_CONTEXT('2D SPACE',''
  ) );
#5827 = PCURVE('',#5828,#5833);
#5828 = PLANE('',#5829);
#5829 = AXIS2_PLACEMENT_3D('',#5830,#5831,#5832);
#5830 = CARTESIAN_POINT('',(8.05,7.41,5.31));
#5831 = DIRECTION('',(0.,0.,1.));
#5832 = DIRECTION('',(1.,0.,0.));
#5833 = DEFINITIONAL_REPRESENTATION('',(#5834),#5837);
#5834 = B_SPLINE_CURVE_WITH_KNOTS('',1,(#5835,#5836),.UNSPECIFIED.,.F.,
  .F.,(2,2),(3.825,4.725),.PIECEWISE_BEZIER_KNOTS.);
#5835 = CARTESIAN_POINT('',(0.,1.E-02));
#5836 = CARTESIAN_POINT('',(0.9,1.E-02));
#5837 = ( GEOMETRIC_REPRESENTATION_CONTEXT(2) 
PARAMETRIC_REPRESENTATION_CONTEXT() REPRESENTATION_CONTEXT('2D SPACE',''
  ) );
#5838 = ORIENTED_EDGE('',*,*,#5839,.T.);
#5839 = EDGE_CURVE('',#5812,#5840,#5842,.T.);
#5840 = VERTEX_POINT('',#5841);
#5841 = CARTESIAN_POINT('',(8.05,7.42,3.26));
#5842 = SURFACE_CURVE('',#5843,(#5847,#5853),.PCURVE_S1.);
#5843 = LINE('',#5844,#5845);
#5844 = CARTESIAN_POINT('',(8.05,7.42,1.63));
#5845 = VECTOR('',#5846,1.);
#5846 = DIRECTION('',(0.,0.,-1.));
#5847 = PCURVE('',#5533,#5848);
#5848 = DEFINITIONAL_REPRESENTATION('',(#5849),#5852);
#5849 = B_SPLINE_CURVE_WITH_KNOTS('',1,(#5850,#5851),.UNSPECIFIED.,.F.,
  .F.,(2,2),(-3.68,-1.63),.PIECEWISE_BEZIER_KNOTS.);
#5850 = CARTESIAN_POINT('',(5.31,7.65));
#5851 = CARTESIAN_POINT('',(3.26,7.65));
#5852 = ( GEOMETRIC_REPRESENTATION_CONTEXT(2) 
PARAMETRIC_REPRESENTATION_CONTEXT() REPRESENTATION_CONTEXT('2D SPACE',''
  ) );
#5853 = PCURVE('',#5854,#5859);
#5854 = PLANE('',#5855);
#5855 = AXIS2_PLACEMENT_3D('',#5856,#5857,#5858);
#5856 = CARTESIAN_POINT('',(8.05,7.41,3.26));
#5857 = DIRECTION('',(1.,0.,0.));
#5858 = DIRECTION('',(0.,0.,1.));
#5859 = DEFINITIONAL_REPRESENTATION('',(#5860),#5863);
#5860 = B_SPLINE_CURVE_WITH_KNOTS('',1,(#5861,#5862),.UNSPECIFIED.,.F.,
  .F.,(2,2),(-3.68,-1.63),.PIECEWISE_BEZIER_KNOTS.);
#5861 = CARTESIAN_POINT('',(2.05,-1.E-02));
#5862 = CARTESIAN_POINT('',(0.,-1.E-02));
#5863 = ( GEOMETRIC_REPRESENTATION_CONTEXT(2) 
PARAMETRIC_REPRESENTATION_CONTEXT() REPRESENTATION_CONTEXT('2D SPACE',''
  ) );
#5864 = ORIENTED_EDGE('',*,*,#5865,.T.);
#5865 = EDGE_CURVE('',#5840,#5866,#5868,.T.);
#5866 = VERTEX_POINT('',#5867);
#5867 = CARTESIAN_POINT('',(8.95,7.42,3.26));
#5868 = SURFACE_CURVE('',#5869,(#5873,#5879),.PCURVE_S1.);
#5869 = LINE('',#5870,#5871);
#5870 = CARTESIAN_POINT('',(4.225,7.42,3.26));
#5871 = VECTOR('',#5872,1.);
#5872 = DIRECTION('',(1.,0.,0.));
#5873 = PCURVE('',#5533,#5874);
#5874 = DEFINITIONAL_REPRESENTATION('',(#5875),#5878);
#5875 = B_SPLINE_CURVE_WITH_KNOTS('',1,(#5876,#5877),.UNSPECIFIED.,.F.,
  .F.,(2,2),(3.825,4.725),.PIECEWISE_BEZIER_KNOTS.);
#5876 = CARTESIAN_POINT('',(3.26,7.65));
#5877 = CARTESIAN_POINT('',(3.26,8.55));
#5878 = ( GEOMETRIC_REPRESENTATION_CONTEXT(2) 
PARAMETRIC_REPRESENTATION_CONTEXT() REPRESENTATION_CONTEXT('2D SPACE',''
  ) );
#5879 = PCURVE('',#5880,#5885);
#5880 = PLANE('',#5881);
#5881 = AXIS2_PLACEMENT_3D('',#5882,#5883,#5884);
#5882 = CARTESIAN_POINT('',(8.05,7.41,3.26));
#5883 = DIRECTION('',(0.,0.,1.));
#5884 = DIRECTION('',(1.,0.,0.));
#5885 = DEFINITIONAL_REPRESENTATION('',(#5886),#5889);
#5886 = B_SPLINE_CURVE_WITH_KNOTS('',1,(#5887,#5888),.UNSPECIFIED.,.F.,
  .F.,(2,2),(3.825,4.725),.PIECEWISE_BEZIER_KNOTS.);
#5887 = CARTESIAN_POINT('',(0.,1.E-02));
#5888 = CARTESIAN_POINT('',(0.9,1.E-02));
#5889 = ( GEOMETRIC_REPRESENTATION_CONTEXT(2) 
PARAMETRIC_REPRESENTATION_CONTEXT() REPRESENTATION_CONTEXT('2D SPACE',''
  ) );
#5890 = ORIENTED_EDGE('',*,*,#5891,.F.);
#5891 = EDGE_CURVE('',#5814,#5866,#5892,.T.);
#5892 = SURFACE_CURVE('',#5893,(#5897,#5903),.PCURVE_S1.);
#5893 = LINE('',#5894,#5895);
#5894 = CARTESIAN_POINT('',(8.95,7.42,1.63));
#5895 = VECTOR('',#5896,1.);
#5896 = DIRECTION('',(0.,0.,-1.));
#5897 = PCURVE('',#5533,#5898);
#5898 = DEFINITIONAL_REPRESENTATION('',(#5899),#5902);
#5899 = B_SPLINE_CURVE_WITH_KNOTS('',1,(#5900,#5901),.UNSPECIFIED.,.F.,
  .F.,(2,2),(-3.68,-1.63),.PIECEWISE_BEZIER_KNOTS.);
#5900 = CARTESIAN_POINT('',(5.31,8.55));
#5901 = CARTESIAN_POINT('',(3.26,8.55));
#5902 = ( GEOMETRIC_REPRESENTATION_CONTEXT(2) 
PARAMETRIC_REPRESENTATION_CONTEXT() REPRESENTATION_CONTEXT('2D SPACE',''
  ) );
#5903 = PCURVE('',#5904,#5909);
#5904 = PLANE('',#5905);
#5905 = AXIS2_PLACEMENT_3D('',#5906,#5907,#5908);
#5906 = CARTESIAN_POINT('',(8.95,7.41,3.26));
#5907 = DIRECTION('',(1.,0.,0.));
#5908 = DIRECTION('',(0.,0.,1.));
#5909 = DEFINITIONAL_REPRESENTATION('',(#5910),#5913);
#5910 = B_SPLINE_CURVE_WITH_KNOTS('',1,(#5911,#5912),.UNSPECIFIED.,.F.,
  .F.,(2,2),(-3.68,-1.63),.PIECEWISE_BEZIER_KNOTS.);
#5911 = CARTESIAN_POINT('',(2.05,-1.E-02));
#5912 = CARTESIAN_POINT('',(0.,-1.E-02));
#5913 = ( GEOMETRIC_REPRESENTATION_CONTEXT(2) 
PARAMETRIC_REPRESENTATION_CONTEXT() REPRESENTATION_CONTEXT('2D SPACE',''
  ) );
#5914 = ADVANCED_FACE('',(#5915),#5615,.T.);
#5915 = FACE_BOUND('',#5916,.T.);
#5916 = EDGE_LOOP('',(#5917,#5918,#5919,#5942));
#5917 = ORIENTED_EDGE('',*,*,#5601,.F.);
#5918 = ORIENTED_EDGE('',*,*,#5654,.T.);
#5919 = ORIENTED_EDGE('',*,*,#5920,.T.);
#5920 = EDGE_CURVE('',#5655,#5921,#5923,.T.);
#5921 = VERTEX_POINT('',#5922);
#5922 = CARTESIAN_POINT('',(9.15,7.72,5.96));
#5923 = SURFACE_CURVE('',#5924,(#5928,#5935),.PCURVE_S1.);
#5924 = LINE('',#5925,#5926);
#5925 = CARTESIAN_POINT('',(9.15,7.42,5.96));
#5926 = VECTOR('',#5927,1.);
#5927 = DIRECTION('',(0.,1.,0.));
#5928 = PCURVE('',#5615,#5929);
#5929 = DEFINITIONAL_REPRESENTATION('',(#5930),#5934);
#5930 = LINE('',#5931,#5932);
#5931 = CARTESIAN_POINT('',(8.75,0.));
#5932 = VECTOR('',#5933,1.);
#5933 = DIRECTION('',(0.,1.));
#5934 = ( GEOMETRIC_REPRESENTATION_CONTEXT(2) 
PARAMETRIC_REPRESENTATION_CONTEXT() REPRESENTATION_CONTEXT('2D SPACE',''
  ) );
#5935 = PCURVE('',#5693,#5936);
#5936 = DEFINITIONAL_REPRESENTATION('',(#5937),#5941);
#5937 = LINE('',#5938,#5939);
#5938 = CARTESIAN_POINT('',(5.96,0.));
#5939 = VECTOR('',#5940,1.);
#5940 = DIRECTION('',(0.,-1.));
#5941 = ( GEOMETRIC_REPRESENTATION_CONTEXT(2) 
PARAMETRIC_REPRESENTATION_CONTEXT() REPRESENTATION_CONTEXT('2D SPACE',''
  ) );
#5942 = ORIENTED_EDGE('',*,*,#5943,.F.);
#5943 = EDGE_CURVE('',#5574,#5921,#5944,.T.);
#5944 = SURFACE_CURVE('',#5945,(#5949,#5956),.PCURVE_S1.);
#5945 = LINE('',#5946,#5947);
#5946 = CARTESIAN_POINT('',(0.4,7.72,5.96));
#5947 = VECTOR('',#5948,1.);
#5948 = DIRECTION('',(1.,0.,0.));
#5949 = PCURVE('',#5615,#5950);
#5950 = DEFINITIONAL_REPRESENTATION('',(#5951),#5955);
#5951 = LINE('',#5952,#5953);
#5952 = CARTESIAN_POINT('',(0.,0.3));
#5953 = VECTOR('',#5954,1.);
#5954 = DIRECTION('',(1.,0.));
#5955 = ( GEOMETRIC_REPRESENTATION_CONTEXT(2) 
PARAMETRIC_REPRESENTATION_CONTEXT() REPRESENTATION_CONTEXT('2D SPACE',''
  ) );
#5956 = PCURVE('',#5589,#5957);
#5957 = DEFINITIONAL_REPRESENTATION('',(#5958),#5962);
#5958 = LINE('',#5959,#5960);
#5959 = CARTESIAN_POINT('',(5.96,0.));
#5960 = VECTOR('',#5961,1.);
#5961 = DIRECTION('',(0.,1.));
#5962 = ( GEOMETRIC_REPRESENTATION_CONTEXT(2) 
PARAMETRIC_REPRESENTATION_CONTEXT() REPRESENTATION_CONTEXT('2D SPACE',''
  ) );
#5963 = ADVANCED_FACE('',(#5964,#6098),#5589,.T.);
#5964 = FACE_BOUND('',#5965,.T.);
#5965 = EDGE_LOOP('',(#5966,#5989,#5990,#5991,#6014,#6037,#6058,#6079));
#5966 = ORIENTED_EDGE('',*,*,#5967,.F.);
#5967 = EDGE_CURVE('',#5546,#5968,#5970,.T.);
#5968 = VERTEX_POINT('',#5969);
#5969 = CARTESIAN_POINT('',(8.05,7.72,0.));
#5970 = SURFACE_CURVE('',#5971,(#5975,#5982),.PCURVE_S1.);
#5971 = LINE('',#5972,#5973);
#5972 = CARTESIAN_POINT('',(0.4,7.72,0.));
#5973 = VECTOR('',#5974,1.);
#5974 = DIRECTION('',(1.,0.,0.));
#5975 = PCURVE('',#5589,#5976);
#5976 = DEFINITIONAL_REPRESENTATION('',(#5977),#5981);
#5977 = LINE('',#5978,#5979);
#5978 = CARTESIAN_POINT('',(0.,0.));
#5979 = VECTOR('',#5980,1.);
#5980 = DIRECTION('',(0.,1.));
#5981 = ( GEOMETRIC_REPRESENTATION_CONTEXT(2) 
PARAMETRIC_REPRESENTATION_CONTEXT() REPRESENTATION_CONTEXT('2D SPACE',''
  ) );
#5982 = PCURVE('',#5561,#5983);
#5983 = DEFINITIONAL_REPRESENTATION('',(#5984),#5988);
#5984 = LINE('',#5985,#5986);
#5985 = CARTESIAN_POINT('',(0.,0.3));
#5986 = VECTOR('',#5987,1.);
#5987 = DIRECTION('',(1.,0.));
#5988 = ( GEOMETRIC_REPRESENTATION_CONTEXT(2) 
PARAMETRIC_REPRESENTATION_CONTEXT() REPRESENTATION_CONTEXT('2D SPACE',''
  ) );
#5989 = ORIENTED_EDGE('',*,*,#5573,.T.);
#5990 = ORIENTED_EDGE('',*,*,#5943,.T.);
#5991 = ORIENTED_EDGE('',*,*,#5992,.F.);
#5992 = EDGE_CURVE('',#5993,#5921,#5995,.T.);
#5993 = VERTEX_POINT('',#5994);
#5994 = CARTESIAN_POINT('',(9.15,7.72,0.));
#5995 = SURFACE_CURVE('',#5996,(#6000,#6007),.PCURVE_S1.);
#5996 = LINE('',#5997,#5998);
#5997 = CARTESIAN_POINT('',(9.15,7.72,0.));
#5998 = VECTOR('',#5999,1.);
#5999 = DIRECTION('',(0.,0.,1.));
#6000 = PCURVE('',#5589,#6001);
#6001 = DEFINITIONAL_REPRESENTATION('',(#6002),#6006);
#6002 = LINE('',#6003,#6004);
#6003 = CARTESIAN_POINT('',(0.,8.75));
#6004 = VECTOR('',#6005,1.);
#6005 = DIRECTION('',(1.,0.));
#6006 = ( GEOMETRIC_REPRESENTATION_CONTEXT(2) 
PARAMETRIC_REPRESENTATION_CONTEXT() REPRESENTATION_CONTEXT('2D SPACE',''
  ) );
#6007 = PCURVE('',#5693,#6008);
#6008 = DEFINITIONAL_REPRESENTATION('',(#6009),#6013);
#6009 = LINE('',#6010,#6011);
#6010 = CARTESIAN_POINT('',(0.,-0.3));
#6011 = VECTOR('',#6012,1.);
#6012 = DIRECTION('',(1.,0.));
#6013 = ( GEOMETRIC_REPRESENTATION_CONTEXT(2) 
PARAMETRIC_REPRESENTATION_CONTEXT() REPRESENTATION_CONTEXT('2D SPACE',''
  ) );
#6014 = ORIENTED_EDGE('',*,*,#6015,.F.);
#6015 = EDGE_CURVE('',#6016,#5993,#6018,.T.);
#6016 = VERTEX_POINT('',#6017);
#6017 = CARTESIAN_POINT('',(8.95,7.72,0.));
#6018 = SURFACE_CURVE('',#6019,(#6023,#6030),.PCURVE_S1.);
#6019 = LINE('',#6020,#6021);
#6020 = CARTESIAN_POINT('',(0.4,7.72,0.));
#6021 = VECTOR('',#6022,1.);
#6022 = DIRECTION('',(1.,0.,0.));
#6023 = PCURVE('',#5589,#6024);
#6024 = DEFINITIONAL_REPRESENTATION('',(#6025),#6029);
#6025 = LINE('',#6026,#6027);
#6026 = CARTESIAN_POINT('',(0.,0.));
#6027 = VECTOR('',#6028,1.);
#6028 = DIRECTION('',(0.,1.));
#6029 = ( GEOMETRIC_REPRESENTATION_CONTEXT(2) 
PARAMETRIC_REPRESENTATION_CONTEXT() REPRESENTATION_CONTEXT('2D SPACE',''
  ) );
#6030 = PCURVE('',#5721,#6031);
#6031 = DEFINITIONAL_REPRESENTATION('',(#6032),#6036);
#6032 = LINE('',#6033,#6034);
#6033 = CARTESIAN_POINT('',(0.,0.3));
#6034 = VECTOR('',#6035,1.);
#6035 = DIRECTION('',(1.,0.));
#6036 = ( GEOMETRIC_REPRESENTATION_CONTEXT(2) 
PARAMETRIC_REPRESENTATION_CONTEXT() REPRESENTATION_CONTEXT('2D SPACE',''
  ) );
#6037 = ORIENTED_EDGE('',*,*,#6038,.F.);
#6038 = EDGE_CURVE('',#6039,#6016,#6041,.T.);
#6039 = VERTEX_POINT('',#6040);
#6040 = CARTESIAN_POINT('',(8.95,7.72,2.05));
#6041 = SURFACE_CURVE('',#6042,(#6046,#6052),.PCURVE_S1.);
#6042 = LINE('',#6043,#6044);
#6043 = CARTESIAN_POINT('',(8.95,7.72,0.));
#6044 = VECTOR('',#6045,1.);
#6045 = DIRECTION('',(0.,0.,-1.));
#6046 = PCURVE('',#5589,#6047);
#6047 = DEFINITIONAL_REPRESENTATION('',(#6048),#6051);
#6048 = B_SPLINE_CURVE_WITH_KNOTS('',1,(#6049,#6050),.UNSPECIFIED.,.F.,
  .F.,(2,2),(-2.05,0.),.PIECEWISE_BEZIER_KNOTS.);
#6049 = CARTESIAN_POINT('',(2.05,8.55));
#6050 = CARTESIAN_POINT('',(0.,8.55));
#6051 = ( GEOMETRIC_REPRESENTATION_CONTEXT(2) 
PARAMETRIC_REPRESENTATION_CONTEXT() REPRESENTATION_CONTEXT('2D SPACE',''
  ) );
#6052 = PCURVE('',#5748,#6053);
#6053 = DEFINITIONAL_REPRESENTATION('',(#6054),#6057);
#6054 = B_SPLINE_CURVE_WITH_KNOTS('',1,(#6055,#6056),.UNSPECIFIED.,.F.,
  .F.,(2,2),(-2.05,0.),.PIECEWISE_BEZIER_KNOTS.);
#6055 = CARTESIAN_POINT('',(2.05,-0.31));
#6056 = CARTESIAN_POINT('',(0.,-0.31));
#6057 = ( GEOMETRIC_REPRESENTATION_CONTEXT(2) 
PARAMETRIC_REPRESENTATION_CONTEXT() REPRESENTATION_CONTEXT('2D SPACE',''
  ) );
#6058 = ORIENTED_EDGE('',*,*,#6059,.F.);
#6059 = EDGE_CURVE('',#6060,#6039,#6062,.T.);
#6060 = VERTEX_POINT('',#6061);
#6061 = CARTESIAN_POINT('',(8.05,7.72,2.05));
#6062 = SURFACE_CURVE('',#6063,(#6067,#6073),.PCURVE_S1.);
#6063 = LINE('',#6064,#6065);
#6064 = CARTESIAN_POINT('',(4.225,7.72,2.05));
#6065 = VECTOR('',#6066,1.);
#6066 = DIRECTION('',(1.,0.,0.));
#6067 = PCURVE('',#5589,#6068);
#6068 = DEFINITIONAL_REPRESENTATION('',(#6069),#6072);
#6069 = B_SPLINE_CURVE_WITH_KNOTS('',1,(#6070,#6071),.UNSPECIFIED.,.F.,
  .F.,(2,2),(3.825,4.725),.PIECEWISE_BEZIER_KNOTS.);
#6070 = CARTESIAN_POINT('',(2.05,7.65));
#6071 = CARTESIAN_POINT('',(2.05,8.55));
#6072 = ( GEOMETRIC_REPRESENTATION_CONTEXT(2) 
PARAMETRIC_REPRESENTATION_CONTEXT() REPRESENTATION_CONTEXT('2D SPACE',''
  ) );
#6073 = PCURVE('',#5774,#6074);
#6074 = DEFINITIONAL_REPRESENTATION('',(#6075),#6078);
#6075 = B_SPLINE_CURVE_WITH_KNOTS('',1,(#6076,#6077),.UNSPECIFIED.,.F.,
  .F.,(2,2),(3.825,4.725),.PIECEWISE_BEZIER_KNOTS.);
#6076 = CARTESIAN_POINT('',(0.,0.31));
#6077 = CARTESIAN_POINT('',(0.9,0.31));
#6078 = ( GEOMETRIC_REPRESENTATION_CONTEXT(2) 
PARAMETRIC_REPRESENTATION_CONTEXT() REPRESENTATION_CONTEXT('2D SPACE',''
  ) );
#6079 = ORIENTED_EDGE('',*,*,#6080,.T.);
#6080 = EDGE_CURVE('',#6060,#5968,#6081,.T.);
#6081 = SURFACE_CURVE('',#6082,(#6086,#6092),.PCURVE_S1.);
#6082 = LINE('',#6083,#6084);
#6083 = CARTESIAN_POINT('',(8.05,7.72,0.));
#6084 = VECTOR('',#6085,1.);
#6085 = DIRECTION('',(0.,0.,-1.));
#6086 = PCURVE('',#5589,#6087);
#6087 = DEFINITIONAL_REPRESENTATION('',(#6088),#6091);
#6088 = B_SPLINE_CURVE_WITH_KNOTS('',1,(#6089,#6090),.UNSPECIFIED.,.F.,
  .F.,(2,2),(-2.05,0.),.PIECEWISE_BEZIER_KNOTS.);
#6089 = CARTESIAN_POINT('',(2.05,7.65));
#6090 = CARTESIAN_POINT('',(0.,7.65));
#6091 = ( GEOMETRIC_REPRESENTATION_CONTEXT(2) 
PARAMETRIC_REPRESENTATION_CONTEXT() REPRESENTATION_CONTEXT('2D SPACE',''
  ) );
#6092 = PCURVE('',#5798,#6093);
#6093 = DEFINITIONAL_REPRESENTATION('',(#6094),#6097);
#6094 = B_SPLINE_CURVE_WITH_KNOTS('',1,(#6095,#6096),.UNSPECIFIED.,.F.,
  .F.,(2,2),(-2.05,0.),.PIECEWISE_BEZIER_KNOTS.);
#6095 = CARTESIAN_POINT('',(2.05,-0.31));
#6096 = CARTESIAN_POINT('',(0.,-0.31));
#6097 = ( GEOMETRIC_REPRESENTATION_CONTEXT(2) 
PARAMETRIC_REPRESENTATION_CONTEXT() REPRESENTATION_CONTEXT('2D SPACE',''
  ) );
#6098 = FACE_BOUND('',#6099,.T.);
#6099 = EDGE_LOOP('',(#6100,#6123,#6144,#6165));
#6100 = ORIENTED_EDGE('',*,*,#6101,.F.);
#6101 = EDGE_CURVE('',#6102,#6104,#6106,.T.);
#6102 = VERTEX_POINT('',#6103);
#6103 = CARTESIAN_POINT('',(8.05,7.72,5.31));
#6104 = VERTEX_POINT('',#6105);
#6105 = CARTESIAN_POINT('',(8.95,7.72,5.31));
#6106 = SURFACE_CURVE('',#6107,(#6111,#6117),.PCURVE_S1.);
#6107 = LINE('',#6108,#6109);
#6108 = CARTESIAN_POINT('',(4.225,7.72,5.31));
#6109 = VECTOR('',#6110,1.);
#6110 = DIRECTION('',(1.,0.,0.));
#6111 = PCURVE('',#5589,#6112);
#6112 = DEFINITIONAL_REPRESENTATION('',(#6113),#6116);
#6113 = B_SPLINE_CURVE_WITH_KNOTS('',1,(#6114,#6115),.UNSPECIFIED.,.F.,
  .F.,(2,2),(3.825,4.725),.PIECEWISE_BEZIER_KNOTS.);
#6114 = CARTESIAN_POINT('',(5.31,7.65));
#6115 = CARTESIAN_POINT('',(5.31,8.55));
#6116 = ( GEOMETRIC_REPRESENTATION_CONTEXT(2) 
PARAMETRIC_REPRESENTATION_CONTEXT() REPRESENTATION_CONTEXT('2D SPACE',''
  ) );
#6117 = PCURVE('',#5828,#6118);
#6118 = DEFINITIONAL_REPRESENTATION('',(#6119),#6122);
#6119 = B_SPLINE_CURVE_WITH_KNOTS('',1,(#6120,#6121),.UNSPECIFIED.,.F.,
  .F.,(2,2),(3.825,4.725),.PIECEWISE_BEZIER_KNOTS.);
#6120 = CARTESIAN_POINT('',(0.,0.31));
#6121 = CARTESIAN_POINT('',(0.9,0.31));
#6122 = ( GEOMETRIC_REPRESENTATION_CONTEXT(2) 
PARAMETRIC_REPRESENTATION_CONTEXT() REPRESENTATION_CONTEXT('2D SPACE',''
  ) );
#6123 = ORIENTED_EDGE('',*,*,#6124,.T.);
#6124 = EDGE_CURVE('',#6102,#6125,#6127,.T.);
#6125 = VERTEX_POINT('',#6126);
#6126 = CARTESIAN_POINT('',(8.05,7.72,3.26));
#6127 = SURFACE_CURVE('',#6128,(#6132,#6138),.PCURVE_S1.);
#6128 = LINE('',#6129,#6130);
#6129 = CARTESIAN_POINT('',(8.05,7.72,1.63));
#6130 = VECTOR('',#6131,1.);
#6131 = DIRECTION('',(0.,0.,-1.));
#6132 = PCURVE('',#5589,#6133);
#6133 = DEFINITIONAL_REPRESENTATION('',(#6134),#6137);
#6134 = B_SPLINE_CURVE_WITH_KNOTS('',1,(#6135,#6136),.UNSPECIFIED.,.F.,
  .F.,(2,2),(-3.68,-1.63),.PIECEWISE_BEZIER_KNOTS.);
#6135 = CARTESIAN_POINT('',(5.31,7.65));
#6136 = CARTESIAN_POINT('',(3.26,7.65));
#6137 = ( GEOMETRIC_REPRESENTATION_CONTEXT(2) 
PARAMETRIC_REPRESENTATION_CONTEXT() REPRESENTATION_CONTEXT('2D SPACE',''
  ) );
#6138 = PCURVE('',#5854,#6139);
#6139 = DEFINITIONAL_REPRESENTATION('',(#6140),#6143);
#6140 = B_SPLINE_CURVE_WITH_KNOTS('',1,(#6141,#6142),.UNSPECIFIED.,.F.,
  .F.,(2,2),(-3.68,-1.63),.PIECEWISE_BEZIER_KNOTS.);
#6141 = CARTESIAN_POINT('',(2.05,-0.31));
#6142 = CARTESIAN_POINT('',(0.,-0.31));
#6143 = ( GEOMETRIC_REPRESENTATION_CONTEXT(2) 
PARAMETRIC_REPRESENTATION_CONTEXT() REPRESENTATION_CONTEXT('2D SPACE',''
  ) );
#6144 = ORIENTED_EDGE('',*,*,#6145,.T.);
#6145 = EDGE_CURVE('',#6125,#6146,#6148,.T.);
#6146 = VERTEX_POINT('',#6147);
#6147 = CARTESIAN_POINT('',(8.95,7.72,3.26));
#6148 = SURFACE_CURVE('',#6149,(#6153,#6159),.PCURVE_S1.);
#6149 = LINE('',#6150,#6151);
#6150 = CARTESIAN_POINT('',(4.225,7.72,3.26));
#6151 = VECTOR('',#6152,1.);
#6152 = DIRECTION('',(1.,0.,0.));
#6153 = PCURVE('',#5589,#6154);
#6154 = DEFINITIONAL_REPRESENTATION('',(#6155),#6158);
#6155 = B_SPLINE_CURVE_WITH_KNOTS('',1,(#6156,#6157),.UNSPECIFIED.,.F.,
  .F.,(2,2),(3.825,4.725),.PIECEWISE_BEZIER_KNOTS.);
#6156 = CARTESIAN_POINT('',(3.26,7.65));
#6157 = CARTESIAN_POINT('',(3.26,8.55));
#6158 = ( GEOMETRIC_REPRESENTATION_CONTEXT(2) 
PARAMETRIC_REPRESENTATION_CONTEXT() REPRESENTATION_CONTEXT('2D SPACE',''
  ) );
#6159 = PCURVE('',#5880,#6160);
#6160 = DEFINITIONAL_REPRESENTATION('',(#6161),#6164);
#6161 = B_SPLINE_CURVE_WITH_KNOTS('',1,(#6162,#6163),.UNSPECIFIED.,.F.,
  .F.,(2,2),(3.825,4.725),.PIECEWISE_BEZIER_KNOTS.);
#6162 = CARTESIAN_POINT('',(0.,0.31));
#6163 = CARTESIAN_POINT('',(0.9,0.31));
#6164 = ( GEOMETRIC_REPRESENTATION_CONTEXT(2) 
PARAMETRIC_REPRESENTATION_CONTEXT() REPRESENTATION_CONTEXT('2D SPACE',''
  ) );
#6165 = ORIENTED_EDGE('',*,*,#6166,.F.);
#6166 = EDGE_CURVE('',#6104,#6146,#6167,.T.);
#6167 = SURFACE_CURVE('',#6168,(#6172,#6178),.PCURVE_S1.);
#6168 = LINE('',#6169,#6170);
#6169 = CARTESIAN_POINT('',(8.95,7.72,1.63));
#6170 = VECTOR('',#6171,1.);
#6171 = DIRECTION('',(0.,0.,-1.));
#6172 = PCURVE('',#5589,#6173);
#6173 = DEFINITIONAL_REPRESENTATION('',(#6174),#6177);
#6174 = B_SPLINE_CURVE_WITH_KNOTS('',1,(#6175,#6176),.UNSPECIFIED.,.F.,
  .F.,(2,2),(-3.68,-1.63),.PIECEWISE_BEZIER_KNOTS.);
#6175 = CARTESIAN_POINT('',(5.31,8.55));
#6176 = CARTESIAN_POINT('',(3.26,8.55));
#6177 = ( GEOMETRIC_REPRESENTATION_CONTEXT(2) 
PARAMETRIC_REPRESENTATION_CONTEXT() REPRESENTATION_CONTEXT('2D SPACE',''
  ) );
#6178 = PCURVE('',#5904,#6179);
#6179 = DEFINITIONAL_REPRESENTATION('',(#6180),#6183);
#6180 = B_SPLINE_CURVE_WITH_KNOTS('',1,(#6181,#6182),.UNSPECIFIED.,.F.,
  .F.,(2,2),(-3.68,-1.63),.PIECEWISE_BEZIER_KNOTS.);
#6181 = CARTESIAN_POINT('',(2.05,-0.31));
#6182 = CARTESIAN_POINT('',(0.,-0.31));
#6183 = ( GEOMETRIC_REPRESENTATION_CONTEXT(2) 
PARAMETRIC_REPRESENTATION_CONTEXT() REPRESENTATION_CONTEXT('2D SPACE',''
  ) );
#6184 = ADVANCED_FACE('',(#6185),#5561,.F.);
#6185 = FACE_BOUND('',#6186,.F.);
#6186 = EDGE_LOOP('',(#6187,#6188,#6189,#6190));
#6187 = ORIENTED_EDGE('',*,*,#5967,.F.);
#6188 = ORIENTED_EDGE('',*,*,#5545,.F.);
#6189 = ORIENTED_EDGE('',*,*,#5630,.T.);
#6190 = ORIENTED_EDGE('',*,*,#6191,.T.);
#6191 = EDGE_CURVE('',#5631,#5968,#6192,.T.);
#6192 = SURFACE_CURVE('',#6193,(#6197,#6204),.PCURVE_S1.);
#6193 = LINE('',#6194,#6195);
#6194 = CARTESIAN_POINT('',(8.05,7.41,0.));
#6195 = VECTOR('',#6196,1.);
#6196 = DIRECTION('',(0.,1.,0.));
#6197 = PCURVE('',#5561,#6198);
#6198 = DEFINITIONAL_REPRESENTATION('',(#6199),#6203);
#6199 = LINE('',#6200,#6201);
#6200 = CARTESIAN_POINT('',(7.65,-1.E-02));
#6201 = VECTOR('',#6202,1.);
#6202 = DIRECTION('',(0.,1.));
#6203 = ( GEOMETRIC_REPRESENTATION_CONTEXT(2) 
PARAMETRIC_REPRESENTATION_CONTEXT() REPRESENTATION_CONTEXT('2D SPACE',''
  ) );
#6204 = PCURVE('',#5798,#6205);
#6205 = DEFINITIONAL_REPRESENTATION('',(#6206),#6210);
#6206 = LINE('',#6207,#6208);
#6207 = CARTESIAN_POINT('',(0.,0.));
#6208 = VECTOR('',#6209,1.);
#6209 = DIRECTION('',(0.,-1.));
#6210 = ( GEOMETRIC_REPRESENTATION_CONTEXT(2) 
PARAMETRIC_REPRESENTATION_CONTEXT() REPRESENTATION_CONTEXT('2D SPACE',''
  ) );
#6211 = ADVANCED_FACE('',(#6212),#5798,.T.);
#6212 = FACE_BOUND('',#6213,.T.);
#6213 = EDGE_LOOP('',(#6214,#6235,#6236,#6237));
#6214 = ORIENTED_EDGE('',*,*,#6215,.F.);
#6215 = EDGE_CURVE('',#5760,#6060,#6216,.T.);
#6216 = SURFACE_CURVE('',#6217,(#6221,#6228),.PCURVE_S1.);
#6217 = LINE('',#6218,#6219);
#6218 = CARTESIAN_POINT('',(8.05,7.41,2.05));
#6219 = VECTOR('',#6220,1.);
#6220 = DIRECTION('',(0.,1.,0.));
#6221 = PCURVE('',#5798,#6222);
#6222 = DEFINITIONAL_REPRESENTATION('',(#6223),#6227);
#6223 = LINE('',#6224,#6225);
#6224 = CARTESIAN_POINT('',(2.05,0.));
#6225 = VECTOR('',#6226,1.);
#6226 = DIRECTION('',(0.,-1.));
#6227 = ( GEOMETRIC_REPRESENTATION_CONTEXT(2) 
PARAMETRIC_REPRESENTATION_CONTEXT() REPRESENTATION_CONTEXT('2D SPACE',''
  ) );
#6228 = PCURVE('',#5774,#6229);
#6229 = DEFINITIONAL_REPRESENTATION('',(#6230),#6234);
#6230 = LINE('',#6231,#6232);
#6231 = CARTESIAN_POINT('',(0.,0.));
#6232 = VECTOR('',#6233,1.);
#6233 = DIRECTION('',(0.,1.));
#6234 = ( GEOMETRIC_REPRESENTATION_CONTEXT(2) 
PARAMETRIC_REPRESENTATION_CONTEXT() REPRESENTATION_CONTEXT('2D SPACE',''
  ) );
#6235 = ORIENTED_EDGE('',*,*,#5785,.T.);
#6236 = ORIENTED_EDGE('',*,*,#6191,.T.);
#6237 = ORIENTED_EDGE('',*,*,#6080,.F.);
#6238 = ADVANCED_FACE('',(#6239),#5774,.F.);
#6239 = FACE_BOUND('',#6240,.F.);
#6240 = EDGE_LOOP('',(#6241,#6242,#6243,#6264));
#6241 = ORIENTED_EDGE('',*,*,#6215,.F.);
#6242 = ORIENTED_EDGE('',*,*,#5759,.T.);
#6243 = ORIENTED_EDGE('',*,*,#6244,.T.);
#6244 = EDGE_CURVE('',#5734,#6039,#6245,.T.);
#6245 = SURFACE_CURVE('',#6246,(#6250,#6257),.PCURVE_S1.);
#6246 = LINE('',#6247,#6248);
#6247 = CARTESIAN_POINT('',(8.95,7.41,2.05));
#6248 = VECTOR('',#6249,1.);
#6249 = DIRECTION('',(0.,1.,0.));
#6250 = PCURVE('',#5774,#6251);
#6251 = DEFINITIONAL_REPRESENTATION('',(#6252),#6256);
#6252 = LINE('',#6253,#6254);
#6253 = CARTESIAN_POINT('',(0.9,0.));
#6254 = VECTOR('',#6255,1.);
#6255 = DIRECTION('',(0.,1.));
#6256 = ( GEOMETRIC_REPRESENTATION_CONTEXT(2) 
PARAMETRIC_REPRESENTATION_CONTEXT() REPRESENTATION_CONTEXT('2D SPACE',''
  ) );
#6257 = PCURVE('',#5748,#6258);
#6258 = DEFINITIONAL_REPRESENTATION('',(#6259),#6263);
#6259 = LINE('',#6260,#6261);
#6260 = CARTESIAN_POINT('',(2.05,0.));
#6261 = VECTOR('',#6262,1.);
#6262 = DIRECTION('',(0.,-1.));
#6263 = ( GEOMETRIC_REPRESENTATION_CONTEXT(2) 
PARAMETRIC_REPRESENTATION_CONTEXT() REPRESENTATION_CONTEXT('2D SPACE',''
  ) );
#6264 = ORIENTED_EDGE('',*,*,#6059,.F.);
#6265 = ADVANCED_FACE('',(#6266),#5693,.T.);
#6266 = FACE_BOUND('',#6267,.T.);
#6267 = EDGE_LOOP('',(#6268,#6269,#6290,#6291));
#6268 = ORIENTED_EDGE('',*,*,#5677,.F.);
#6269 = ORIENTED_EDGE('',*,*,#6270,.T.);
#6270 = EDGE_CURVE('',#5678,#5993,#6271,.T.);
#6271 = SURFACE_CURVE('',#6272,(#6276,#6283),.PCURVE_S1.);
#6272 = LINE('',#6273,#6274);
#6273 = CARTESIAN_POINT('',(9.15,7.42,0.));
#6274 = VECTOR('',#6275,1.);
#6275 = DIRECTION('',(0.,1.,0.));
#6276 = PCURVE('',#5693,#6277);
#6277 = DEFINITIONAL_REPRESENTATION('',(#6278),#6282);
#6278 = LINE('',#6279,#6280);
#6279 = CARTESIAN_POINT('',(0.,0.));
#6280 = VECTOR('',#6281,1.);
#6281 = DIRECTION('',(0.,-1.));
#6282 = ( GEOMETRIC_REPRESENTATION_CONTEXT(2) 
PARAMETRIC_REPRESENTATION_CONTEXT() REPRESENTATION_CONTEXT('2D SPACE',''
  ) );
#6283 = PCURVE('',#5721,#6284);
#6284 = DEFINITIONAL_REPRESENTATION('',(#6285),#6289);
#6285 = LINE('',#6286,#6287);
#6286 = CARTESIAN_POINT('',(8.75,0.));
#6287 = VECTOR('',#6288,1.);
#6288 = DIRECTION('',(0.,1.));
#6289 = ( GEOMETRIC_REPRESENTATION_CONTEXT(2) 
PARAMETRIC_REPRESENTATION_CONTEXT() REPRESENTATION_CONTEXT('2D SPACE',''
  ) );
#6290 = ORIENTED_EDGE('',*,*,#5992,.T.);
#6291 = ORIENTED_EDGE('',*,*,#5920,.F.);
#6292 = ADVANCED_FACE('',(#6293),#5748,.F.);
#6293 = FACE_BOUND('',#6294,.F.);
#6294 = EDGE_LOOP('',(#6295,#6296,#6297,#6318));
#6295 = ORIENTED_EDGE('',*,*,#6244,.F.);
#6296 = ORIENTED_EDGE('',*,*,#5733,.T.);
#6297 = ORIENTED_EDGE('',*,*,#6298,.T.);
#6298 = EDGE_CURVE('',#5706,#6016,#6299,.T.);
#6299 = SURFACE_CURVE('',#6300,(#6304,#6311),.PCURVE_S1.);
#6300 = LINE('',#6301,#6302);
#6301 = CARTESIAN_POINT('',(8.95,7.41,0.));
#6302 = VECTOR('',#6303,1.);
#6303 = DIRECTION('',(0.,1.,0.));
#6304 = PCURVE('',#5748,#6305);
#6305 = DEFINITIONAL_REPRESENTATION('',(#6306),#6310);
#6306 = LINE('',#6307,#6308);
#6307 = CARTESIAN_POINT('',(0.,0.));
#6308 = VECTOR('',#6309,1.);
#6309 = DIRECTION('',(0.,-1.));
#6310 = ( GEOMETRIC_REPRESENTATION_CONTEXT(2) 
PARAMETRIC_REPRESENTATION_CONTEXT() REPRESENTATION_CONTEXT('2D SPACE',''
  ) );
#6311 = PCURVE('',#5721,#6312);
#6312 = DEFINITIONAL_REPRESENTATION('',(#6313),#6317);
#6313 = LINE('',#6314,#6315);
#6314 = CARTESIAN_POINT('',(8.55,-1.E-02));
#6315 = VECTOR('',#6316,1.);
#6316 = DIRECTION('',(0.,1.));
#6317 = ( GEOMETRIC_REPRESENTATION_CONTEXT(2) 
PARAMETRIC_REPRESENTATION_CONTEXT() REPRESENTATION_CONTEXT('2D SPACE',''
  ) );
#6318 = ORIENTED_EDGE('',*,*,#6038,.F.);
#6319 = ADVANCED_FACE('',(#6320),#5721,.F.);
#6320 = FACE_BOUND('',#6321,.F.);
#6321 = EDGE_LOOP('',(#6322,#6323,#6324,#6325));
#6322 = ORIENTED_EDGE('',*,*,#6015,.F.);
#6323 = ORIENTED_EDGE('',*,*,#6298,.F.);
#6324 = ORIENTED_EDGE('',*,*,#5705,.T.);
#6325 = ORIENTED_EDGE('',*,*,#6270,.T.);
#6326 = ADVANCED_FACE('',(#6327),#5828,.F.);
#6327 = FACE_BOUND('',#6328,.F.);
#6328 = EDGE_LOOP('',(#6329,#6350,#6351,#6372));
#6329 = ORIENTED_EDGE('',*,*,#6330,.F.);
#6330 = EDGE_CURVE('',#5812,#6102,#6331,.T.);
#6331 = SURFACE_CURVE('',#6332,(#6336,#6343),.PCURVE_S1.);
#6332 = LINE('',#6333,#6334);
#6333 = CARTESIAN_POINT('',(8.05,7.41,5.31));
#6334 = VECTOR('',#6335,1.);
#6335 = DIRECTION('',(0.,1.,0.));
#6336 = PCURVE('',#5828,#6337);
#6337 = DEFINITIONAL_REPRESENTATION('',(#6338),#6342);
#6338 = LINE('',#6339,#6340);
#6339 = CARTESIAN_POINT('',(0.,0.));
#6340 = VECTOR('',#6341,1.);
#6341 = DIRECTION('',(0.,1.));
#6342 = ( GEOMETRIC_REPRESENTATION_CONTEXT(2) 
PARAMETRIC_REPRESENTATION_CONTEXT() REPRESENTATION_CONTEXT('2D SPACE',''
  ) );
#6343 = PCURVE('',#5854,#6344);
#6344 = DEFINITIONAL_REPRESENTATION('',(#6345),#6349);
#6345 = LINE('',#6346,#6347);
#6346 = CARTESIAN_POINT('',(2.05,0.));
#6347 = VECTOR('',#6348,1.);
#6348 = DIRECTION('',(0.,-1.));
#6349 = ( GEOMETRIC_REPRESENTATION_CONTEXT(2) 
PARAMETRIC_REPRESENTATION_CONTEXT() REPRESENTATION_CONTEXT('2D SPACE',''
  ) );
#6350 = ORIENTED_EDGE('',*,*,#5811,.T.);
#6351 = ORIENTED_EDGE('',*,*,#6352,.T.);
#6352 = EDGE_CURVE('',#5814,#6104,#6353,.T.);
#6353 = SURFACE_CURVE('',#6354,(#6358,#6365),.PCURVE_S1.);
#6354 = LINE('',#6355,#6356);
#6355 = CARTESIAN_POINT('',(8.95,7.41,5.31));
#6356 = VECTOR('',#6357,1.);
#6357 = DIRECTION('',(0.,1.,0.));
#6358 = PCURVE('',#5828,#6359);
#6359 = DEFINITIONAL_REPRESENTATION('',(#6360),#6364);
#6360 = LINE('',#6361,#6362);
#6361 = CARTESIAN_POINT('',(0.9,0.));
#6362 = VECTOR('',#6363,1.);
#6363 = DIRECTION('',(0.,1.));
#6364 = ( GEOMETRIC_REPRESENTATION_CONTEXT(2) 
PARAMETRIC_REPRESENTATION_CONTEXT() REPRESENTATION_CONTEXT('2D SPACE',''
  ) );
#6365 = PCURVE('',#5904,#6366);
#6366 = DEFINITIONAL_REPRESENTATION('',(#6367),#6371);
#6367 = LINE('',#6368,#6369);
#6368 = CARTESIAN_POINT('',(2.05,0.));
#6369 = VECTOR('',#6370,1.);
#6370 = DIRECTION('',(0.,-1.));
#6371 = ( GEOMETRIC_REPRESENTATION_CONTEXT(2) 
PARAMETRIC_REPRESENTATION_CONTEXT() REPRESENTATION_CONTEXT('2D SPACE',''
  ) );
#6372 = ORIENTED_EDGE('',*,*,#6101,.F.);
#6373 = ADVANCED_FACE('',(#6374),#5904,.F.);
#6374 = FACE_BOUND('',#6375,.F.);
#6375 = EDGE_LOOP('',(#6376,#6377,#6378,#6399));
#6376 = ORIENTED_EDGE('',*,*,#6352,.F.);
#6377 = ORIENTED_EDGE('',*,*,#5891,.T.);
#6378 = ORIENTED_EDGE('',*,*,#6379,.T.);
#6379 = EDGE_CURVE('',#5866,#6146,#6380,.T.);
#6380 = SURFACE_CURVE('',#6381,(#6385,#6392),.PCURVE_S1.);
#6381 = LINE('',#6382,#6383);
#6382 = CARTESIAN_POINT('',(8.95,7.41,3.26));
#6383 = VECTOR('',#6384,1.);
#6384 = DIRECTION('',(0.,1.,0.));
#6385 = PCURVE('',#5904,#6386);
#6386 = DEFINITIONAL_REPRESENTATION('',(#6387),#6391);
#6387 = LINE('',#6388,#6389);
#6388 = CARTESIAN_POINT('',(0.,0.));
#6389 = VECTOR('',#6390,1.);
#6390 = DIRECTION('',(0.,-1.));
#6391 = ( GEOMETRIC_REPRESENTATION_CONTEXT(2) 
PARAMETRIC_REPRESENTATION_CONTEXT() REPRESENTATION_CONTEXT('2D SPACE',''
  ) );
#6392 = PCURVE('',#5880,#6393);
#6393 = DEFINITIONAL_REPRESENTATION('',(#6394),#6398);
#6394 = LINE('',#6395,#6396);
#6395 = CARTESIAN_POINT('',(0.9,0.));
#6396 = VECTOR('',#6397,1.);
#6397 = DIRECTION('',(0.,1.));
#6398 = ( GEOMETRIC_REPRESENTATION_CONTEXT(2) 
PARAMETRIC_REPRESENTATION_CONTEXT() REPRESENTATION_CONTEXT('2D SPACE',''
  ) );
#6399 = ORIENTED_EDGE('',*,*,#6166,.F.);
#6400 = ADVANCED_FACE('',(#6401),#5880,.T.);
#6401 = FACE_BOUND('',#6402,.T.);
#6402 = EDGE_LOOP('',(#6403,#6424,#6425,#6426));
#6403 = ORIENTED_EDGE('',*,*,#6404,.F.);
#6404 = EDGE_CURVE('',#5840,#6125,#6405,.T.);
#6405 = SURFACE_CURVE('',#6406,(#6410,#6417),.PCURVE_S1.);
#6406 = LINE('',#6407,#6408);
#6407 = CARTESIAN_POINT('',(8.05,7.41,3.26));
#6408 = VECTOR('',#6409,1.);
#6409 = DIRECTION('',(0.,1.,0.));
#6410 = PCURVE('',#5880,#6411);
#6411 = DEFINITIONAL_REPRESENTATION('',(#6412),#6416);
#6412 = LINE('',#6413,#6414);
#6413 = CARTESIAN_POINT('',(0.,0.));
#6414 = VECTOR('',#6415,1.);
#6415 = DIRECTION('',(0.,1.));
#6416 = ( GEOMETRIC_REPRESENTATION_CONTEXT(2) 
PARAMETRIC_REPRESENTATION_CONTEXT() REPRESENTATION_CONTEXT('2D SPACE',''
  ) );
#6417 = PCURVE('',#5854,#6418);
#6418 = DEFINITIONAL_REPRESENTATION('',(#6419),#6423);
#6419 = LINE('',#6420,#6421);
#6420 = CARTESIAN_POINT('',(0.,0.));
#6421 = VECTOR('',#6422,1.);
#6422 = DIRECTION('',(0.,-1.));
#6423 = ( GEOMETRIC_REPRESENTATION_CONTEXT(2) 
PARAMETRIC_REPRESENTATION_CONTEXT() REPRESENTATION_CONTEXT('2D SPACE',''
  ) );
#6424 = ORIENTED_EDGE('',*,*,#5865,.T.);
#6425 = ORIENTED_EDGE('',*,*,#6379,.T.);
#6426 = ORIENTED_EDGE('',*,*,#6145,.F.);
#6427 = ADVANCED_FACE('',(#6428),#5854,.T.);
#6428 = FACE_BOUND('',#6429,.T.);
#6429 = EDGE_LOOP('',(#6430,#6431,#6432,#6433));
#6430 = ORIENTED_EDGE('',*,*,#6330,.F.);
#6431 = ORIENTED_EDGE('',*,*,#5839,.T.);
#6432 = ORIENTED_EDGE('',*,*,#6404,.T.);
#6433 = ORIENTED_EDGE('',*,*,#6124,.F.);
#6434 = ( GEOMETRIC_REPRESENTATION_CONTEXT(3) 
GLOBAL_UNCERTAINTY_ASSIGNED_CONTEXT((#6438)) 
GLOBAL_UNIT_ASSIGNED_CONTEXT((#6435,#6436,#6437)) REPRESENTATION_CONTEXT
('Context #1','3D Context with UNIT and UNCERTAINTY') );
#6435 = ( LENGTH_UNIT() NAMED_UNIT(*) SI_UNIT(.MILLI.,.METRE.) );
#6436 = ( NAMED_UNIT(*) PLANE_ANGLE_UNIT() SI_UNIT($,.RADIAN.) );
#6437 = ( NAMED_UNIT(*) SI_UNIT($,.STERADIAN.) SOLID_ANGLE_UNIT() );
#6438 = UNCERTAINTY_MEASURE_WITH_UNIT(LENGTH_MEASURE(1.E-07),#6435,
  'distance_accuracy_value','confusion accuracy');
#6439 = CONTEXT_DEPENDENT_SHAPE_REPRESENTATION(#6440,#6442);
#6440 = ( REPRESENTATION_RELATIONSHIP('','',#5503,#10) 
REPRESENTATION_RELATIONSHIP_WITH_TRANSFORMATION(#6441) 
SHAPE_REPRESENTATION_RELATIONSHIP() );
#6441 = ITEM_DEFINED_TRANSFORMATION('','',#11,#27);
#6442 = PRODUCT_DEFINITION_SHAPE('Placement','Placement of an item',
  #6443);
#6443 = NEXT_ASSEMBLY_USAGE_OCCURRENCE('4','MURO_CENTRAL','',#5,#5498,$
  );
#6444 = PRODUCT_RELATED_PRODUCT_CATEGORY('part',$,(#5500));
#6445 = SHAPE_DEFINITION_REPRESENTATION(#6446,#6452);
#6446 = PRODUCT_DEFINITION_SHAPE('','',#6447);
#6447 = PRODUCT_DEFINITION('design','',#6448,#6451);
#6448 = PRODUCT_DEFINITION_FORMATION('','',#6449);
#6449 = PRODUCT('murete_pasillo','murete_pasillo','',(#6450));
#6450 = PRODUCT_CONTEXT('',#2,'mechanical');
#6451 = PRODUCT_DEFINITION_CONTEXT('part definition',#2,'design');
#6452 = ADVANCED_BREP_SHAPE_REPRESENTATION('',(#11,#6453),#6783);
#6453 = MANIFOLD_SOLID_BREP('',#6454);
#6454 = CLOSED_SHELL('',(#6455,#6575,#6675,#6722,#6769,#6776));
#6455 = ADVANCED_FACE('',(#6456),#6470,.F.);
#6456 = FACE_BOUND('',#6457,.F.);
#6457 = EDGE_LOOP('',(#6458,#6493,#6521,#6549));
#6458 = ORIENTED_EDGE('',*,*,#6459,.F.);
#6459 = EDGE_CURVE('',#6460,#6462,#6464,.T.);
#6460 = VERTEX_POINT('',#6461);
#6461 = CARTESIAN_POINT('',(7.75,0.4,0.));
#6462 = VERTEX_POINT('',#6463);
#6463 = CARTESIAN_POINT('',(7.75,0.4,1.));
#6464 = SURFACE_CURVE('',#6465,(#6469,#6481),.PCURVE_S1.);
#6465 = LINE('',#6466,#6467);
#6466 = CARTESIAN_POINT('',(7.75,0.4,0.));
#6467 = VECTOR('',#6468,1.);
#6468 = DIRECTION('',(0.,0.,1.));
#6469 = PCURVE('',#6470,#6475);
#6470 = PLANE('',#6471);
#6471 = AXIS2_PLACEMENT_3D('',#6472,#6473,#6474);
#6472 = CARTESIAN_POINT('',(7.75,0.4,0.));
#6473 = DIRECTION('',(1.,0.,0.));
#6474 = DIRECTION('',(0.,0.,1.));
#6475 = DEFINITIONAL_REPRESENTATION('',(#6476),#6480);
#6476 = LINE('',#6477,#6478);
#6477 = CARTESIAN_POINT('',(0.,0.));
#6478 = VECTOR('',#6479,1.);
#6479 = DIRECTION('',(1.,0.));
#6480 = ( GEOMETRIC_REPRESENTATION_CONTEXT(2) 
PARAMETRIC_REPRESENTATION_CONTEXT() REPRESENTATION_CONTEXT('2D SPACE',''
  ) );
#6481 = PCURVE('',#6482,#6487);
#6482 = PLANE('',#6483);
#6483 = AXIS2_PLACEMENT_3D('',#6484,#6485,#6486);
#6484 = CARTESIAN_POINT('',(7.75,0.4,0.));
#6485 = DIRECTION('',(0.,1.,0.));
#6486 = DIRECTION('',(0.,0.,1.));
#6487 = DEFINITIONAL_REPRESENTATION('',(#6488),#6492);
#6488 = LINE('',#6489,#6490);
#6489 = CARTESIAN_POINT('',(0.,0.));
#6490 = VECTOR('',#6491,1.);
#6491 = DIRECTION('',(1.,0.));
#6492 = ( GEOMETRIC_REPRESENTATION_CONTEXT(2) 
PARAMETRIC_REPRESENTATION_CONTEXT() REPRESENTATION_CONTEXT('2D SPACE',''
  ) );
#6493 = ORIENTED_EDGE('',*,*,#6494,.T.);
#6494 = EDGE_CURVE('',#6460,#6495,#6497,.T.);
#6495 = VERTEX_POINT('',#6496);
#6496 = CARTESIAN_POINT('',(7.75,7.42,0.));
#6497 = SURFACE_CURVE('',#6498,(#6502,#6509),.PCURVE_S1.);
#6498 = LINE('',#6499,#6500);
#6499 = CARTESIAN_POINT('',(7.75,0.4,0.));
#6500 = VECTOR('',#6501,1.);
#6501 = DIRECTION('',(0.,1.,0.));
#6502 = PCURVE('',#6470,#6503);
#6503 = DEFINITIONAL_REPRESENTATION('',(#6504),#6508);
#6504 = LINE('',#6505,#6506);
#6505 = CARTESIAN_POINT('',(0.,0.));
#6506 = VECTOR('',#6507,1.);
#6507 = DIRECTION('',(0.,-1.));
#6508 = ( GEOMETRIC_REPRESENTATION_CONTEXT(2) 
PARAMETRIC_REPRESENTATION_CONTEXT() REPRESENTATION_CONTEXT('2D SPACE',''
  ) );
#6509 = PCURVE('',#6510,#6515);
#6510 = PLANE('',#6511);
#6511 = AXIS2_PLACEMENT_3D('',#6512,#6513,#6514);
#6512 = CARTESIAN_POINT('',(7.75,0.4,0.));
#6513 = DIRECTION('',(0.,0.,1.));
#6514 = DIRECTION('',(1.,0.,0.));
#6515 = DEFINITIONAL_REPRESENTATION('',(#6516),#6520);
#6516 = LINE('',#6517,#6518);
#6517 = CARTESIAN_POINT('',(0.,0.));
#6518 = VECTOR('',#6519,1.);
#6519 = DIRECTION('',(0.,1.));
#6520 = ( GEOMETRIC_REPRESENTATION_CONTEXT(2) 
PARAMETRIC_REPRESENTATION_CONTEXT() REPRESENTATION_CONTEXT('2D SPACE',''
  ) );
#6521 = ORIENTED_EDGE('',*,*,#6522,.T.);
#6522 = EDGE_CURVE('',#6495,#6523,#6525,.T.);
#6523 = VERTEX_POINT('',#6524);
#6524 = CARTESIAN_POINT('',(7.75,7.42,1.));
#6525 = SURFACE_CURVE('',#6526,(#6530,#6537),.PCURVE_S1.);
#6526 = LINE('',#6527,#6528);
#6527 = CARTESIAN_POINT('',(7.75,7.42,0.));
#6528 = VECTOR('',#6529,1.);
#6529 = DIRECTION('',(0.,0.,1.));
#6530 = PCURVE('',#6470,#6531);
#6531 = DEFINITIONAL_REPRESENTATION('',(#6532),#6536);
#6532 = LINE('',#6533,#6534);
#6533 = CARTESIAN_POINT('',(0.,-7.02));
#6534 = VECTOR('',#6535,1.);
#6535 = DIRECTION('',(1.,0.));
#6536 = ( GEOMETRIC_REPRESENTATION_CONTEXT(2) 
PARAMETRIC_REPRESENTATION_CONTEXT() REPRESENTATION_CONTEXT('2D SPACE',''
  ) );
#6537 = PCURVE('',#6538,#6543);
#6538 = PLANE('',#6539);
#6539 = AXIS2_PLACEMENT_3D('',#6540,#6541,#6542);
#6540 = CARTESIAN_POINT('',(7.75,7.42,0.));
#6541 = DIRECTION('',(0.,1.,0.));
#6542 = DIRECTION('',(0.,0.,1.));
#6543 = DEFINITIONAL_REPRESENTATION('',(#6544),#6548);
#6544 = LINE('',#6545,#6546);
#6545 = CARTESIAN_POINT('',(0.,0.));
#6546 = VECTOR('',#6547,1.);
#6547 = DIRECTION('',(1.,0.));
#6548 = ( GEOMETRIC_REPRESENTATION_CONTEXT(2) 
PARAMETRIC_REPRESENTATION_CONTEXT() REPRESENTATION_CONTEXT('2D SPACE',''
  ) );
#6549 = ORIENTED_EDGE('',*,*,#6550,.F.);
#6550 = EDGE_CURVE('',#6462,#6523,#6551,.T.);
#6551 = SURFACE_CURVE('',#6552,(#6556,#6563),.PCURVE_S1.);
#6552 = LINE('',#6553,#6554);
#6553 = CARTESIAN_POINT('',(7.75,0.4,1.));
#6554 = VECTOR('',#6555,1.);
#6555 = DIRECTION('',(0.,1.,0.));
#6556 = PCURVE('',#6470,#6557);
#6557 = DEFINITIONAL_REPRESENTATION('',(#6558),#6562);
#6558 = LINE('',#6559,#6560);
#6559 = CARTESIAN_POINT('',(1.,0.));
#6560 = VECTOR('',#6561,1.);
#6561 = DIRECTION('',(0.,-1.));
#6562 = ( GEOMETRIC_REPRESENTATION_CONTEXT(2) 
PARAMETRIC_REPRESENTATION_CONTEXT() REPRESENTATION_CONTEXT('2D SPACE',''
  ) );
#6563 = PCURVE('',#6564,#6569);
#6564 = PLANE('',#6565);
#6565 = AXIS2_PLACEMENT_3D('',#6566,#6567,#6568);
#6566 = CARTESIAN_POINT('',(7.75,0.4,1.));
#6567 = DIRECTION('',(0.,0.,1.));
#6568 = DIRECTION('',(1.,0.,0.));
#6569 = DEFINITIONAL_REPRESENTATION('',(#6570),#6574);
#6570 = LINE('',#6571,#6572);
#6571 = CARTESIAN_POINT('',(0.,0.));
#6572 = VECTOR('',#6573,1.);
#6573 = DIRECTION('',(0.,1.));
#6574 = ( GEOMETRIC_REPRESENTATION_CONTEXT(2) 
PARAMETRIC_REPRESENTATION_CONTEXT() REPRESENTATION_CONTEXT('2D SPACE',''
  ) );
#6575 = ADVANCED_FACE('',(#6576),#6590,.T.);
#6576 = FACE_BOUND('',#6577,.T.);
#6577 = EDGE_LOOP('',(#6578,#6608,#6631,#6654));
#6578 = ORIENTED_EDGE('',*,*,#6579,.F.);
#6579 = EDGE_CURVE('',#6580,#6582,#6584,.T.);
#6580 = VERTEX_POINT('',#6581);
#6581 = CARTESIAN_POINT('',(7.85,0.4,0.));
#6582 = VERTEX_POINT('',#6583);
#6583 = CARTESIAN_POINT('',(7.85,0.4,1.));
#6584 = SURFACE_CURVE('',#6585,(#6589,#6601),.PCURVE_S1.);
#6585 = LINE('',#6586,#6587);
#6586 = CARTESIAN_POINT('',(7.85,0.4,0.));
#6587 = VECTOR('',#6588,1.);
#6588 = DIRECTION('',(0.,0.,1.));
#6589 = PCURVE('',#6590,#6595);
#6590 = PLANE('',#6591);
#6591 = AXIS2_PLACEMENT_3D('',#6592,#6593,#6594);
#6592 = CARTESIAN_POINT('',(7.85,0.4,0.));
#6593 = DIRECTION('',(1.,0.,0.));
#6594 = DIRECTION('',(0.,0.,1.));
#6595 = DEFINITIONAL_REPRESENTATION('',(#6596),#6600);
#6596 = LINE('',#6597,#6598);
#6597 = CARTESIAN_POINT('',(0.,0.));
#6598 = VECTOR('',#6599,1.);
#6599 = DIRECTION('',(1.,0.));
#6600 = ( GEOMETRIC_REPRESENTATION_CONTEXT(2) 
PARAMETRIC_REPRESENTATION_CONTEXT() REPRESENTATION_CONTEXT('2D SPACE',''
  ) );
#6601 = PCURVE('',#6482,#6602);
#6602 = DEFINITIONAL_REPRESENTATION('',(#6603),#6607);
#6603 = LINE('',#6604,#6605);
#6604 = CARTESIAN_POINT('',(0.,1.E-01));
#6605 = VECTOR('',#6606,1.);
#6606 = DIRECTION('',(1.,0.));
#6607 = ( GEOMETRIC_REPRESENTATION_CONTEXT(2) 
PARAMETRIC_REPRESENTATION_CONTEXT() REPRESENTATION_CONTEXT('2D SPACE',''
  ) );
#6608 = ORIENTED_EDGE('',*,*,#6609,.T.);
#6609 = EDGE_CURVE('',#6580,#6610,#6612,.T.);
#6610 = VERTEX_POINT('',#6611);
#6611 = CARTESIAN_POINT('',(7.85,7.42,0.));
#6612 = SURFACE_CURVE('',#6613,(#6617,#6624),.PCURVE_S1.);
#6613 = LINE('',#6614,#6615);
#6614 = CARTESIAN_POINT('',(7.85,0.4,0.));
#6615 = VECTOR('',#6616,1.);
#6616 = DIRECTION('',(0.,1.,0.));
#6617 = PCURVE('',#6590,#6618);
#6618 = DEFINITIONAL_REPRESENTATION('',(#6619),#6623);
#6619 = LINE('',#6620,#6621);
#6620 = CARTESIAN_POINT('',(0.,0.));
#6621 = VECTOR('',#6622,1.);
#6622 = DIRECTION('',(0.,-1.));
#6623 = ( GEOMETRIC_REPRESENTATION_CONTEXT(2) 
PARAMETRIC_REPRESENTATION_CONTEXT() REPRESENTATION_CONTEXT('2D SPACE',''
  ) );
#6624 = PCURVE('',#6510,#6625);
#6625 = DEFINITIONAL_REPRESENTATION('',(#6626),#6630);
#6626 = LINE('',#6627,#6628);
#6627 = CARTESIAN_POINT('',(1.E-01,0.));
#6628 = VECTOR('',#6629,1.);
#6629 = DIRECTION('',(0.,1.));
#6630 = ( GEOMETRIC_REPRESENTATION_CONTEXT(2) 
PARAMETRIC_REPRESENTATION_CONTEXT() REPRESENTATION_CONTEXT('2D SPACE',''
  ) );
#6631 = ORIENTED_EDGE('',*,*,#6632,.T.);
#6632 = EDGE_CURVE('',#6610,#6633,#6635,.T.);
#6633 = VERTEX_POINT('',#6634);
#6634 = CARTESIAN_POINT('',(7.85,7.42,1.));
#6635 = SURFACE_CURVE('',#6636,(#6640,#6647),.PCURVE_S1.);
#6636 = LINE('',#6637,#6638);
#6637 = CARTESIAN_POINT('',(7.85,7.42,0.));
#6638 = VECTOR('',#6639,1.);
#6639 = DIRECTION('',(0.,0.,1.));
#6640 = PCURVE('',#6590,#6641);
#6641 = DEFINITIONAL_REPRESENTATION('',(#6642),#6646);
#6642 = LINE('',#6643,#6644);
#6643 = CARTESIAN_POINT('',(0.,-7.02));
#6644 = VECTOR('',#6645,1.);
#6645 = DIRECTION('',(1.,0.));
#6646 = ( GEOMETRIC_REPRESENTATION_CONTEXT(2) 
PARAMETRIC_REPRESENTATION_CONTEXT() REPRESENTATION_CONTEXT('2D SPACE',''
  ) );
#6647 = PCURVE('',#6538,#6648);
#6648 = DEFINITIONAL_REPRESENTATION('',(#6649),#6653);
#6649 = LINE('',#6650,#6651);
#6650 = CARTESIAN_POINT('',(0.,1.E-01));
#6651 = VECTOR('',#6652,1.);
#6652 = DIRECTION('',(1.,0.));
#6653 = ( GEOMETRIC_REPRESENTATION_CONTEXT(2) 
PARAMETRIC_REPRESENTATION_CONTEXT() REPRESENTATION_CONTEXT('2D SPACE',''
  ) );
#6654 = ORIENTED_EDGE('',*,*,#6655,.F.);
#6655 = EDGE_CURVE('',#6582,#6633,#6656,.T.);
#6656 = SURFACE_CURVE('',#6657,(#6661,#6668),.PCURVE_S1.);
#6657 = LINE('',#6658,#6659);
#6658 = CARTESIAN_POINT('',(7.85,0.4,1.));
#6659 = VECTOR('',#6660,1.);
#6660 = DIRECTION('',(0.,1.,0.));
#6661 = PCURVE('',#6590,#6662);
#6662 = DEFINITIONAL_REPRESENTATION('',(#6663),#6667);
#6663 = LINE('',#6664,#6665);
#6664 = CARTESIAN_POINT('',(1.,0.));
#6665 = VECTOR('',#6666,1.);
#6666 = DIRECTION('',(0.,-1.));
#6667 = ( GEOMETRIC_REPRESENTATION_CONTEXT(2) 
PARAMETRIC_REPRESENTATION_CONTEXT() REPRESENTATION_CONTEXT('2D SPACE',''
  ) );
#6668 = PCURVE('',#6564,#6669);
#6669 = DEFINITIONAL_REPRESENTATION('',(#6670),#6674);
#6670 = LINE('',#6671,#6672);
#6671 = CARTESIAN_POINT('',(1.E-01,0.));
#6672 = VECTOR('',#6673,1.);
#6673 = DIRECTION('',(0.,1.));
#6674 = ( GEOMETRIC_REPRESENTATION_CONTEXT(2) 
PARAMETRIC_REPRESENTATION_CONTEXT() REPRESENTATION_CONTEXT('2D SPACE',''
  ) );
#6675 = ADVANCED_FACE('',(#6676),#6482,.F.);
#6676 = FACE_BOUND('',#6677,.F.);
#6677 = EDGE_LOOP('',(#6678,#6699,#6700,#6721));
#6678 = ORIENTED_EDGE('',*,*,#6679,.F.);
#6679 = EDGE_CURVE('',#6460,#6580,#6680,.T.);
#6680 = SURFACE_CURVE('',#6681,(#6685,#6692),.PCURVE_S1.);
#6681 = LINE('',#6682,#6683);
#6682 = CARTESIAN_POINT('',(7.75,0.4,0.));
#6683 = VECTOR('',#6684,1.);
#6684 = DIRECTION('',(1.,0.,0.));
#6685 = PCURVE('',#6482,#6686);
#6686 = DEFINITIONAL_REPRESENTATION('',(#6687),#6691);
#6687 = LINE('',#6688,#6689);
#6688 = CARTESIAN_POINT('',(0.,0.));
#6689 = VECTOR('',#6690,1.);
#6690 = DIRECTION('',(0.,1.));
#6691 = ( GEOMETRIC_REPRESENTATION_CONTEXT(2) 
PARAMETRIC_REPRESENTATION_CONTEXT() REPRESENTATION_CONTEXT('2D SPACE',''
  ) );
#6692 = PCURVE('',#6510,#6693);
#6693 = DEFINITIONAL_REPRESENTATION('',(#6694),#6698);
#6694 = LINE('',#6695,#6696);
#6695 = CARTESIAN_POINT('',(0.,0.));
#6696 = VECTOR('',#6697,1.);
#6697 = DIRECTION('',(1.,0.));
#6698 = ( GEOMETRIC_REPRESENTATION_CONTEXT(2) 
PARAMETRIC_REPRESENTATION_CONTEXT() REPRESENTATION_CONTEXT('2D SPACE',''
  ) );
#6699 = ORIENTED_EDGE('',*,*,#6459,.T.);
#6700 = ORIENTED_EDGE('',*,*,#6701,.T.);
#6701 = EDGE_CURVE('',#6462,#6582,#6702,.T.);
#6702 = SURFACE_CURVE('',#6703,(#6707,#6714),.PCURVE_S1.);
#6703 = LINE('',#6704,#6705);
#6704 = CARTESIAN_POINT('',(7.75,0.4,1.));
#6705 = VECTOR('',#6706,1.);
#6706 = DIRECTION('',(1.,0.,0.));
#6707 = PCURVE('',#6482,#6708);
#6708 = DEFINITIONAL_REPRESENTATION('',(#6709),#6713);
#6709 = LINE('',#6710,#6711);
#6710 = CARTESIAN_POINT('',(1.,0.));
#6711 = VECTOR('',#6712,1.);
#6712 = DIRECTION('',(0.,1.));
#6713 = ( GEOMETRIC_REPRESENTATION_CONTEXT(2) 
PARAMETRIC_REPRESENTATION_CONTEXT() REPRESENTATION_CONTEXT('2D SPACE',''
  ) );
#6714 = PCURVE('',#6564,#6715);
#6715 = DEFINITIONAL_REPRESENTATION('',(#6716),#6720);
#6716 = LINE('',#6717,#6718);
#6717 = CARTESIAN_POINT('',(0.,0.));
#6718 = VECTOR('',#6719,1.);
#6719 = DIRECTION('',(1.,0.));
#6720 = ( GEOMETRIC_REPRESENTATION_CONTEXT(2) 
PARAMETRIC_REPRESENTATION_CONTEXT() REPRESENTATION_CONTEXT('2D SPACE',''
  ) );
#6721 = ORIENTED_EDGE('',*,*,#6579,.F.);
#6722 = ADVANCED_FACE('',(#6723),#6538,.T.);
#6723 = FACE_BOUND('',#6724,.T.);
#6724 = EDGE_LOOP('',(#6725,#6746,#6747,#6768));
#6725 = ORIENTED_EDGE('',*,*,#6726,.F.);
#6726 = EDGE_CURVE('',#6495,#6610,#6727,.T.);
#6727 = SURFACE_CURVE('',#6728,(#6732,#6739),.PCURVE_S1.);
#6728 = LINE('',#6729,#6730);
#6729 = CARTESIAN_POINT('',(7.75,7.42,0.));
#6730 = VECTOR('',#6731,1.);
#6731 = DIRECTION('',(1.,0.,0.));
#6732 = PCURVE('',#6538,#6733);
#6733 = DEFINITIONAL_REPRESENTATION('',(#6734),#6738);
#6734 = LINE('',#6735,#6736);
#6735 = CARTESIAN_POINT('',(0.,0.));
#6736 = VECTOR('',#6737,1.);
#6737 = DIRECTION('',(0.,1.));
#6738 = ( GEOMETRIC_REPRESENTATION_CONTEXT(2) 
PARAMETRIC_REPRESENTATION_CONTEXT() REPRESENTATION_CONTEXT('2D SPACE',''
  ) );
#6739 = PCURVE('',#6510,#6740);
#6740 = DEFINITIONAL_REPRESENTATION('',(#6741),#6745);
#6741 = LINE('',#6742,#6743);
#6742 = CARTESIAN_POINT('',(0.,7.02));
#6743 = VECTOR('',#6744,1.);
#6744 = DIRECTION('',(1.,0.));
#6745 = ( GEOMETRIC_REPRESENTATION_CONTEXT(2) 
PARAMETRIC_REPRESENTATION_CONTEXT() REPRESENTATION_CONTEXT('2D SPACE',''
  ) );
#6746 = ORIENTED_EDGE('',*,*,#6522,.T.);
#6747 = ORIENTED_EDGE('',*,*,#6748,.T.);
#6748 = EDGE_CURVE('',#6523,#6633,#6749,.T.);
#6749 = SURFACE_CURVE('',#6750,(#6754,#6761),.PCURVE_S1.);
#6750 = LINE('',#6751,#6752);
#6751 = CARTESIAN_POINT('',(7.75,7.42,1.));
#6752 = VECTOR('',#6753,1.);
#6753 = DIRECTION('',(1.,0.,0.));
#6754 = PCURVE('',#6538,#6755);
#6755 = DEFINITIONAL_REPRESENTATION('',(#6756),#6760);
#6756 = LINE('',#6757,#6758);
#6757 = CARTESIAN_POINT('',(1.,0.));
#6758 = VECTOR('',#6759,1.);
#6759 = DIRECTION('',(0.,1.));
#6760 = ( GEOMETRIC_REPRESENTATION_CONTEXT(2) 
PARAMETRIC_REPRESENTATION_CONTEXT() REPRESENTATION_CONTEXT('2D SPACE',''
  ) );
#6761 = PCURVE('',#6564,#6762);
#6762 = DEFINITIONAL_REPRESENTATION('',(#6763),#6767);
#6763 = LINE('',#6764,#6765);
#6764 = CARTESIAN_POINT('',(0.,7.02));
#6765 = VECTOR('',#6766,1.);
#6766 = DIRECTION('',(1.,0.));
#6767 = ( GEOMETRIC_REPRESENTATION_CONTEXT(2) 
PARAMETRIC_REPRESENTATION_CONTEXT() REPRESENTATION_CONTEXT('2D SPACE',''
  ) );
#6768 = ORIENTED_EDGE('',*,*,#6632,.F.);
#6769 = ADVANCED_FACE('',(#6770),#6510,.F.);
#6770 = FACE_BOUND('',#6771,.F.);
#6771 = EDGE_LOOP('',(#6772,#6773,#6774,#6775));
#6772 = ORIENTED_EDGE('',*,*,#6494,.F.);
#6773 = ORIENTED_EDGE('',*,*,#6679,.T.);
#6774 = ORIENTED_EDGE('',*,*,#6609,.T.);
#6775 = ORIENTED_EDGE('',*,*,#6726,.F.);
#6776 = ADVANCED_FACE('',(#6777),#6564,.T.);
#6777 = FACE_BOUND('',#6778,.T.);
#6778 = EDGE_LOOP('',(#6779,#6780,#6781,#6782));
#6779 = ORIENTED_EDGE('',*,*,#6550,.F.);
#6780 = ORIENTED_EDGE('',*,*,#6701,.T.);
#6781 = ORIENTED_EDGE('',*,*,#6655,.T.);
#6782 = ORIENTED_EDGE('',*,*,#6748,.F.);
#6783 = ( GEOMETRIC_REPRESENTATION_CONTEXT(3) 
GLOBAL_UNCERTAINTY_ASSIGNED_CONTEXT((#6787)) 
GLOBAL_UNIT_ASSIGNED_CONTEXT((#6784,#6785,#6786)) REPRESENTATION_CONTEXT
('Context #1','3D Context with UNIT and UNCERTAINTY') );
#6784 = ( LENGTH_UNIT() NAMED_UNIT(*) SI_UNIT(.MILLI.,.METRE.) );
#6785 = ( NAMED_UNIT(*) PLANE_ANGLE_UNIT() SI_UNIT($,.RADIAN.) );
#6786 = ( NAMED_UNIT(*) SI_UNIT($,.STERADIAN.) SOLID_ANGLE_UNIT() );
#6787 = UNCERTAINTY_MEASURE_WITH_UNIT(LENGTH_MEASURE(1.E-07),#6784,
  'distance_accuracy_value','confusion accuracy');
#6788 = CONTEXT_DEPENDENT_SHAPE_REPRESENTATION(#6789,#6791);
#6789 = ( REPRESENTATION_RELATIONSHIP('','',#6452,#10) 
REPRESENTATION_RELATIONSHIP_WITH_TRANSFORMATION(#6790) 
SHAPE_REPRESENTATION_RELATIONSHIP() );
#6790 = ITEM_DEFINED_TRANSFORMATION('','',#11,#31);
#6791 = PRODUCT_DEFINITION_SHAPE('Placement','Placement of an item',
  #6792);
#6792 = NEXT_ASSEMBLY_USAGE_OCCURRENCE('5','murete_pasillo','',#5,#6447,
  $);
#6793 = PRODUCT_RELATED_PRODUCT_CATEGORY('part',$,(#6449));
#6794 = SHAPE_DEFINITION_REPRESENTATION(#6795,#6801);
#6795 = PRODUCT_DEFINITION_SHAPE('','',#6796);
#6796 = PRODUCT_DEFINITION('design','',#6797,#6800);
#6797 = PRODUCT_DEFINITION_FORMATION('','',#6798);
#6798 = PRODUCT('forjado_PB_PA','forjado_PB_PA','',(#6799));
#6799 = PRODUCT_CONTEXT('',#2,'mechanical');
#6800 = PRODUCT_DEFINITION_CONTEXT('part definition',#2,'design');
#6801 = ADVANCED_BREP_SHAPE_REPRESENTATION('',(#11,#6802),#7600);
#6802 = MANIFOLD_SOLID_BREP('',#6803);
#6803 = CLOSED_SHELL('',(#6804,#6924,#7000,#7076,#7152,#7228,#7304,#7380
    ,#7456,#7527,#7574,#7587));
#6804 = ADVANCED_FACE('',(#6805),#6819,.F.);
#6805 = FACE_BOUND('',#6806,.F.);
#6806 = EDGE_LOOP('',(#6807,#6842,#6870,#6898));
#6807 = ORIENTED_EDGE('',*,*,#6808,.T.);
#6808 = EDGE_CURVE('',#6809,#6811,#6813,.T.);
#6809 = VERTEX_POINT('',#6810);
#6810 = CARTESIAN_POINT('',(3.15,0.,3.01));
#6811 = VERTEX_POINT('',#6812);
#6812 = CARTESIAN_POINT('',(3.15,0.,3.26));
#6813 = SURFACE_CURVE('',#6814,(#6818,#6830),.PCURVE_S1.);
#6814 = LINE('',#6815,#6816);
#6815 = CARTESIAN_POINT('',(3.15,0.,3.01));
#6816 = VECTOR('',#6817,1.);
#6817 = DIRECTION('',(0.,0.,1.));
#6818 = PCURVE('',#6819,#6824);
#6819 = PLANE('',#6820);
#6820 = AXIS2_PLACEMENT_3D('',#6821,#6822,#6823);
#6821 = CARTESIAN_POINT('',(3.15,0.,3.01));
#6822 = DIRECTION('',(0.,1.,0.));
#6823 = DIRECTION('',(1.,0.,0.));
#6824 = DEFINITIONAL_REPRESENTATION('',(#6825),#6829);
#6825 = LINE('',#6826,#6827);
#6826 = CARTESIAN_POINT('',(0.,0.));
#6827 = VECTOR('',#6828,1.);
#6828 = DIRECTION('',(0.,-1.));
#6829 = ( GEOMETRIC_REPRESENTATION_CONTEXT(2) 
PARAMETRIC_REPRESENTATION_CONTEXT() REPRESENTATION_CONTEXT('2D SPACE',''
  ) );
#6830 = PCURVE('',#6831,#6836);
#6831 = PLANE('',#6832);
#6832 = AXIS2_PLACEMENT_3D('',#6833,#6834,#6835);
#6833 = CARTESIAN_POINT('',(2.87,7.32,3.01));
#6834 = DIRECTION('',(0.999269218339,3.822341272335E-02,-0.));
#6835 = DIRECTION('',(3.822341272335E-02,-0.999269218339,0.));
#6836 = DEFINITIONAL_REPRESENTATION('',(#6837),#6841);
#6837 = LINE('',#6838,#6839);
#6838 = CARTESIAN_POINT('',(7.325353233804,0.));
#6839 = VECTOR('',#6840,1.);
#6840 = DIRECTION('',(0.,-1.));
#6841 = ( GEOMETRIC_REPRESENTATION_CONTEXT(2) 
PARAMETRIC_REPRESENTATION_CONTEXT() REPRESENTATION_CONTEXT('2D SPACE',''
  ) );
#6842 = ORIENTED_EDGE('',*,*,#6843,.T.);
#6843 = EDGE_CURVE('',#6811,#6844,#6846,.T.);
#6844 = VERTEX_POINT('',#6845);
#6845 = CARTESIAN_POINT('',(9.55,0.,3.26));
#6846 = SURFACE_CURVE('',#6847,(#6851,#6858),.PCURVE_S1.);
#6847 = LINE('',#6848,#6849);
#6848 = CARTESIAN_POINT('',(3.15,0.,3.26));
#6849 = VECTOR('',#6850,1.);
#6850 = DIRECTION('',(1.,0.,0.));
#6851 = PCURVE('',#6819,#6852);
#6852 = DEFINITIONAL_REPRESENTATION('',(#6853),#6857);
#6853 = LINE('',#6854,#6855);
#6854 = CARTESIAN_POINT('',(0.,-0.25));
#6855 = VECTOR('',#6856,1.);
#6856 = DIRECTION('',(1.,0.));
#6857 = ( GEOMETRIC_REPRESENTATION_CONTEXT(2) 
PARAMETRIC_REPRESENTATION_CONTEXT() REPRESENTATION_CONTEXT('2D SPACE',''
  ) );
#6858 = PCURVE('',#6859,#6864);
#6859 = PLANE('',#6860);
#6860 = AXIS2_PLACEMENT_3D('',#6861,#6862,#6863);
#6861 = CARTESIAN_POINT('',(5.863038408691,8.73070285966,3.26));
#6862 = DIRECTION('',(0.,0.,1.));
#6863 = DIRECTION('',(1.,0.,-0.));
#6864 = DEFINITIONAL_REPRESENTATION('',(#6865),#6869);
#6865 = LINE('',#6866,#6867);
#6866 = CARTESIAN_POINT('',(-2.713038408691,-8.73070285966));
#6867 = VECTOR('',#6868,1.);
#6868 = DIRECTION('',(1.,0.));
#6869 = ( GEOMETRIC_REPRESENTATION_CONTEXT(2) 
PARAMETRIC_REPRESENTATION_CONTEXT() REPRESENTATION_CONTEXT('2D SPACE',''
  ) );
#6870 = ORIENTED_EDGE('',*,*,#6871,.F.);
#6871 = EDGE_CURVE('',#6872,#6844,#6874,.T.);
#6872 = VERTEX_POINT('',#6873);
#6873 = CARTESIAN_POINT('',(9.55,0.,3.01));
#6874 = SURFACE_CURVE('',#6875,(#6879,#6886),.PCURVE_S1.);
#6875 = LINE('',#6876,#6877);
#6876 = CARTESIAN_POINT('',(9.55,0.,3.01));
#6877 = VECTOR('',#6878,1.);
#6878 = DIRECTION('',(0.,0.,1.));
#6879 = PCURVE('',#6819,#6880);
#6880 = DEFINITIONAL_REPRESENTATION('',(#6881),#6885);
#6881 = LINE('',#6882,#6883);
#6882 = CARTESIAN_POINT('',(6.4,0.));
#6883 = VECTOR('',#6884,1.);
#6884 = DIRECTION('',(0.,-1.));
#6885 = ( GEOMETRIC_REPRESENTATION_CONTEXT(2) 
PARAMETRIC_REPRESENTATION_CONTEXT() REPRESENTATION_CONTEXT('2D SPACE',''
  ) );
#6886 = PCURVE('',#6887,#6892);
#6887 = PLANE('',#6888);
#6888 = AXIS2_PLACEMENT_3D('',#6889,#6890,#6891);
#6889 = CARTESIAN_POINT('',(9.55,0.,3.01));
#6890 = DIRECTION('',(-1.,0.,0.));
#6891 = DIRECTION('',(0.,1.,0.));
#6892 = DEFINITIONAL_REPRESENTATION('',(#6893),#6897);
#6893 = LINE('',#6894,#6895);
#6894 = CARTESIAN_POINT('',(0.,0.));
#6895 = VECTOR('',#6896,1.);
#6896 = DIRECTION('',(0.,-1.));
#6897 = ( GEOMETRIC_REPRESENTATION_CONTEXT(2) 
PARAMETRIC_REPRESENTATION_CONTEXT() REPRESENTATION_CONTEXT('2D SPACE',''
  ) );
#6898 = ORIENTED_EDGE('',*,*,#6899,.F.);
#6899 = EDGE_CURVE('',#6809,#6872,#6900,.T.);
#6900 = SURFACE_CURVE('',#6901,(#6905,#6912),.PCURVE_S1.);
#6901 = LINE('',#6902,#6903);
#6902 = CARTESIAN_POINT('',(3.15,0.,3.01));
#6903 = VECTOR('',#6904,1.);
#6904 = DIRECTION('',(1.,0.,0.));
#6905 = PCURVE('',#6819,#6906);
#6906 = DEFINITIONAL_REPRESENTATION('',(#6907),#6911);
#6907 = LINE('',#6908,#6909);
#6908 = CARTESIAN_POINT('',(0.,0.));
#6909 = VECTOR('',#6910,1.);
#6910 = DIRECTION('',(1.,0.));
#6911 = ( GEOMETRIC_REPRESENTATION_CONTEXT(2) 
PARAMETRIC_REPRESENTATION_CONTEXT() REPRESENTATION_CONTEXT('2D SPACE',''
  ) );
#6912 = PCURVE('',#6913,#6918);
#6913 = PLANE('',#6914);
#6914 = AXIS2_PLACEMENT_3D('',#6915,#6916,#6917);
#6915 = CARTESIAN_POINT('',(5.863038408691,8.73070285966,3.01));
#6916 = DIRECTION('',(0.,0.,1.));
#6917 = DIRECTION('',(1.,0.,-0.));
#6918 = DEFINITIONAL_REPRESENTATION('',(#6919),#6923);
#6919 = LINE('',#6920,#6921);
#6920 = CARTESIAN_POINT('',(-2.713038408691,-8.73070285966));
#6921 = VECTOR('',#6922,1.);
#6922 = DIRECTION('',(1.,0.));
#6923 = ( GEOMETRIC_REPRESENTATION_CONTEXT(2) 
PARAMETRIC_REPRESENTATION_CONTEXT() REPRESENTATION_CONTEXT('2D SPACE',''
  ) );
#6924 = ADVANCED_FACE('',(#6925),#6887,.F.);
#6925 = FACE_BOUND('',#6926,.F.);
#6926 = EDGE_LOOP('',(#6927,#6928,#6951,#6979));
#6927 = ORIENTED_EDGE('',*,*,#6871,.T.);
#6928 = ORIENTED_EDGE('',*,*,#6929,.T.);
#6929 = EDGE_CURVE('',#6844,#6930,#6932,.T.);
#6930 = VERTEX_POINT('',#6931);
#6931 = CARTESIAN_POINT('',(9.55,8.3,3.26));
#6932 = SURFACE_CURVE('',#6933,(#6937,#6944),.PCURVE_S1.);
#6933 = LINE('',#6934,#6935);
#6934 = CARTESIAN_POINT('',(9.55,0.,3.26));
#6935 = VECTOR('',#6936,1.);
#6936 = DIRECTION('',(0.,1.,0.));
#6937 = PCURVE('',#6887,#6938);
#6938 = DEFINITIONAL_REPRESENTATION('',(#6939),#6943);
#6939 = LINE('',#6940,#6941);
#6940 = CARTESIAN_POINT('',(0.,-0.25));
#6941 = VECTOR('',#6942,1.);
#6942 = DIRECTION('',(1.,0.));
#6943 = ( GEOMETRIC_REPRESENTATION_CONTEXT(2) 
PARAMETRIC_REPRESENTATION_CONTEXT() REPRESENTATION_CONTEXT('2D SPACE',''
  ) );
#6944 = PCURVE('',#6859,#6945);
#6945 = DEFINITIONAL_REPRESENTATION('',(#6946),#6950);
#6946 = LINE('',#6947,#6948);
#6947 = CARTESIAN_POINT('',(3.686961591309,-8.73070285966));
#6948 = VECTOR('',#6949,1.);
#6949 = DIRECTION('',(0.,1.));
#6950 = ( GEOMETRIC_REPRESENTATION_CONTEXT(2) 
PARAMETRIC_REPRESENTATION_CONTEXT() REPRESENTATION_CONTEXT('2D SPACE',''
  ) );
#6951 = ORIENTED_EDGE('',*,*,#6952,.F.);
#6952 = EDGE_CURVE('',#6953,#6930,#6955,.T.);
#6953 = VERTEX_POINT('',#6954);
#6954 = CARTESIAN_POINT('',(9.55,8.3,3.01));
#6955 = SURFACE_CURVE('',#6956,(#6960,#6967),.PCURVE_S1.);
#6956 = LINE('',#6957,#6958);
#6957 = CARTESIAN_POINT('',(9.55,8.3,3.01));
#6958 = VECTOR('',#6959,1.);
#6959 = DIRECTION('',(0.,0.,1.));
#6960 = PCURVE('',#6887,#6961);
#6961 = DEFINITIONAL_REPRESENTATION('',(#6962),#6966);
#6962 = LINE('',#6963,#6964);
#6963 = CARTESIAN_POINT('',(8.3,0.));
#6964 = VECTOR('',#6965,1.);
#6965 = DIRECTION('',(0.,-1.));
#6966 = ( GEOMETRIC_REPRESENTATION_CONTEXT(2) 
PARAMETRIC_REPRESENTATION_CONTEXT() REPRESENTATION_CONTEXT('2D SPACE',''
  ) );
#6967 = PCURVE('',#6968,#6973);
#6968 = PLANE('',#6969);
#6969 = AXIS2_PLACEMENT_3D('',#6970,#6971,#6972);
#6970 = CARTESIAN_POINT('',(9.55,8.3,3.01));
#6971 = DIRECTION('',(0.,1.,0.));
#6972 = DIRECTION('',(1.,0.,0.));
#6973 = DEFINITIONAL_REPRESENTATION('',(#6974),#6978);
#6974 = LINE('',#6975,#6976);
#6975 = CARTESIAN_POINT('',(0.,0.));
#6976 = VECTOR('',#6977,1.);
#6977 = DIRECTION('',(0.,-1.));
#6978 = ( GEOMETRIC_REPRESENTATION_CONTEXT(2) 
PARAMETRIC_REPRESENTATION_CONTEXT() REPRESENTATION_CONTEXT('2D SPACE',''
  ) );
#6979 = ORIENTED_EDGE('',*,*,#6980,.F.);
#6980 = EDGE_CURVE('',#6872,#6953,#6981,.T.);
#6981 = SURFACE_CURVE('',#6982,(#6986,#6993),.PCURVE_S1.);
#6982 = LINE('',#6983,#6984);
#6983 = CARTESIAN_POINT('',(9.55,0.,3.01));
#6984 = VECTOR('',#6985,1.);
#6985 = DIRECTION('',(0.,1.,0.));
#6986 = PCURVE('',#6887,#6987);
#6987 = DEFINITIONAL_REPRESENTATION('',(#6988),#6992);
#6988 = LINE('',#6989,#6990);
#6989 = CARTESIAN_POINT('',(0.,0.));
#6990 = VECTOR('',#6991,1.);
#6991 = DIRECTION('',(1.,0.));
#6992 = ( GEOMETRIC_REPRESENTATION_CONTEXT(2) 
PARAMETRIC_REPRESENTATION_CONTEXT() REPRESENTATION_CONTEXT('2D SPACE',''
  ) );
#6993 = PCURVE('',#6913,#6994);
#6994 = DEFINITIONAL_REPRESENTATION('',(#6995),#6999);
#6995 = LINE('',#6996,#6997);
#6996 = CARTESIAN_POINT('',(3.686961591309,-8.73070285966));
#6997 = VECTOR('',#6998,1.);
#6998 = DIRECTION('',(0.,1.));
#6999 = ( GEOMETRIC_REPRESENTATION_CONTEXT(2) 
PARAMETRIC_REPRESENTATION_CONTEXT() REPRESENTATION_CONTEXT('2D SPACE',''
  ) );
#7000 = ADVANCED_FACE('',(#7001),#6968,.F.);
#7001 = FACE_BOUND('',#7002,.F.);
#7002 = EDGE_LOOP('',(#7003,#7004,#7027,#7055));
#7003 = ORIENTED_EDGE('',*,*,#6952,.T.);
#7004 = ORIENTED_EDGE('',*,*,#7005,.T.);
#7005 = EDGE_CURVE('',#6930,#7006,#7008,.T.);
#7006 = VERTEX_POINT('',#7007);
#7007 = CARTESIAN_POINT('',(12.05,8.3,3.26));
#7008 = SURFACE_CURVE('',#7009,(#7013,#7020),.PCURVE_S1.);
#7009 = LINE('',#7010,#7011);
#7010 = CARTESIAN_POINT('',(9.55,8.3,3.26));
#7011 = VECTOR('',#7012,1.);
#7012 = DIRECTION('',(1.,0.,0.));
#7013 = PCURVE('',#6968,#7014);
#7014 = DEFINITIONAL_REPRESENTATION('',(#7015),#7019);
#7015 = LINE('',#7016,#7017);
#7016 = CARTESIAN_POINT('',(0.,-0.25));
#7017 = VECTOR('',#7018,1.);
#7018 = DIRECTION('',(1.,0.));
#7019 = ( GEOMETRIC_REPRESENTATION_CONTEXT(2) 
PARAMETRIC_REPRESENTATION_CONTEXT() REPRESENTATION_CONTEXT('2D SPACE',''
  ) );
#7020 = PCURVE('',#6859,#7021);
#7021 = DEFINITIONAL_REPRESENTATION('',(#7022),#7026);
#7022 = LINE('',#7023,#7024);
#7023 = CARTESIAN_POINT('',(3.686961591309,-0.43070285966));
#7024 = VECTOR('',#7025,1.);
#7025 = DIRECTION('',(1.,0.));
#7026 = ( GEOMETRIC_REPRESENTATION_CONTEXT(2) 
PARAMETRIC_REPRESENTATION_CONTEXT() REPRESENTATION_CONTEXT('2D SPACE',''
  ) );
#7027 = ORIENTED_EDGE('',*,*,#7028,.F.);
#7028 = EDGE_CURVE('',#7029,#7006,#7031,.T.);
#7029 = VERTEX_POINT('',#7030);
#7030 = CARTESIAN_POINT('',(12.05,8.3,3.01));
#7031 = SURFACE_CURVE('',#7032,(#7036,#7043),.PCURVE_S1.);
#7032 = LINE('',#7033,#7034);
#7033 = CARTESIAN_POINT('',(12.05,8.3,3.01));
#7034 = VECTOR('',#7035,1.);
#7035 = DIRECTION('',(0.,0.,1.));
#7036 = PCURVE('',#6968,#7037);
#7037 = DEFINITIONAL_REPRESENTATION('',(#7038),#7042);
#7038 = LINE('',#7039,#7040);
#7039 = CARTESIAN_POINT('',(2.5,0.));
#7040 = VECTOR('',#7041,1.);
#7041 = DIRECTION('',(0.,-1.));
#7042 = ( GEOMETRIC_REPRESENTATION_CONTEXT(2) 
PARAMETRIC_REPRESENTATION_CONTEXT() REPRESENTATION_CONTEXT('2D SPACE',''
  ) );
#7043 = PCURVE('',#7044,#7049);
#7044 = PLANE('',#7045);
#7045 = AXIS2_PLACEMENT_3D('',#7046,#7047,#7048);
#7046 = CARTESIAN_POINT('',(12.05,8.3,3.01));
#7047 = DIRECTION('',(-1.,0.,0.));
#7048 = DIRECTION('',(0.,1.,0.));
#7049 = DEFINITIONAL_REPRESENTATION('',(#7050),#7054);
#7050 = LINE('',#7051,#7052);
#7051 = CARTESIAN_POINT('',(0.,0.));
#7052 = VECTOR('',#7053,1.);
#7053 = DIRECTION('',(0.,-1.));
#7054 = ( GEOMETRIC_REPRESENTATION_CONTEXT(2) 
PARAMETRIC_REPRESENTATION_CONTEXT() REPRESENTATION_CONTEXT('2D SPACE',''
  ) );
#7055 = ORIENTED_EDGE('',*,*,#7056,.F.);
#7056 = EDGE_CURVE('',#6953,#7029,#7057,.T.);
#7057 = SURFACE_CURVE('',#7058,(#7062,#7069),.PCURVE_S1.);
#7058 = LINE('',#7059,#7060);
#7059 = CARTESIAN_POINT('',(9.55,8.3,3.01));
#7060 = VECTOR('',#7061,1.);
#7061 = DIRECTION('',(1.,0.,0.));
#7062 = PCURVE('',#6968,#7063);
#7063 = DEFINITIONAL_REPRESENTATION('',(#7064),#7068);
#7064 = LINE('',#7065,#7066);
#7065 = CARTESIAN_POINT('',(0.,0.));
#7066 = VECTOR('',#7067,1.);
#7067 = DIRECTION('',(1.,0.));
#7068 = ( GEOMETRIC_REPRESENTATION_CONTEXT(2) 
PARAMETRIC_REPRESENTATION_CONTEXT() REPRESENTATION_CONTEXT('2D SPACE',''
  ) );
#7069 = PCURVE('',#6913,#7070);
#7070 = DEFINITIONAL_REPRESENTATION('',(#7071),#7075);
#7071 = LINE('',#7072,#7073);
#7072 = CARTESIAN_POINT('',(3.686961591309,-0.43070285966));
#7073 = VECTOR('',#7074,1.);
#7074 = DIRECTION('',(1.,0.));
#7075 = ( GEOMETRIC_REPRESENTATION_CONTEXT(2) 
PARAMETRIC_REPRESENTATION_CONTEXT() REPRESENTATION_CONTEXT('2D SPACE',''
  ) );
#7076 = ADVANCED_FACE('',(#7077),#7044,.F.);
#7077 = FACE_BOUND('',#7078,.F.);
#7078 = EDGE_LOOP('',(#7079,#7080,#7103,#7131));
#7079 = ORIENTED_EDGE('',*,*,#7028,.T.);
#7080 = ORIENTED_EDGE('',*,*,#7081,.T.);
#7081 = EDGE_CURVE('',#7006,#7082,#7084,.T.);
#7082 = VERTEX_POINT('',#7083);
#7083 = CARTESIAN_POINT('',(12.05,11.8,3.26));
#7084 = SURFACE_CURVE('',#7085,(#7089,#7096),.PCURVE_S1.);
#7085 = LINE('',#7086,#7087);
#7086 = CARTESIAN_POINT('',(12.05,8.3,3.26));
#7087 = VECTOR('',#7088,1.);
#7088 = DIRECTION('',(0.,1.,0.));
#7089 = PCURVE('',#7044,#7090);
#7090 = DEFINITIONAL_REPRESENTATION('',(#7091),#7095);
#7091 = LINE('',#7092,#7093);
#7092 = CARTESIAN_POINT('',(0.,-0.25));
#7093 = VECTOR('',#7094,1.);
#7094 = DIRECTION('',(1.,0.));
#7095 = ( GEOMETRIC_REPRESENTATION_CONTEXT(2) 
PARAMETRIC_REPRESENTATION_CONTEXT() REPRESENTATION_CONTEXT('2D SPACE',''
  ) );
#7096 = PCURVE('',#6859,#7097);
#7097 = DEFINITIONAL_REPRESENTATION('',(#7098),#7102);
#7098 = LINE('',#7099,#7100);
#7099 = CARTESIAN_POINT('',(6.186961591309,-0.43070285966));
#7100 = VECTOR('',#7101,1.);
#7101 = DIRECTION('',(0.,1.));
#7102 = ( GEOMETRIC_REPRESENTATION_CONTEXT(2) 
PARAMETRIC_REPRESENTATION_CONTEXT() REPRESENTATION_CONTEXT('2D SPACE',''
  ) );
#7103 = ORIENTED_EDGE('',*,*,#7104,.F.);
#7104 = EDGE_CURVE('',#7105,#7082,#7107,.T.);
#7105 = VERTEX_POINT('',#7106);
#7106 = CARTESIAN_POINT('',(12.05,11.8,3.01));
#7107 = SURFACE_CURVE('',#7108,(#7112,#7119),.PCURVE_S1.);
#7108 = LINE('',#7109,#7110);
#7109 = CARTESIAN_POINT('',(12.05,11.8,3.01));
#7110 = VECTOR('',#7111,1.);
#7111 = DIRECTION('',(0.,0.,1.));
#7112 = PCURVE('',#7044,#7113);
#7113 = DEFINITIONAL_REPRESENTATION('',(#7114),#7118);
#7114 = LINE('',#7115,#7116);
#7115 = CARTESIAN_POINT('',(3.5,0.));
#7116 = VECTOR('',#7117,1.);
#7117 = DIRECTION('',(0.,-1.));
#7118 = ( GEOMETRIC_REPRESENTATION_CONTEXT(2) 
PARAMETRIC_REPRESENTATION_CONTEXT() REPRESENTATION_CONTEXT('2D SPACE',''
  ) );
#7119 = PCURVE('',#7120,#7125);
#7120 = PLANE('',#7121);
#7121 = AXIS2_PLACEMENT_3D('',#7122,#7123,#7124);
#7122 = CARTESIAN_POINT('',(12.05,11.8,3.01));
#7123 = DIRECTION('',(0.,-1.,0.));
#7124 = DIRECTION('',(-1.,0.,0.));
#7125 = DEFINITIONAL_REPRESENTATION('',(#7126),#7130);
#7126 = LINE('',#7127,#7128);
#7127 = CARTESIAN_POINT('',(0.,-0.));
#7128 = VECTOR('',#7129,1.);
#7129 = DIRECTION('',(0.,-1.));
#7130 = ( GEOMETRIC_REPRESENTATION_CONTEXT(2) 
PARAMETRIC_REPRESENTATION_CONTEXT() REPRESENTATION_CONTEXT('2D SPACE',''
  ) );
#7131 = ORIENTED_EDGE('',*,*,#7132,.F.);
#7132 = EDGE_CURVE('',#7029,#7105,#7133,.T.);
#7133 = SURFACE_CURVE('',#7134,(#7138,#7145),.PCURVE_S1.);
#7134 = LINE('',#7135,#7136);
#7135 = CARTESIAN_POINT('',(12.05,8.3,3.01));
#7136 = VECTOR('',#7137,1.);
#7137 = DIRECTION('',(0.,1.,0.));
#7138 = PCURVE('',#7044,#7139);
#7139 = DEFINITIONAL_REPRESENTATION('',(#7140),#7144);
#7140 = LINE('',#7141,#7142);
#7141 = CARTESIAN_POINT('',(0.,0.));
#7142 = VECTOR('',#7143,1.);
#7143 = DIRECTION('',(1.,0.));
#7144 = ( GEOMETRIC_REPRESENTATION_CONTEXT(2) 
PARAMETRIC_REPRESENTATION_CONTEXT() REPRESENTATION_CONTEXT('2D SPACE',''
  ) );
#7145 = PCURVE('',#6913,#7146);
#7146 = DEFINITIONAL_REPRESENTATION('',(#7147),#7151);
#7147 = LINE('',#7148,#7149);
#7148 = CARTESIAN_POINT('',(6.186961591309,-0.43070285966));
#7149 = VECTOR('',#7150,1.);
#7150 = DIRECTION('',(0.,1.));
#7151 = ( GEOMETRIC_REPRESENTATION_CONTEXT(2) 
PARAMETRIC_REPRESENTATION_CONTEXT() REPRESENTATION_CONTEXT('2D SPACE',''
  ) );
#7152 = ADVANCED_FACE('',(#7153),#7120,.F.);
#7153 = FACE_BOUND('',#7154,.F.);
#7154 = EDGE_LOOP('',(#7155,#7156,#7179,#7207));
#7155 = ORIENTED_EDGE('',*,*,#7104,.T.);
#7156 = ORIENTED_EDGE('',*,*,#7157,.T.);
#7157 = EDGE_CURVE('',#7082,#7158,#7160,.T.);
#7158 = VERTEX_POINT('',#7159);
#7159 = CARTESIAN_POINT('',(9.55,11.8,3.26));
#7160 = SURFACE_CURVE('',#7161,(#7165,#7172),.PCURVE_S1.);
#7161 = LINE('',#7162,#7163);
#7162 = CARTESIAN_POINT('',(12.05,11.8,3.26));
#7163 = VECTOR('',#7164,1.);
#7164 = DIRECTION('',(-1.,0.,0.));
#7165 = PCURVE('',#7120,#7166);
#7166 = DEFINITIONAL_REPRESENTATION('',(#7167),#7171);
#7167 = LINE('',#7168,#7169);
#7168 = CARTESIAN_POINT('',(0.,-0.25));
#7169 = VECTOR('',#7170,1.);
#7170 = DIRECTION('',(1.,0.));
#7171 = ( GEOMETRIC_REPRESENTATION_CONTEXT(2) 
PARAMETRIC_REPRESENTATION_CONTEXT() REPRESENTATION_CONTEXT('2D SPACE',''
  ) );
#7172 = PCURVE('',#6859,#7173);
#7173 = DEFINITIONAL_REPRESENTATION('',(#7174),#7178);
#7174 = LINE('',#7175,#7176);
#7175 = CARTESIAN_POINT('',(6.186961591309,3.06929714034));
#7176 = VECTOR('',#7177,1.);
#7177 = DIRECTION('',(-1.,0.));
#7178 = ( GEOMETRIC_REPRESENTATION_CONTEXT(2) 
PARAMETRIC_REPRESENTATION_CONTEXT() REPRESENTATION_CONTEXT('2D SPACE',''
  ) );
#7179 = ORIENTED_EDGE('',*,*,#7180,.F.);
#7180 = EDGE_CURVE('',#7181,#7158,#7183,.T.);
#7181 = VERTEX_POINT('',#7182);
#7182 = CARTESIAN_POINT('',(9.55,11.8,3.01));
#7183 = SURFACE_CURVE('',#7184,(#7188,#7195),.PCURVE_S1.);
#7184 = LINE('',#7185,#7186);
#7185 = CARTESIAN_POINT('',(9.55,11.8,3.01));
#7186 = VECTOR('',#7187,1.);
#7187 = DIRECTION('',(0.,0.,1.));
#7188 = PCURVE('',#7120,#7189);
#7189 = DEFINITIONAL_REPRESENTATION('',(#7190),#7194);
#7190 = LINE('',#7191,#7192);
#7191 = CARTESIAN_POINT('',(2.5,0.));
#7192 = VECTOR('',#7193,1.);
#7193 = DIRECTION('',(0.,-1.));
#7194 = ( GEOMETRIC_REPRESENTATION_CONTEXT(2) 
PARAMETRIC_REPRESENTATION_CONTEXT() REPRESENTATION_CONTEXT('2D SPACE',''
  ) );
#7195 = PCURVE('',#7196,#7201);
#7196 = PLANE('',#7197);
#7197 = AXIS2_PLACEMENT_3D('',#7198,#7199,#7200);
#7198 = CARTESIAN_POINT('',(9.55,11.8,3.01));
#7199 = DIRECTION('',(-1.,0.,0.));
#7200 = DIRECTION('',(0.,1.,0.));
#7201 = DEFINITIONAL_REPRESENTATION('',(#7202),#7206);
#7202 = LINE('',#7203,#7204);
#7203 = CARTESIAN_POINT('',(0.,0.));
#7204 = VECTOR('',#7205,1.);
#7205 = DIRECTION('',(0.,-1.));
#7206 = ( GEOMETRIC_REPRESENTATION_CONTEXT(2) 
PARAMETRIC_REPRESENTATION_CONTEXT() REPRESENTATION_CONTEXT('2D SPACE',''
  ) );
#7207 = ORIENTED_EDGE('',*,*,#7208,.F.);
#7208 = EDGE_CURVE('',#7105,#7181,#7209,.T.);
#7209 = SURFACE_CURVE('',#7210,(#7214,#7221),.PCURVE_S1.);
#7210 = LINE('',#7211,#7212);
#7211 = CARTESIAN_POINT('',(12.05,11.8,3.01));
#7212 = VECTOR('',#7213,1.);
#7213 = DIRECTION('',(-1.,0.,0.));
#7214 = PCURVE('',#7120,#7215);
#7215 = DEFINITIONAL_REPRESENTATION('',(#7216),#7220);
#7216 = LINE('',#7217,#7218);
#7217 = CARTESIAN_POINT('',(0.,-0.));
#7218 = VECTOR('',#7219,1.);
#7219 = DIRECTION('',(1.,0.));
#7220 = ( GEOMETRIC_REPRESENTATION_CONTEXT(2) 
PARAMETRIC_REPRESENTATION_CONTEXT() REPRESENTATION_CONTEXT('2D SPACE',''
  ) );
#7221 = PCURVE('',#6913,#7222);
#7222 = DEFINITIONAL_REPRESENTATION('',(#7223),#7227);
#7223 = LINE('',#7224,#7225);
#7224 = CARTESIAN_POINT('',(6.186961591309,3.06929714034));
#7225 = VECTOR('',#7226,1.);
#7226 = DIRECTION('',(-1.,0.));
#7227 = ( GEOMETRIC_REPRESENTATION_CONTEXT(2) 
PARAMETRIC_REPRESENTATION_CONTEXT() REPRESENTATION_CONTEXT('2D SPACE',''
  ) );
#7228 = ADVANCED_FACE('',(#7229),#7196,.F.);
#7229 = FACE_BOUND('',#7230,.F.);
#7230 = EDGE_LOOP('',(#7231,#7232,#7255,#7283));
#7231 = ORIENTED_EDGE('',*,*,#7180,.T.);
#7232 = ORIENTED_EDGE('',*,*,#7233,.T.);
#7233 = EDGE_CURVE('',#7158,#7234,#7236,.T.);
#7234 = VERTEX_POINT('',#7235);
#7235 = CARTESIAN_POINT('',(9.55,16.3,3.26));
#7236 = SURFACE_CURVE('',#7237,(#7241,#7248),.PCURVE_S1.);
#7237 = LINE('',#7238,#7239);
#7238 = CARTESIAN_POINT('',(9.55,11.8,3.26));
#7239 = VECTOR('',#7240,1.);
#7240 = DIRECTION('',(0.,1.,0.));
#7241 = PCURVE('',#7196,#7242);
#7242 = DEFINITIONAL_REPRESENTATION('',(#7243),#7247);
#7243 = LINE('',#7244,#7245);
#7244 = CARTESIAN_POINT('',(0.,-0.25));
#7245 = VECTOR('',#7246,1.);
#7246 = DIRECTION('',(1.,0.));
#7247 = ( GEOMETRIC_REPRESENTATION_CONTEXT(2) 
PARAMETRIC_REPRESENTATION_CONTEXT() REPRESENTATION_CONTEXT('2D SPACE',''
  ) );
#7248 = PCURVE('',#6859,#7249);
#7249 = DEFINITIONAL_REPRESENTATION('',(#7250),#7254);
#7250 = LINE('',#7251,#7252);
#7251 = CARTESIAN_POINT('',(3.686961591309,3.06929714034));
#7252 = VECTOR('',#7253,1.);
#7253 = DIRECTION('',(0.,1.));
#7254 = ( GEOMETRIC_REPRESENTATION_CONTEXT(2) 
PARAMETRIC_REPRESENTATION_CONTEXT() REPRESENTATION_CONTEXT('2D SPACE',''
  ) );
#7255 = ORIENTED_EDGE('',*,*,#7256,.F.);
#7256 = EDGE_CURVE('',#7257,#7234,#7259,.T.);
#7257 = VERTEX_POINT('',#7258);
#7258 = CARTESIAN_POINT('',(9.55,16.3,3.01));
#7259 = SURFACE_CURVE('',#7260,(#7264,#7271),.PCURVE_S1.);
#7260 = LINE('',#7261,#7262);
#7261 = CARTESIAN_POINT('',(9.55,16.3,3.01));
#7262 = VECTOR('',#7263,1.);
#7263 = DIRECTION('',(0.,0.,1.));
#7264 = PCURVE('',#7196,#7265);
#7265 = DEFINITIONAL_REPRESENTATION('',(#7266),#7270);
#7266 = LINE('',#7267,#7268);
#7267 = CARTESIAN_POINT('',(4.5,0.));
#7268 = VECTOR('',#7269,1.);
#7269 = DIRECTION('',(0.,-1.));
#7270 = ( GEOMETRIC_REPRESENTATION_CONTEXT(2) 
PARAMETRIC_REPRESENTATION_CONTEXT() REPRESENTATION_CONTEXT('2D SPACE',''
  ) );
#7271 = PCURVE('',#7272,#7277);
#7272 = PLANE('',#7273);
#7273 = AXIS2_PLACEMENT_3D('',#7274,#7275,#7276);
#7274 = CARTESIAN_POINT('',(9.55,16.3,3.01));
#7275 = DIRECTION('',(0.,-1.,0.));
#7276 = DIRECTION('',(-1.,0.,0.));
#7277 = DEFINITIONAL_REPRESENTATION('',(#7278),#7282);
#7278 = LINE('',#7279,#7280);
#7279 = CARTESIAN_POINT('',(0.,-0.));
#7280 = VECTOR('',#7281,1.);
#7281 = DIRECTION('',(0.,-1.));
#7282 = ( GEOMETRIC_REPRESENTATION_CONTEXT(2) 
PARAMETRIC_REPRESENTATION_CONTEXT() REPRESENTATION_CONTEXT('2D SPACE',''
  ) );
#7283 = ORIENTED_EDGE('',*,*,#7284,.F.);
#7284 = EDGE_CURVE('',#7181,#7257,#7285,.T.);
#7285 = SURFACE_CURVE('',#7286,(#7290,#7297),.PCURVE_S1.);
#7286 = LINE('',#7287,#7288);
#7287 = CARTESIAN_POINT('',(9.55,11.8,3.01));
#7288 = VECTOR('',#7289,1.);
#7289 = DIRECTION('',(0.,1.,0.));
#7290 = PCURVE('',#7196,#7291);
#7291 = DEFINITIONAL_REPRESENTATION('',(#7292),#7296);
#7292 = LINE('',#7293,#7294);
#7293 = CARTESIAN_POINT('',(0.,0.));
#7294 = VECTOR('',#7295,1.);
#7295 = DIRECTION('',(1.,0.));
#7296 = ( GEOMETRIC_REPRESENTATION_CONTEXT(2) 
PARAMETRIC_REPRESENTATION_CONTEXT() REPRESENTATION_CONTEXT('2D SPACE',''
  ) );
#7297 = PCURVE('',#6913,#7298);
#7298 = DEFINITIONAL_REPRESENTATION('',(#7299),#7303);
#7299 = LINE('',#7300,#7301);
#7300 = CARTESIAN_POINT('',(3.686961591309,3.06929714034));
#7301 = VECTOR('',#7302,1.);
#7302 = DIRECTION('',(0.,1.));
#7303 = ( GEOMETRIC_REPRESENTATION_CONTEXT(2) 
PARAMETRIC_REPRESENTATION_CONTEXT() REPRESENTATION_CONTEXT('2D SPACE',''
  ) );
#7304 = ADVANCED_FACE('',(#7305),#7272,.F.);
#7305 = FACE_BOUND('',#7306,.F.);
#7306 = EDGE_LOOP('',(#7307,#7308,#7331,#7359));
#7307 = ORIENTED_EDGE('',*,*,#7256,.T.);
#7308 = ORIENTED_EDGE('',*,*,#7309,.T.);
#7309 = EDGE_CURVE('',#7234,#7310,#7312,.T.);
#7310 = VERTEX_POINT('',#7311);
#7311 = CARTESIAN_POINT('',(0.,16.3,3.26));
#7312 = SURFACE_CURVE('',#7313,(#7317,#7324),.PCURVE_S1.);
#7313 = LINE('',#7314,#7315);
#7314 = CARTESIAN_POINT('',(9.55,16.3,3.26));
#7315 = VECTOR('',#7316,1.);
#7316 = DIRECTION('',(-1.,0.,0.));
#7317 = PCURVE('',#7272,#7318);
#7318 = DEFINITIONAL_REPRESENTATION('',(#7319),#7323);
#7319 = LINE('',#7320,#7321);
#7320 = CARTESIAN_POINT('',(0.,-0.25));
#7321 = VECTOR('',#7322,1.);
#7322 = DIRECTION('',(1.,0.));
#7323 = ( GEOMETRIC_REPRESENTATION_CONTEXT(2) 
PARAMETRIC_REPRESENTATION_CONTEXT() REPRESENTATION_CONTEXT('2D SPACE',''
  ) );
#7324 = PCURVE('',#6859,#7325);
#7325 = DEFINITIONAL_REPRESENTATION('',(#7326),#7330);
#7326 = LINE('',#7327,#7328);
#7327 = CARTESIAN_POINT('',(3.686961591309,7.56929714034));
#7328 = VECTOR('',#7329,1.);
#7329 = DIRECTION('',(-1.,0.));
#7330 = ( GEOMETRIC_REPRESENTATION_CONTEXT(2) 
PARAMETRIC_REPRESENTATION_CONTEXT() REPRESENTATION_CONTEXT('2D SPACE',''
  ) );
#7331 = ORIENTED_EDGE('',*,*,#7332,.F.);
#7332 = EDGE_CURVE('',#7333,#7310,#7335,.T.);
#7333 = VERTEX_POINT('',#7334);
#7334 = CARTESIAN_POINT('',(0.,16.3,3.01));
#7335 = SURFACE_CURVE('',#7336,(#7340,#7347),.PCURVE_S1.);
#7336 = LINE('',#7337,#7338);
#7337 = CARTESIAN_POINT('',(0.,16.3,3.01));
#7338 = VECTOR('',#7339,1.);
#7339 = DIRECTION('',(0.,0.,1.));
#7340 = PCURVE('',#7272,#7341);
#7341 = DEFINITIONAL_REPRESENTATION('',(#7342),#7346);
#7342 = LINE('',#7343,#7344);
#7343 = CARTESIAN_POINT('',(9.55,0.));
#7344 = VECTOR('',#7345,1.);
#7345 = DIRECTION('',(0.,-1.));
#7346 = ( GEOMETRIC_REPRESENTATION_CONTEXT(2) 
PARAMETRIC_REPRESENTATION_CONTEXT() REPRESENTATION_CONTEXT('2D SPACE',''
  ) );
#7347 = PCURVE('',#7348,#7353);
#7348 = PLANE('',#7349);
#7349 = AXIS2_PLACEMENT_3D('',#7350,#7351,#7352);
#7350 = CARTESIAN_POINT('',(0.,16.3,3.01));
#7351 = DIRECTION('',(1.,0.,-0.));
#7352 = DIRECTION('',(0.,-1.,0.));
#7353 = DEFINITIONAL_REPRESENTATION('',(#7354),#7358);
#7354 = LINE('',#7355,#7356);
#7355 = CARTESIAN_POINT('',(0.,0.));
#7356 = VECTOR('',#7357,1.);
#7357 = DIRECTION('',(0.,-1.));
#7358 = ( GEOMETRIC_REPRESENTATION_CONTEXT(2) 
PARAMETRIC_REPRESENTATION_CONTEXT() REPRESENTATION_CONTEXT('2D SPACE',''
  ) );
#7359 = ORIENTED_EDGE('',*,*,#7360,.F.);
#7360 = EDGE_CURVE('',#7257,#7333,#7361,.T.);
#7361 = SURFACE_CURVE('',#7362,(#7366,#7373),.PCURVE_S1.);
#7362 = LINE('',#7363,#7364);
#7363 = CARTESIAN_POINT('',(9.55,16.3,3.01));
#7364 = VECTOR('',#7365,1.);
#7365 = DIRECTION('',(-1.,0.,0.));
#7366 = PCURVE('',#7272,#7367);
#7367 = DEFINITIONAL_REPRESENTATION('',(#7368),#7372);
#7368 = LINE('',#7369,#7370);
#7369 = CARTESIAN_POINT('',(0.,-0.));
#7370 = VECTOR('',#7371,1.);
#7371 = DIRECTION('',(1.,0.));
#7372 = ( GEOMETRIC_REPRESENTATION_CONTEXT(2) 
PARAMETRIC_REPRESENTATION_CONTEXT() REPRESENTATION_CONTEXT('2D SPACE',''
  ) );
#7373 = PCURVE('',#6913,#7374);
#7374 = DEFINITIONAL_REPRESENTATION('',(#7375),#7379);
#7375 = LINE('',#7376,#7377);
#7376 = CARTESIAN_POINT('',(3.686961591309,7.56929714034));
#7377 = VECTOR('',#7378,1.);
#7378 = DIRECTION('',(-1.,0.));
#7379 = ( GEOMETRIC_REPRESENTATION_CONTEXT(2) 
PARAMETRIC_REPRESENTATION_CONTEXT() REPRESENTATION_CONTEXT('2D SPACE',''
  ) );
#7380 = ADVANCED_FACE('',(#7381),#7348,.F.);
#7381 = FACE_BOUND('',#7382,.F.);
#7382 = EDGE_LOOP('',(#7383,#7384,#7407,#7435));
#7383 = ORIENTED_EDGE('',*,*,#7332,.T.);
#7384 = ORIENTED_EDGE('',*,*,#7385,.T.);
#7385 = EDGE_CURVE('',#7310,#7386,#7388,.T.);
#7386 = VERTEX_POINT('',#7387);
#7387 = CARTESIAN_POINT('',(0.,7.32,3.26));
#7388 = SURFACE_CURVE('',#7389,(#7393,#7400),.PCURVE_S1.);
#7389 = LINE('',#7390,#7391);
#7390 = CARTESIAN_POINT('',(0.,16.3,3.26));
#7391 = VECTOR('',#7392,1.);
#7392 = DIRECTION('',(0.,-1.,0.));
#7393 = PCURVE('',#7348,#7394);
#7394 = DEFINITIONAL_REPRESENTATION('',(#7395),#7399);
#7395 = LINE('',#7396,#7397);
#7396 = CARTESIAN_POINT('',(0.,-0.25));
#7397 = VECTOR('',#7398,1.);
#7398 = DIRECTION('',(1.,0.));
#7399 = ( GEOMETRIC_REPRESENTATION_CONTEXT(2) 
PARAMETRIC_REPRESENTATION_CONTEXT() REPRESENTATION_CONTEXT('2D SPACE',''
  ) );
#7400 = PCURVE('',#6859,#7401);
#7401 = DEFINITIONAL_REPRESENTATION('',(#7402),#7406);
#7402 = LINE('',#7403,#7404);
#7403 = CARTESIAN_POINT('',(-5.863038408691,7.56929714034));
#7404 = VECTOR('',#7405,1.);
#7405 = DIRECTION('',(0.,-1.));
#7406 = ( GEOMETRIC_REPRESENTATION_CONTEXT(2) 
PARAMETRIC_REPRESENTATION_CONTEXT() REPRESENTATION_CONTEXT('2D SPACE',''
  ) );
#7407 = ORIENTED_EDGE('',*,*,#7408,.F.);
#7408 = EDGE_CURVE('',#7409,#7386,#7411,.T.);
#7409 = VERTEX_POINT('',#7410);
#7410 = CARTESIAN_POINT('',(0.,7.32,3.01));
#7411 = SURFACE_CURVE('',#7412,(#7416,#7423),.PCURVE_S1.);
#7412 = LINE('',#7413,#7414);
#7413 = CARTESIAN_POINT('',(0.,7.32,3.01));
#7414 = VECTOR('',#7415,1.);
#7415 = DIRECTION('',(0.,0.,1.));
#7416 = PCURVE('',#7348,#7417);
#7417 = DEFINITIONAL_REPRESENTATION('',(#7418),#7422);
#7418 = LINE('',#7419,#7420);
#7419 = CARTESIAN_POINT('',(8.98,0.));
#7420 = VECTOR('',#7421,1.);
#7421 = DIRECTION('',(0.,-1.));
#7422 = ( GEOMETRIC_REPRESENTATION_CONTEXT(2) 
PARAMETRIC_REPRESENTATION_CONTEXT() REPRESENTATION_CONTEXT('2D SPACE',''
  ) );
#7423 = PCURVE('',#7424,#7429);
#7424 = PLANE('',#7425);
#7425 = AXIS2_PLACEMENT_3D('',#7426,#7427,#7428);
#7426 = CARTESIAN_POINT('',(0.,7.32,3.01));
#7427 = DIRECTION('',(0.,1.,0.));
#7428 = DIRECTION('',(1.,0.,0.));
#7429 = DEFINITIONAL_REPRESENTATION('',(#7430),#7434);
#7430 = LINE('',#7431,#7432);
#7431 = CARTESIAN_POINT('',(0.,0.));
#7432 = VECTOR('',#7433,1.);
#7433 = DIRECTION('',(0.,-1.));
#7434 = ( GEOMETRIC_REPRESENTATION_CONTEXT(2) 
PARAMETRIC_REPRESENTATION_CONTEXT() REPRESENTATION_CONTEXT('2D SPACE',''
  ) );
#7435 = ORIENTED_EDGE('',*,*,#7436,.F.);
#7436 = EDGE_CURVE('',#7333,#7409,#7437,.T.);
#7437 = SURFACE_CURVE('',#7438,(#7442,#7449),.PCURVE_S1.);
#7438 = LINE('',#7439,#7440);
#7439 = CARTESIAN_POINT('',(0.,16.3,3.01));
#7440 = VECTOR('',#7441,1.);
#7441 = DIRECTION('',(0.,-1.,0.));
#7442 = PCURVE('',#7348,#7443);
#7443 = DEFINITIONAL_REPRESENTATION('',(#7444),#7448);
#7444 = LINE('',#7445,#7446);
#7445 = CARTESIAN_POINT('',(0.,0.));
#7446 = VECTOR('',#7447,1.);
#7447 = DIRECTION('',(1.,0.));
#7448 = ( GEOMETRIC_REPRESENTATION_CONTEXT(2) 
PARAMETRIC_REPRESENTATION_CONTEXT() REPRESENTATION_CONTEXT('2D SPACE',''
  ) );
#7449 = PCURVE('',#6913,#7450);
#7450 = DEFINITIONAL_REPRESENTATION('',(#7451),#7455);
#7451 = LINE('',#7452,#7453);
#7452 = CARTESIAN_POINT('',(-5.863038408691,7.56929714034));
#7453 = VECTOR('',#7454,1.);
#7454 = DIRECTION('',(0.,-1.));
#7455 = ( GEOMETRIC_REPRESENTATION_CONTEXT(2) 
PARAMETRIC_REPRESENTATION_CONTEXT() REPRESENTATION_CONTEXT('2D SPACE',''
  ) );
#7456 = ADVANCED_FACE('',(#7457),#7424,.F.);
#7457 = FACE_BOUND('',#7458,.F.);
#7458 = EDGE_LOOP('',(#7459,#7460,#7483,#7506));
#7459 = ORIENTED_EDGE('',*,*,#7408,.T.);
#7460 = ORIENTED_EDGE('',*,*,#7461,.T.);
#7461 = EDGE_CURVE('',#7386,#7462,#7464,.T.);
#7462 = VERTEX_POINT('',#7463);
#7463 = CARTESIAN_POINT('',(2.87,7.32,3.26));
#7464 = SURFACE_CURVE('',#7465,(#7469,#7476),.PCURVE_S1.);
#7465 = LINE('',#7466,#7467);
#7466 = CARTESIAN_POINT('',(0.,7.32,3.26));
#7467 = VECTOR('',#7468,1.);
#7468 = DIRECTION('',(1.,0.,0.));
#7469 = PCURVE('',#7424,#7470);
#7470 = DEFINITIONAL_REPRESENTATION('',(#7471),#7475);
#7471 = LINE('',#7472,#7473);
#7472 = CARTESIAN_POINT('',(0.,-0.25));
#7473 = VECTOR('',#7474,1.);
#7474 = DIRECTION('',(1.,0.));
#7475 = ( GEOMETRIC_REPRESENTATION_CONTEXT(2) 
PARAMETRIC_REPRESENTATION_CONTEXT() REPRESENTATION_CONTEXT('2D SPACE',''
  ) );
#7476 = PCURVE('',#6859,#7477);
#7477 = DEFINITIONAL_REPRESENTATION('',(#7478),#7482);
#7478 = LINE('',#7479,#7480);
#7479 = CARTESIAN_POINT('',(-5.863038408691,-1.41070285966));
#7480 = VECTOR('',#7481,1.);
#7481 = DIRECTION('',(1.,0.));
#7482 = ( GEOMETRIC_REPRESENTATION_CONTEXT(2) 
PARAMETRIC_REPRESENTATION_CONTEXT() REPRESENTATION_CONTEXT('2D SPACE',''
  ) );
#7483 = ORIENTED_EDGE('',*,*,#7484,.F.);
#7484 = EDGE_CURVE('',#7485,#7462,#7487,.T.);
#7485 = VERTEX_POINT('',#7486);
#7486 = CARTESIAN_POINT('',(2.87,7.32,3.01));
#7487 = SURFACE_CURVE('',#7488,(#7492,#7499),.PCURVE_S1.);
#7488 = LINE('',#7489,#7490);
#7489 = CARTESIAN_POINT('',(2.87,7.32,3.01));
#7490 = VECTOR('',#7491,1.);
#7491 = DIRECTION('',(0.,0.,1.));
#7492 = PCURVE('',#7424,#7493);
#7493 = DEFINITIONAL_REPRESENTATION('',(#7494),#7498);
#7494 = LINE('',#7495,#7496);
#7495 = CARTESIAN_POINT('',(2.87,0.));
#7496 = VECTOR('',#7497,1.);
#7497 = DIRECTION('',(0.,-1.));
#7498 = ( GEOMETRIC_REPRESENTATION_CONTEXT(2) 
PARAMETRIC_REPRESENTATION_CONTEXT() REPRESENTATION_CONTEXT('2D SPACE',''
  ) );
#7499 = PCURVE('',#6831,#7500);
#7500 = DEFINITIONAL_REPRESENTATION('',(#7501),#7505);
#7501 = LINE('',#7502,#7503);
#7502 = CARTESIAN_POINT('',(0.,0.));
#7503 = VECTOR('',#7504,1.);
#7504 = DIRECTION('',(0.,-1.));
#7505 = ( GEOMETRIC_REPRESENTATION_CONTEXT(2) 
PARAMETRIC_REPRESENTATION_CONTEXT() REPRESENTATION_CONTEXT('2D SPACE',''
  ) );
#7506 = ORIENTED_EDGE('',*,*,#7507,.F.);
#7507 = EDGE_CURVE('',#7409,#7485,#7508,.T.);
#7508 = SURFACE_CURVE('',#7509,(#7513,#7520),.PCURVE_S1.);
#7509 = LINE('',#7510,#7511);
#7510 = CARTESIAN_POINT('',(0.,7.32,3.01));
#7511 = VECTOR('',#7512,1.);
#7512 = DIRECTION('',(1.,0.,0.));
#7513 = PCURVE('',#7424,#7514);
#7514 = DEFINITIONAL_REPRESENTATION('',(#7515),#7519);
#7515 = LINE('',#7516,#7517);
#7516 = CARTESIAN_POINT('',(0.,0.));
#7517 = VECTOR('',#7518,1.);
#7518 = DIRECTION('',(1.,0.));
#7519 = ( GEOMETRIC_REPRESENTATION_CONTEXT(2) 
PARAMETRIC_REPRESENTATION_CONTEXT() REPRESENTATION_CONTEXT('2D SPACE',''
  ) );
#7520 = PCURVE('',#6913,#7521);
#7521 = DEFINITIONAL_REPRESENTATION('',(#7522),#7526);
#7522 = LINE('',#7523,#7524);
#7523 = CARTESIAN_POINT('',(-5.863038408691,-1.41070285966));
#7524 = VECTOR('',#7525,1.);
#7525 = DIRECTION('',(1.,0.));
#7526 = ( GEOMETRIC_REPRESENTATION_CONTEXT(2) 
PARAMETRIC_REPRESENTATION_CONTEXT() REPRESENTATION_CONTEXT('2D SPACE',''
  ) );
#7527 = ADVANCED_FACE('',(#7528),#6831,.F.);
#7528 = FACE_BOUND('',#7529,.F.);
#7529 = EDGE_LOOP('',(#7530,#7531,#7552,#7553));
#7530 = ORIENTED_EDGE('',*,*,#7484,.T.);
#7531 = ORIENTED_EDGE('',*,*,#7532,.T.);
#7532 = EDGE_CURVE('',#7462,#6811,#7533,.T.);
#7533 = SURFACE_CURVE('',#7534,(#7538,#7545),.PCURVE_S1.);
#7534 = LINE('',#7535,#7536);
#7535 = CARTESIAN_POINT('',(2.87,7.32,3.26));
#7536 = VECTOR('',#7537,1.);
#7537 = DIRECTION('',(3.822341272335E-02,-0.999269218339,0.));
#7538 = PCURVE('',#6831,#7539);
#7539 = DEFINITIONAL_REPRESENTATION('',(#7540),#7544);
#7540 = LINE('',#7541,#7542);
#7541 = CARTESIAN_POINT('',(0.,-0.25));
#7542 = VECTOR('',#7543,1.);
#7543 = DIRECTION('',(1.,0.));
#7544 = ( GEOMETRIC_REPRESENTATION_CONTEXT(2) 
PARAMETRIC_REPRESENTATION_CONTEXT() REPRESENTATION_CONTEXT('2D SPACE',''
  ) );
#7545 = PCURVE('',#6859,#7546);
#7546 = DEFINITIONAL_REPRESENTATION('',(#7547),#7551);
#7547 = LINE('',#7548,#7549);
#7548 = CARTESIAN_POINT('',(-2.993038408691,-1.41070285966));
#7549 = VECTOR('',#7550,1.);
#7550 = DIRECTION('',(3.822341272335E-02,-0.999269218339));
#7551 = ( GEOMETRIC_REPRESENTATION_CONTEXT(2) 
PARAMETRIC_REPRESENTATION_CONTEXT() REPRESENTATION_CONTEXT('2D SPACE',''
  ) );
#7552 = ORIENTED_EDGE('',*,*,#6808,.F.);
#7553 = ORIENTED_EDGE('',*,*,#7554,.F.);
#7554 = EDGE_CURVE('',#7485,#6809,#7555,.T.);
#7555 = SURFACE_CURVE('',#7556,(#7560,#7567),.PCURVE_S1.);
#7556 = LINE('',#7557,#7558);
#7557 = CARTESIAN_POINT('',(2.87,7.32,3.01));
#7558 = VECTOR('',#7559,1.);
#7559 = DIRECTION('',(3.822341272335E-02,-0.999269218339,0.));
#7560 = PCURVE('',#6831,#7561);
#7561 = DEFINITIONAL_REPRESENTATION('',(#7562),#7566);
#7562 = LINE('',#7563,#7564);
#7563 = CARTESIAN_POINT('',(0.,0.));
#7564 = VECTOR('',#7565,1.);
#7565 = DIRECTION('',(1.,0.));
#7566 = ( GEOMETRIC_REPRESENTATION_CONTEXT(2) 
PARAMETRIC_REPRESENTATION_CONTEXT() REPRESENTATION_CONTEXT('2D SPACE',''
  ) );
#7567 = PCURVE('',#6913,#7568);
#7568 = DEFINITIONAL_REPRESENTATION('',(#7569),#7573);
#7569 = LINE('',#7570,#7571);
#7570 = CARTESIAN_POINT('',(-2.993038408691,-1.41070285966));
#7571 = VECTOR('',#7572,1.);
#7572 = DIRECTION('',(3.822341272335E-02,-0.999269218339));
#7573 = ( GEOMETRIC_REPRESENTATION_CONTEXT(2) 
PARAMETRIC_REPRESENTATION_CONTEXT() REPRESENTATION_CONTEXT('2D SPACE',''
  ) );
#7574 = ADVANCED_FACE('',(#7575),#6913,.F.);
#7575 = FACE_BOUND('',#7576,.F.);
#7576 = EDGE_LOOP('',(#7577,#7578,#7579,#7580,#7581,#7582,#7583,#7584,
    #7585,#7586));
#7577 = ORIENTED_EDGE('',*,*,#6899,.T.);
#7578 = ORIENTED_EDGE('',*,*,#6980,.T.);
#7579 = ORIENTED_EDGE('',*,*,#7056,.T.);
#7580 = ORIENTED_EDGE('',*,*,#7132,.T.);
#7581 = ORIENTED_EDGE('',*,*,#7208,.T.);
#7582 = ORIENTED_EDGE('',*,*,#7284,.T.);
#7583 = ORIENTED_EDGE('',*,*,#7360,.T.);
#7584 = ORIENTED_EDGE('',*,*,#7436,.T.);
#7585 = ORIENTED_EDGE('',*,*,#7507,.T.);
#7586 = ORIENTED_EDGE('',*,*,#7554,.T.);
#7587 = ADVANCED_FACE('',(#7588),#6859,.T.);
#7588 = FACE_BOUND('',#7589,.T.);
#7589 = EDGE_LOOP('',(#7590,#7591,#7592,#7593,#7594,#7595,#7596,#7597,
    #7598,#7599));
#7590 = ORIENTED_EDGE('',*,*,#6843,.T.);
#7591 = ORIENTED_EDGE('',*,*,#6929,.T.);
#7592 = ORIENTED_EDGE('',*,*,#7005,.T.);
#7593 = ORIENTED_EDGE('',*,*,#7081,.T.);
#7594 = ORIENTED_EDGE('',*,*,#7157,.T.);
#7595 = ORIENTED_EDGE('',*,*,#7233,.T.);
#7596 = ORIENTED_EDGE('',*,*,#7309,.T.);
#7597 = ORIENTED_EDGE('',*,*,#7385,.T.);
#7598 = ORIENTED_EDGE('',*,*,#7461,.T.);
#7599 = ORIENTED_EDGE('',*,*,#7532,.T.);
#7600 = ( GEOMETRIC_REPRESENTATION_CONTEXT(3) 
GLOBAL_UNCERTAINTY_ASSIGNED_CONTEXT((#7604)) 
GLOBAL_UNIT_ASSIGNED_CONTEXT((#7601,#7602,#7603)) REPRESENTATION_CONTEXT
('Context #1','3D Context with UNIT and UNCERTAINTY') );
#7601 = ( LENGTH_UNIT() NAMED_UNIT(*) SI_UNIT(.MILLI.,.METRE.) );
#7602 = ( NAMED_UNIT(*) PLANE_ANGLE_UNIT() SI_UNIT($,.RADIAN.) );
#7603 = ( NAMED_UNIT(*) SI_UNIT($,.STERADIAN.) SOLID_ANGLE_UNIT() );
#7604 = UNCERTAINTY_MEASURE_WITH_UNIT(LENGTH_MEASURE(1.E-07),#7601,
  'distance_accuracy_value','confusion accuracy');
#7605 = CONTEXT_DEPENDENT_SHAPE_REPRESENTATION(#7606,#7608);
#7606 = ( REPRESENTATION_RELATIONSHIP('','',#6801,#10) 
REPRESENTATION_RELATIONSHIP_WITH_TRANSFORMATION(#7607) 
SHAPE_REPRESENTATION_RELATIONSHIP() );
#7607 = ITEM_DEFINED_TRANSFORMATION('','',#11,#35);
#7608 = PRODUCT_DEFINITION_SHAPE('Placement','Placement of an item',
  #7609);
#7609 = NEXT_ASSEMBLY_USAGE_OCCURRENCE('6','forjado_PB_PA','',#5,#6796,$
  );
#7610 = PRODUCT_RELATED_PRODUCT_CATEGORY('part',$,(#6798));
#7611 = SHAPE_DEFINITION_REPRESENTATION(#7612,#7618);
#7612 = PRODUCT_DEFINITION_SHAPE('','',#7613);
#7613 = PRODUCT_DEFINITION('design','',#7614,#7617);
#7614 = PRODUCT_DEFINITION_FORMATION('','',#7615);
#7615 = PRODUCT('forjado_cubierta','forjado_cubierta','',(#7616));
#7616 = PRODUCT_CONTEXT('',#2,'mechanical');
#7617 = PRODUCT_DEFINITION_CONTEXT('part definition',#2,'design');
#7618 = ADVANCED_BREP_SHAPE_REPRESENTATION('',(#11,#7619),#8417);
#7619 = MANIFOLD_SOLID_BREP('',#7620);
#7620 = CLOSED_SHELL('',(#7621,#7741,#7817,#7893,#7969,#8045,#8121,#8197
    ,#8273,#8344,#8391,#8404));
#7621 = ADVANCED_FACE('',(#7622),#7636,.F.);
#7622 = FACE_BOUND('',#7623,.F.);
#7623 = EDGE_LOOP('',(#7624,#7659,#7687,#7715));
#7624 = ORIENTED_EDGE('',*,*,#7625,.T.);
#7625 = EDGE_CURVE('',#7626,#7628,#7630,.T.);
#7626 = VERTEX_POINT('',#7627);
#7627 = CARTESIAN_POINT('',(3.15,0.,5.96));
#7628 = VERTEX_POINT('',#7629);
#7629 = CARTESIAN_POINT('',(3.15,0.,6.21));
#7630 = SURFACE_CURVE('',#7631,(#7635,#7647),.PCURVE_S1.);
#7631 = LINE('',#7632,#7633);
#7632 = CARTESIAN_POINT('',(3.15,0.,5.96));
#7633 = VECTOR('',#7634,1.);
#7634 = DIRECTION('',(0.,0.,1.));
#7635 = PCURVE('',#7636,#7641);
#7636 = PLANE('',#7637);
#7637 = AXIS2_PLACEMENT_3D('',#7638,#7639,#7640);
#7638 = CARTESIAN_POINT('',(3.15,0.,5.96));
#7639 = DIRECTION('',(0.,1.,0.));
#7640 = DIRECTION('',(1.,0.,0.));
#7641 = DEFINITIONAL_REPRESENTATION('',(#7642),#7646);
#7642 = LINE('',#7643,#7644);
#7643 = CARTESIAN_POINT('',(0.,0.));
#7644 = VECTOR('',#7645,1.);
#7645 = DIRECTION('',(0.,-1.));
#7646 = ( GEOMETRIC_REPRESENTATION_CONTEXT(2) 
PARAMETRIC_REPRESENTATION_CONTEXT() REPRESENTATION_CONTEXT('2D SPACE',''
  ) );
#7647 = PCURVE('',#7648,#7653);
#7648 = PLANE('',#7649);
#7649 = AXIS2_PLACEMENT_3D('',#7650,#7651,#7652);
#7650 = CARTESIAN_POINT('',(2.87,7.32,5.96));
#7651 = DIRECTION('',(0.999269218339,3.822341272335E-02,-0.));
#7652 = DIRECTION('',(3.822341272335E-02,-0.999269218339,0.));
#7653 = DEFINITIONAL_REPRESENTATION('',(#7654),#7658);
#7654 = LINE('',#7655,#7656);
#7655 = CARTESIAN_POINT('',(7.325353233804,0.));
#7656 = VECTOR('',#7657,1.);
#7657 = DIRECTION('',(0.,-1.));
#7658 = ( GEOMETRIC_REPRESENTATION_CONTEXT(2) 
PARAMETRIC_REPRESENTATION_CONTEXT() REPRESENTATION_CONTEXT('2D SPACE',''
  ) );
#7659 = ORIENTED_EDGE('',*,*,#7660,.T.);
#7660 = EDGE_CURVE('',#7628,#7661,#7663,.T.);
#7661 = VERTEX_POINT('',#7662);
#7662 = CARTESIAN_POINT('',(9.55,0.,6.21));
#7663 = SURFACE_CURVE('',#7664,(#7668,#7675),.PCURVE_S1.);
#7664 = LINE('',#7665,#7666);
#7665 = CARTESIAN_POINT('',(3.15,0.,6.21));
#7666 = VECTOR('',#7667,1.);
#7667 = DIRECTION('',(1.,0.,0.));
#7668 = PCURVE('',#7636,#7669);
#7669 = DEFINITIONAL_REPRESENTATION('',(#7670),#7674);
#7670 = LINE('',#7671,#7672);
#7671 = CARTESIAN_POINT('',(0.,-0.25));
#7672 = VECTOR('',#7673,1.);
#7673 = DIRECTION('',(1.,0.));
#7674 = ( GEOMETRIC_REPRESENTATION_CONTEXT(2) 
PARAMETRIC_REPRESENTATION_CONTEXT() REPRESENTATION_CONTEXT('2D SPACE',''
  ) );
#7675 = PCURVE('',#7676,#7681);
#7676 = PLANE('',#7677);
#7677 = AXIS2_PLACEMENT_3D('',#7678,#7679,#7680);
#7678 = CARTESIAN_POINT('',(5.863038408691,8.73070285966,6.21));
#7679 = DIRECTION('',(0.,0.,1.));
#7680 = DIRECTION('',(1.,0.,-0.));
#7681 = DEFINITIONAL_REPRESENTATION('',(#7682),#7686);
#7682 = LINE('',#7683,#7684);
#7683 = CARTESIAN_POINT('',(-2.713038408691,-8.73070285966));
#7684 = VECTOR('',#7685,1.);
#7685 = DIRECTION('',(1.,0.));
#7686 = ( GEOMETRIC_REPRESENTATION_CONTEXT(2) 
PARAMETRIC_REPRESENTATION_CONTEXT() REPRESENTATION_CONTEXT('2D SPACE',''
  ) );
#7687 = ORIENTED_EDGE('',*,*,#7688,.F.);
#7688 = EDGE_CURVE('',#7689,#7661,#7691,.T.);
#7689 = VERTEX_POINT('',#7690);
#7690 = CARTESIAN_POINT('',(9.55,0.,5.96));
#7691 = SURFACE_CURVE('',#7692,(#7696,#7703),.PCURVE_S1.);
#7692 = LINE('',#7693,#7694);
#7693 = CARTESIAN_POINT('',(9.55,0.,5.96));
#7694 = VECTOR('',#7695,1.);
#7695 = DIRECTION('',(0.,0.,1.));
#7696 = PCURVE('',#7636,#7697);
#7697 = DEFINITIONAL_REPRESENTATION('',(#7698),#7702);
#7698 = LINE('',#7699,#7700);
#7699 = CARTESIAN_POINT('',(6.4,0.));
#7700 = VECTOR('',#7701,1.);
#7701 = DIRECTION('',(0.,-1.));
#7702 = ( GEOMETRIC_REPRESENTATION_CONTEXT(2) 
PARAMETRIC_REPRESENTATION_CONTEXT() REPRESENTATION_CONTEXT('2D SPACE',''
  ) );
#7703 = PCURVE('',#7704,#7709);
#7704 = PLANE('',#7705);
#7705 = AXIS2_PLACEMENT_3D('',#7706,#7707,#7708);
#7706 = CARTESIAN_POINT('',(9.55,0.,5.96));
#7707 = DIRECTION('',(-1.,0.,0.));
#7708 = DIRECTION('',(0.,1.,0.));
#7709 = DEFINITIONAL_REPRESENTATION('',(#7710),#7714);
#7710 = LINE('',#7711,#7712);
#7711 = CARTESIAN_POINT('',(0.,0.));
#7712 = VECTOR('',#7713,1.);
#7713 = DIRECTION('',(0.,-1.));
#7714 = ( GEOMETRIC_REPRESENTATION_CONTEXT(2) 
PARAMETRIC_REPRESENTATION_CONTEXT() REPRESENTATION_CONTEXT('2D SPACE',''
  ) );
#7715 = ORIENTED_EDGE('',*,*,#7716,.F.);
#7716 = EDGE_CURVE('',#7626,#7689,#7717,.T.);
#7717 = SURFACE_CURVE('',#7718,(#7722,#7729),.PCURVE_S1.);
#7718 = LINE('',#7719,#7720);
#7719 = CARTESIAN_POINT('',(3.15,0.,5.96));
#7720 = VECTOR('',#7721,1.);
#7721 = DIRECTION('',(1.,0.,0.));
#7722 = PCURVE('',#7636,#7723);
#7723 = DEFINITIONAL_REPRESENTATION('',(#7724),#7728);
#7724 = LINE('',#7725,#7726);
#7725 = CARTESIAN_POINT('',(0.,0.));
#7726 = VECTOR('',#7727,1.);
#7727 = DIRECTION('',(1.,0.));
#7728 = ( GEOMETRIC_REPRESENTATION_CONTEXT(2) 
PARAMETRIC_REPRESENTATION_CONTEXT() REPRESENTATION_CONTEXT('2D SPACE',''
  ) );
#7729 = PCURVE('',#7730,#7735);
#7730 = PLANE('',#7731);
#7731 = AXIS2_PLACEMENT_3D('',#7732,#7733,#7734);
#7732 = CARTESIAN_POINT('',(5.863038408691,8.73070285966,5.96));
#7733 = DIRECTION('',(0.,0.,1.));
#7734 = DIRECTION('',(1.,0.,-0.));
#7735 = DEFINITIONAL_REPRESENTATION('',(#7736),#7740);
#7736 = LINE('',#7737,#7738);
#7737 = CARTESIAN_POINT('',(-2.713038408691,-8.73070285966));
#7738 = VECTOR('',#7739,1.);
#7739 = DIRECTION('',(1.,0.));
#7740 = ( GEOMETRIC_REPRESENTATION_CONTEXT(2) 
PARAMETRIC_REPRESENTATION_CONTEXT() REPRESENTATION_CONTEXT('2D SPACE',''
  ) );
#7741 = ADVANCED_FACE('',(#7742),#7704,.F.);
#7742 = FACE_BOUND('',#7743,.F.);
#7743 = EDGE_LOOP('',(#7744,#7745,#7768,#7796));
#7744 = ORIENTED_EDGE('',*,*,#7688,.T.);
#7745 = ORIENTED_EDGE('',*,*,#7746,.T.);
#7746 = EDGE_CURVE('',#7661,#7747,#7749,.T.);
#7747 = VERTEX_POINT('',#7748);
#7748 = CARTESIAN_POINT('',(9.55,8.3,6.21));
#7749 = SURFACE_CURVE('',#7750,(#7754,#7761),.PCURVE_S1.);
#7750 = LINE('',#7751,#7752);
#7751 = CARTESIAN_POINT('',(9.55,0.,6.21));
#7752 = VECTOR('',#7753,1.);
#7753 = DIRECTION('',(0.,1.,0.));
#7754 = PCURVE('',#7704,#7755);
#7755 = DEFINITIONAL_REPRESENTATION('',(#7756),#7760);
#7756 = LINE('',#7757,#7758);
#7757 = CARTESIAN_POINT('',(0.,-0.25));
#7758 = VECTOR('',#7759,1.);
#7759 = DIRECTION('',(1.,0.));
#7760 = ( GEOMETRIC_REPRESENTATION_CONTEXT(2) 
PARAMETRIC_REPRESENTATION_CONTEXT() REPRESENTATION_CONTEXT('2D SPACE',''
  ) );
#7761 = PCURVE('',#7676,#7762);
#7762 = DEFINITIONAL_REPRESENTATION('',(#7763),#7767);
#7763 = LINE('',#7764,#7765);
#7764 = CARTESIAN_POINT('',(3.686961591309,-8.73070285966));
#7765 = VECTOR('',#7766,1.);
#7766 = DIRECTION('',(0.,1.));
#7767 = ( GEOMETRIC_REPRESENTATION_CONTEXT(2) 
PARAMETRIC_REPRESENTATION_CONTEXT() REPRESENTATION_CONTEXT('2D SPACE',''
  ) );
#7768 = ORIENTED_EDGE('',*,*,#7769,.F.);
#7769 = EDGE_CURVE('',#7770,#7747,#7772,.T.);
#7770 = VERTEX_POINT('',#7771);
#7771 = CARTESIAN_POINT('',(9.55,8.3,5.96));
#7772 = SURFACE_CURVE('',#7773,(#7777,#7784),.PCURVE_S1.);
#7773 = LINE('',#7774,#7775);
#7774 = CARTESIAN_POINT('',(9.55,8.3,5.96));
#7775 = VECTOR('',#7776,1.);
#7776 = DIRECTION('',(0.,0.,1.));
#7777 = PCURVE('',#7704,#7778);
#7778 = DEFINITIONAL_REPRESENTATION('',(#7779),#7783);
#7779 = LINE('',#7780,#7781);
#7780 = CARTESIAN_POINT('',(8.3,0.));
#7781 = VECTOR('',#7782,1.);
#7782 = DIRECTION('',(0.,-1.));
#7783 = ( GEOMETRIC_REPRESENTATION_CONTEXT(2) 
PARAMETRIC_REPRESENTATION_CONTEXT() REPRESENTATION_CONTEXT('2D SPACE',''
  ) );
#7784 = PCURVE('',#7785,#7790);
#7785 = PLANE('',#7786);
#7786 = AXIS2_PLACEMENT_3D('',#7787,#7788,#7789);
#7787 = CARTESIAN_POINT('',(9.55,8.3,5.96));
#7788 = DIRECTION('',(0.,1.,0.));
#7789 = DIRECTION('',(1.,0.,0.));
#7790 = DEFINITIONAL_REPRESENTATION('',(#7791),#7795);
#7791 = LINE('',#7792,#7793);
#7792 = CARTESIAN_POINT('',(0.,0.));
#7793 = VECTOR('',#7794,1.);
#7794 = DIRECTION('',(0.,-1.));
#7795 = ( GEOMETRIC_REPRESENTATION_CONTEXT(2) 
PARAMETRIC_REPRESENTATION_CONTEXT() REPRESENTATION_CONTEXT('2D SPACE',''
  ) );
#7796 = ORIENTED_EDGE('',*,*,#7797,.F.);
#7797 = EDGE_CURVE('',#7689,#7770,#7798,.T.);
#7798 = SURFACE_CURVE('',#7799,(#7803,#7810),.PCURVE_S1.);
#7799 = LINE('',#7800,#7801);
#7800 = CARTESIAN_POINT('',(9.55,0.,5.96));
#7801 = VECTOR('',#7802,1.);
#7802 = DIRECTION('',(0.,1.,0.));
#7803 = PCURVE('',#7704,#7804);
#7804 = DEFINITIONAL_REPRESENTATION('',(#7805),#7809);
#7805 = LINE('',#7806,#7807);
#7806 = CARTESIAN_POINT('',(0.,0.));
#7807 = VECTOR('',#7808,1.);
#7808 = DIRECTION('',(1.,0.));
#7809 = ( GEOMETRIC_REPRESENTATION_CONTEXT(2) 
PARAMETRIC_REPRESENTATION_CONTEXT() REPRESENTATION_CONTEXT('2D SPACE',''
  ) );
#7810 = PCURVE('',#7730,#7811);
#7811 = DEFINITIONAL_REPRESENTATION('',(#7812),#7816);
#7812 = LINE('',#7813,#7814);
#7813 = CARTESIAN_POINT('',(3.686961591309,-8.73070285966));
#7814 = VECTOR('',#7815,1.);
#7815 = DIRECTION('',(0.,1.));
#7816 = ( GEOMETRIC_REPRESENTATION_CONTEXT(2) 
PARAMETRIC_REPRESENTATION_CONTEXT() REPRESENTATION_CONTEXT('2D SPACE',''
  ) );
#7817 = ADVANCED_FACE('',(#7818),#7785,.F.);
#7818 = FACE_BOUND('',#7819,.F.);
#7819 = EDGE_LOOP('',(#7820,#7821,#7844,#7872));
#7820 = ORIENTED_EDGE('',*,*,#7769,.T.);
#7821 = ORIENTED_EDGE('',*,*,#7822,.T.);
#7822 = EDGE_CURVE('',#7747,#7823,#7825,.T.);
#7823 = VERTEX_POINT('',#7824);
#7824 = CARTESIAN_POINT('',(12.05,8.3,6.21));
#7825 = SURFACE_CURVE('',#7826,(#7830,#7837),.PCURVE_S1.);
#7826 = LINE('',#7827,#7828);
#7827 = CARTESIAN_POINT('',(9.55,8.3,6.21));
#7828 = VECTOR('',#7829,1.);
#7829 = DIRECTION('',(1.,0.,0.));
#7830 = PCURVE('',#7785,#7831);
#7831 = DEFINITIONAL_REPRESENTATION('',(#7832),#7836);
#7832 = LINE('',#7833,#7834);
#7833 = CARTESIAN_POINT('',(0.,-0.25));
#7834 = VECTOR('',#7835,1.);
#7835 = DIRECTION('',(1.,0.));
#7836 = ( GEOMETRIC_REPRESENTATION_CONTEXT(2) 
PARAMETRIC_REPRESENTATION_CONTEXT() REPRESENTATION_CONTEXT('2D SPACE',''
  ) );
#7837 = PCURVE('',#7676,#7838);
#7838 = DEFINITIONAL_REPRESENTATION('',(#7839),#7843);
#7839 = LINE('',#7840,#7841);
#7840 = CARTESIAN_POINT('',(3.686961591309,-0.43070285966));
#7841 = VECTOR('',#7842,1.);
#7842 = DIRECTION('',(1.,0.));
#7843 = ( GEOMETRIC_REPRESENTATION_CONTEXT(2) 
PARAMETRIC_REPRESENTATION_CONTEXT() REPRESENTATION_CONTEXT('2D SPACE',''
  ) );
#7844 = ORIENTED_EDGE('',*,*,#7845,.F.);
#7845 = EDGE_CURVE('',#7846,#7823,#7848,.T.);
#7846 = VERTEX_POINT('',#7847);
#7847 = CARTESIAN_POINT('',(12.05,8.3,5.96));
#7848 = SURFACE_CURVE('',#7849,(#7853,#7860),.PCURVE_S1.);
#7849 = LINE('',#7850,#7851);
#7850 = CARTESIAN_POINT('',(12.05,8.3,5.96));
#7851 = VECTOR('',#7852,1.);
#7852 = DIRECTION('',(0.,0.,1.));
#7853 = PCURVE('',#7785,#7854);
#7854 = DEFINITIONAL_REPRESENTATION('',(#7855),#7859);
#7855 = LINE('',#7856,#7857);
#7856 = CARTESIAN_POINT('',(2.5,0.));
#7857 = VECTOR('',#7858,1.);
#7858 = DIRECTION('',(0.,-1.));
#7859 = ( GEOMETRIC_REPRESENTATION_CONTEXT(2) 
PARAMETRIC_REPRESENTATION_CONTEXT() REPRESENTATION_CONTEXT('2D SPACE',''
  ) );
#7860 = PCURVE('',#7861,#7866);
#7861 = PLANE('',#7862);
#7862 = AXIS2_PLACEMENT_3D('',#7863,#7864,#7865);
#7863 = CARTESIAN_POINT('',(12.05,8.3,5.96));
#7864 = DIRECTION('',(-1.,0.,0.));
#7865 = DIRECTION('',(0.,1.,0.));
#7866 = DEFINITIONAL_REPRESENTATION('',(#7867),#7871);
#7867 = LINE('',#7868,#7869);
#7868 = CARTESIAN_POINT('',(0.,0.));
#7869 = VECTOR('',#7870,1.);
#7870 = DIRECTION('',(0.,-1.));
#7871 = ( GEOMETRIC_REPRESENTATION_CONTEXT(2) 
PARAMETRIC_REPRESENTATION_CONTEXT() REPRESENTATION_CONTEXT('2D SPACE',''
  ) );
#7872 = ORIENTED_EDGE('',*,*,#7873,.F.);
#7873 = EDGE_CURVE('',#7770,#7846,#7874,.T.);
#7874 = SURFACE_CURVE('',#7875,(#7879,#7886),.PCURVE_S1.);
#7875 = LINE('',#7876,#7877);
#7876 = CARTESIAN_POINT('',(9.55,8.3,5.96));
#7877 = VECTOR('',#7878,1.);
#7878 = DIRECTION('',(1.,0.,0.));
#7879 = PCURVE('',#7785,#7880);
#7880 = DEFINITIONAL_REPRESENTATION('',(#7881),#7885);
#7881 = LINE('',#7882,#7883);
#7882 = CARTESIAN_POINT('',(0.,0.));
#7883 = VECTOR('',#7884,1.);
#7884 = DIRECTION('',(1.,0.));
#7885 = ( GEOMETRIC_REPRESENTATION_CONTEXT(2) 
PARAMETRIC_REPRESENTATION_CONTEXT() REPRESENTATION_CONTEXT('2D SPACE',''
  ) );
#7886 = PCURVE('',#7730,#7887);
#7887 = DEFINITIONAL_REPRESENTATION('',(#7888),#7892);
#7888 = LINE('',#7889,#7890);
#7889 = CARTESIAN_POINT('',(3.686961591309,-0.43070285966));
#7890 = VECTOR('',#7891,1.);
#7891 = DIRECTION('',(1.,0.));
#7892 = ( GEOMETRIC_REPRESENTATION_CONTEXT(2) 
PARAMETRIC_REPRESENTATION_CONTEXT() REPRESENTATION_CONTEXT('2D SPACE',''
  ) );
#7893 = ADVANCED_FACE('',(#7894),#7861,.F.);
#7894 = FACE_BOUND('',#7895,.F.);
#7895 = EDGE_LOOP('',(#7896,#7897,#7920,#7948));
#7896 = ORIENTED_EDGE('',*,*,#7845,.T.);
#7897 = ORIENTED_EDGE('',*,*,#7898,.T.);
#7898 = EDGE_CURVE('',#7823,#7899,#7901,.T.);
#7899 = VERTEX_POINT('',#7900);
#7900 = CARTESIAN_POINT('',(12.05,11.8,6.21));
#7901 = SURFACE_CURVE('',#7902,(#7906,#7913),.PCURVE_S1.);
#7902 = LINE('',#7903,#7904);
#7903 = CARTESIAN_POINT('',(12.05,8.3,6.21));
#7904 = VECTOR('',#7905,1.);
#7905 = DIRECTION('',(0.,1.,0.));
#7906 = PCURVE('',#7861,#7907);
#7907 = DEFINITIONAL_REPRESENTATION('',(#7908),#7912);
#7908 = LINE('',#7909,#7910);
#7909 = CARTESIAN_POINT('',(0.,-0.25));
#7910 = VECTOR('',#7911,1.);
#7911 = DIRECTION('',(1.,0.));
#7912 = ( GEOMETRIC_REPRESENTATION_CONTEXT(2) 
PARAMETRIC_REPRESENTATION_CONTEXT() REPRESENTATION_CONTEXT('2D SPACE',''
  ) );
#7913 = PCURVE('',#7676,#7914);
#7914 = DEFINITIONAL_REPRESENTATION('',(#7915),#7919);
#7915 = LINE('',#7916,#7917);
#7916 = CARTESIAN_POINT('',(6.186961591309,-0.43070285966));
#7917 = VECTOR('',#7918,1.);
#7918 = DIRECTION('',(0.,1.));
#7919 = ( GEOMETRIC_REPRESENTATION_CONTEXT(2) 
PARAMETRIC_REPRESENTATION_CONTEXT() REPRESENTATION_CONTEXT('2D SPACE',''
  ) );
#7920 = ORIENTED_EDGE('',*,*,#7921,.F.);
#7921 = EDGE_CURVE('',#7922,#7899,#7924,.T.);
#7922 = VERTEX_POINT('',#7923);
#7923 = CARTESIAN_POINT('',(12.05,11.8,5.96));
#7924 = SURFACE_CURVE('',#7925,(#7929,#7936),.PCURVE_S1.);
#7925 = LINE('',#7926,#7927);
#7926 = CARTESIAN_POINT('',(12.05,11.8,5.96));
#7927 = VECTOR('',#7928,1.);
#7928 = DIRECTION('',(0.,0.,1.));
#7929 = PCURVE('',#7861,#7930);
#7930 = DEFINITIONAL_REPRESENTATION('',(#7931),#7935);
#7931 = LINE('',#7932,#7933);
#7932 = CARTESIAN_POINT('',(3.5,0.));
#7933 = VECTOR('',#7934,1.);
#7934 = DIRECTION('',(0.,-1.));
#7935 = ( GEOMETRIC_REPRESENTATION_CONTEXT(2) 
PARAMETRIC_REPRESENTATION_CONTEXT() REPRESENTATION_CONTEXT('2D SPACE',''
  ) );
#7936 = PCURVE('',#7937,#7942);
#7937 = PLANE('',#7938);
#7938 = AXIS2_PLACEMENT_3D('',#7939,#7940,#7941);
#7939 = CARTESIAN_POINT('',(12.05,11.8,5.96));
#7940 = DIRECTION('',(0.,-1.,0.));
#7941 = DIRECTION('',(-1.,0.,0.));
#7942 = DEFINITIONAL_REPRESENTATION('',(#7943),#7947);
#7943 = LINE('',#7944,#7945);
#7944 = CARTESIAN_POINT('',(0.,-0.));
#7945 = VECTOR('',#7946,1.);
#7946 = DIRECTION('',(0.,-1.));
#7947 = ( GEOMETRIC_REPRESENTATION_CONTEXT(2) 
PARAMETRIC_REPRESENTATION_CONTEXT() REPRESENTATION_CONTEXT('2D SPACE',''
  ) );
#7948 = ORIENTED_EDGE('',*,*,#7949,.F.);
#7949 = EDGE_CURVE('',#7846,#7922,#7950,.T.);
#7950 = SURFACE_CURVE('',#7951,(#7955,#7962),.PCURVE_S1.);
#7951 = LINE('',#7952,#7953);
#7952 = CARTESIAN_POINT('',(12.05,8.3,5.96));
#7953 = VECTOR('',#7954,1.);
#7954 = DIRECTION('',(0.,1.,0.));
#7955 = PCURVE('',#7861,#7956);
#7956 = DEFINITIONAL_REPRESENTATION('',(#7957),#7961);
#7957 = LINE('',#7958,#7959);
#7958 = CARTESIAN_POINT('',(0.,0.));
#7959 = VECTOR('',#7960,1.);
#7960 = DIRECTION('',(1.,0.));
#7961 = ( GEOMETRIC_REPRESENTATION_CONTEXT(2) 
PARAMETRIC_REPRESENTATION_CONTEXT() REPRESENTATION_CONTEXT('2D SPACE',''
  ) );
#7962 = PCURVE('',#7730,#7963);
#7963 = DEFINITIONAL_REPRESENTATION('',(#7964),#7968);
#7964 = LINE('',#7965,#7966);
#7965 = CARTESIAN_POINT('',(6.186961591309,-0.43070285966));
#7966 = VECTOR('',#7967,1.);
#7967 = DIRECTION('',(0.,1.));
#7968 = ( GEOMETRIC_REPRESENTATION_CONTEXT(2) 
PARAMETRIC_REPRESENTATION_CONTEXT() REPRESENTATION_CONTEXT('2D SPACE',''
  ) );
#7969 = ADVANCED_FACE('',(#7970),#7937,.F.);
#7970 = FACE_BOUND('',#7971,.F.);
#7971 = EDGE_LOOP('',(#7972,#7973,#7996,#8024));
#7972 = ORIENTED_EDGE('',*,*,#7921,.T.);
#7973 = ORIENTED_EDGE('',*,*,#7974,.T.);
#7974 = EDGE_CURVE('',#7899,#7975,#7977,.T.);
#7975 = VERTEX_POINT('',#7976);
#7976 = CARTESIAN_POINT('',(9.55,11.8,6.21));
#7977 = SURFACE_CURVE('',#7978,(#7982,#7989),.PCURVE_S1.);
#7978 = LINE('',#7979,#7980);
#7979 = CARTESIAN_POINT('',(12.05,11.8,6.21));
#7980 = VECTOR('',#7981,1.);
#7981 = DIRECTION('',(-1.,0.,0.));
#7982 = PCURVE('',#7937,#7983);
#7983 = DEFINITIONAL_REPRESENTATION('',(#7984),#7988);
#7984 = LINE('',#7985,#7986);
#7985 = CARTESIAN_POINT('',(0.,-0.25));
#7986 = VECTOR('',#7987,1.);
#7987 = DIRECTION('',(1.,0.));
#7988 = ( GEOMETRIC_REPRESENTATION_CONTEXT(2) 
PARAMETRIC_REPRESENTATION_CONTEXT() REPRESENTATION_CONTEXT('2D SPACE',''
  ) );
#7989 = PCURVE('',#7676,#7990);
#7990 = DEFINITIONAL_REPRESENTATION('',(#7991),#7995);
#7991 = LINE('',#7992,#7993);
#7992 = CARTESIAN_POINT('',(6.186961591309,3.06929714034));
#7993 = VECTOR('',#7994,1.);
#7994 = DIRECTION('',(-1.,0.));
#7995 = ( GEOMETRIC_REPRESENTATION_CONTEXT(2) 
PARAMETRIC_REPRESENTATION_CONTEXT() REPRESENTATION_CONTEXT('2D SPACE',''
  ) );
#7996 = ORIENTED_EDGE('',*,*,#7997,.F.);
#7997 = EDGE_CURVE('',#7998,#7975,#8000,.T.);
#7998 = VERTEX_POINT('',#7999);
#7999 = CARTESIAN_POINT('',(9.55,11.8,5.96));
#8000 = SURFACE_CURVE('',#8001,(#8005,#8012),.PCURVE_S1.);
#8001 = LINE('',#8002,#8003);
#8002 = CARTESIAN_POINT('',(9.55,11.8,5.96));
#8003 = VECTOR('',#8004,1.);
#8004 = DIRECTION('',(0.,0.,1.));
#8005 = PCURVE('',#7937,#8006);
#8006 = DEFINITIONAL_REPRESENTATION('',(#8007),#8011);
#8007 = LINE('',#8008,#8009);
#8008 = CARTESIAN_POINT('',(2.5,0.));
#8009 = VECTOR('',#8010,1.);
#8010 = DIRECTION('',(0.,-1.));
#8011 = ( GEOMETRIC_REPRESENTATION_CONTEXT(2) 
PARAMETRIC_REPRESENTATION_CONTEXT() REPRESENTATION_CONTEXT('2D SPACE',''
  ) );
#8012 = PCURVE('',#8013,#8018);
#8013 = PLANE('',#8014);
#8014 = AXIS2_PLACEMENT_3D('',#8015,#8016,#8017);
#8015 = CARTESIAN_POINT('',(9.55,11.8,5.96));
#8016 = DIRECTION('',(-1.,0.,0.));
#8017 = DIRECTION('',(0.,1.,0.));
#8018 = DEFINITIONAL_REPRESENTATION('',(#8019),#8023);
#8019 = LINE('',#8020,#8021);
#8020 = CARTESIAN_POINT('',(0.,0.));
#8021 = VECTOR('',#8022,1.);
#8022 = DIRECTION('',(0.,-1.));
#8023 = ( GEOMETRIC_REPRESENTATION_CONTEXT(2) 
PARAMETRIC_REPRESENTATION_CONTEXT() REPRESENTATION_CONTEXT('2D SPACE',''
  ) );
#8024 = ORIENTED_EDGE('',*,*,#8025,.F.);
#8025 = EDGE_CURVE('',#7922,#7998,#8026,.T.);
#8026 = SURFACE_CURVE('',#8027,(#8031,#8038),.PCURVE_S1.);
#8027 = LINE('',#8028,#8029);
#8028 = CARTESIAN_POINT('',(12.05,11.8,5.96));
#8029 = VECTOR('',#8030,1.);
#8030 = DIRECTION('',(-1.,0.,0.));
#8031 = PCURVE('',#7937,#8032);
#8032 = DEFINITIONAL_REPRESENTATION('',(#8033),#8037);
#8033 = LINE('',#8034,#8035);
#8034 = CARTESIAN_POINT('',(0.,-0.));
#8035 = VECTOR('',#8036,1.);
#8036 = DIRECTION('',(1.,0.));
#8037 = ( GEOMETRIC_REPRESENTATION_CONTEXT(2) 
PARAMETRIC_REPRESENTATION_CONTEXT() REPRESENTATION_CONTEXT('2D SPACE',''
  ) );
#8038 = PCURVE('',#7730,#8039);
#8039 = DEFINITIONAL_REPRESENTATION('',(#8040),#8044);
#8040 = LINE('',#8041,#8042);
#8041 = CARTESIAN_POINT('',(6.186961591309,3.06929714034));
#8042 = VECTOR('',#8043,1.);
#8043 = DIRECTION('',(-1.,0.));
#8044 = ( GEOMETRIC_REPRESENTATION_CONTEXT(2) 
PARAMETRIC_REPRESENTATION_CONTEXT() REPRESENTATION_CONTEXT('2D SPACE',''
  ) );
#8045 = ADVANCED_FACE('',(#8046),#8013,.F.);
#8046 = FACE_BOUND('',#8047,.F.);
#8047 = EDGE_LOOP('',(#8048,#8049,#8072,#8100));
#8048 = ORIENTED_EDGE('',*,*,#7997,.T.);
#8049 = ORIENTED_EDGE('',*,*,#8050,.T.);
#8050 = EDGE_CURVE('',#7975,#8051,#8053,.T.);
#8051 = VERTEX_POINT('',#8052);
#8052 = CARTESIAN_POINT('',(9.55,16.3,6.21));
#8053 = SURFACE_CURVE('',#8054,(#8058,#8065),.PCURVE_S1.);
#8054 = LINE('',#8055,#8056);
#8055 = CARTESIAN_POINT('',(9.55,11.8,6.21));
#8056 = VECTOR('',#8057,1.);
#8057 = DIRECTION('',(0.,1.,0.));
#8058 = PCURVE('',#8013,#8059);
#8059 = DEFINITIONAL_REPRESENTATION('',(#8060),#8064);
#8060 = LINE('',#8061,#8062);
#8061 = CARTESIAN_POINT('',(0.,-0.25));
#8062 = VECTOR('',#8063,1.);
#8063 = DIRECTION('',(1.,0.));
#8064 = ( GEOMETRIC_REPRESENTATION_CONTEXT(2) 
PARAMETRIC_REPRESENTATION_CONTEXT() REPRESENTATION_CONTEXT('2D SPACE',''
  ) );
#8065 = PCURVE('',#7676,#8066);
#8066 = DEFINITIONAL_REPRESENTATION('',(#8067),#8071);
#8067 = LINE('',#8068,#8069);
#8068 = CARTESIAN_POINT('',(3.686961591309,3.06929714034));
#8069 = VECTOR('',#8070,1.);
#8070 = DIRECTION('',(0.,1.));
#8071 = ( GEOMETRIC_REPRESENTATION_CONTEXT(2) 
PARAMETRIC_REPRESENTATION_CONTEXT() REPRESENTATION_CONTEXT('2D SPACE',''
  ) );
#8072 = ORIENTED_EDGE('',*,*,#8073,.F.);
#8073 = EDGE_CURVE('',#8074,#8051,#8076,.T.);
#8074 = VERTEX_POINT('',#8075);
#8075 = CARTESIAN_POINT('',(9.55,16.3,5.96));
#8076 = SURFACE_CURVE('',#8077,(#8081,#8088),.PCURVE_S1.);
#8077 = LINE('',#8078,#8079);
#8078 = CARTESIAN_POINT('',(9.55,16.3,5.96));
#8079 = VECTOR('',#8080,1.);
#8080 = DIRECTION('',(0.,0.,1.));
#8081 = PCURVE('',#8013,#8082);
#8082 = DEFINITIONAL_REPRESENTATION('',(#8083),#8087);
#8083 = LINE('',#8084,#8085);
#8084 = CARTESIAN_POINT('',(4.5,0.));
#8085 = VECTOR('',#8086,1.);
#8086 = DIRECTION('',(0.,-1.));
#8087 = ( GEOMETRIC_REPRESENTATION_CONTEXT(2) 
PARAMETRIC_REPRESENTATION_CONTEXT() REPRESENTATION_CONTEXT('2D SPACE',''
  ) );
#8088 = PCURVE('',#8089,#8094);
#8089 = PLANE('',#8090);
#8090 = AXIS2_PLACEMENT_3D('',#8091,#8092,#8093);
#8091 = CARTESIAN_POINT('',(9.55,16.3,5.96));
#8092 = DIRECTION('',(0.,-1.,0.));
#8093 = DIRECTION('',(-1.,0.,0.));
#8094 = DEFINITIONAL_REPRESENTATION('',(#8095),#8099);
#8095 = LINE('',#8096,#8097);
#8096 = CARTESIAN_POINT('',(0.,-0.));
#8097 = VECTOR('',#8098,1.);
#8098 = DIRECTION('',(0.,-1.));
#8099 = ( GEOMETRIC_REPRESENTATION_CONTEXT(2) 
PARAMETRIC_REPRESENTATION_CONTEXT() REPRESENTATION_CONTEXT('2D SPACE',''
  ) );
#8100 = ORIENTED_EDGE('',*,*,#8101,.F.);
#8101 = EDGE_CURVE('',#7998,#8074,#8102,.T.);
#8102 = SURFACE_CURVE('',#8103,(#8107,#8114),.PCURVE_S1.);
#8103 = LINE('',#8104,#8105);
#8104 = CARTESIAN_POINT('',(9.55,11.8,5.96));
#8105 = VECTOR('',#8106,1.);
#8106 = DIRECTION('',(0.,1.,0.));
#8107 = PCURVE('',#8013,#8108);
#8108 = DEFINITIONAL_REPRESENTATION('',(#8109),#8113);
#8109 = LINE('',#8110,#8111);
#8110 = CARTESIAN_POINT('',(0.,0.));
#8111 = VECTOR('',#8112,1.);
#8112 = DIRECTION('',(1.,0.));
#8113 = ( GEOMETRIC_REPRESENTATION_CONTEXT(2) 
PARAMETRIC_REPRESENTATION_CONTEXT() REPRESENTATION_CONTEXT('2D SPACE',''
  ) );
#8114 = PCURVE('',#7730,#8115);
#8115 = DEFINITIONAL_REPRESENTATION('',(#8116),#8120);
#8116 = LINE('',#8117,#8118);
#8117 = CARTESIAN_POINT('',(3.686961591309,3.06929714034));
#8118 = VECTOR('',#8119,1.);
#8119 = DIRECTION('',(0.,1.));
#8120 = ( GEOMETRIC_REPRESENTATION_CONTEXT(2) 
PARAMETRIC_REPRESENTATION_CONTEXT() REPRESENTATION_CONTEXT('2D SPACE',''
  ) );
#8121 = ADVANCED_FACE('',(#8122),#8089,.F.);
#8122 = FACE_BOUND('',#8123,.F.);
#8123 = EDGE_LOOP('',(#8124,#8125,#8148,#8176));
#8124 = ORIENTED_EDGE('',*,*,#8073,.T.);
#8125 = ORIENTED_EDGE('',*,*,#8126,.T.);
#8126 = EDGE_CURVE('',#8051,#8127,#8129,.T.);
#8127 = VERTEX_POINT('',#8128);
#8128 = CARTESIAN_POINT('',(0.,16.3,6.21));
#8129 = SURFACE_CURVE('',#8130,(#8134,#8141),.PCURVE_S1.);
#8130 = LINE('',#8131,#8132);
#8131 = CARTESIAN_POINT('',(9.55,16.3,6.21));
#8132 = VECTOR('',#8133,1.);
#8133 = DIRECTION('',(-1.,0.,0.));
#8134 = PCURVE('',#8089,#8135);
#8135 = DEFINITIONAL_REPRESENTATION('',(#8136),#8140);
#8136 = LINE('',#8137,#8138);
#8137 = CARTESIAN_POINT('',(0.,-0.25));
#8138 = VECTOR('',#8139,1.);
#8139 = DIRECTION('',(1.,0.));
#8140 = ( GEOMETRIC_REPRESENTATION_CONTEXT(2) 
PARAMETRIC_REPRESENTATION_CONTEXT() REPRESENTATION_CONTEXT('2D SPACE',''
  ) );
#8141 = PCURVE('',#7676,#8142);
#8142 = DEFINITIONAL_REPRESENTATION('',(#8143),#8147);
#8143 = LINE('',#8144,#8145);
#8144 = CARTESIAN_POINT('',(3.686961591309,7.56929714034));
#8145 = VECTOR('',#8146,1.);
#8146 = DIRECTION('',(-1.,0.));
#8147 = ( GEOMETRIC_REPRESENTATION_CONTEXT(2) 
PARAMETRIC_REPRESENTATION_CONTEXT() REPRESENTATION_CONTEXT('2D SPACE',''
  ) );
#8148 = ORIENTED_EDGE('',*,*,#8149,.F.);
#8149 = EDGE_CURVE('',#8150,#8127,#8152,.T.);
#8150 = VERTEX_POINT('',#8151);
#8151 = CARTESIAN_POINT('',(0.,16.3,5.96));
#8152 = SURFACE_CURVE('',#8153,(#8157,#8164),.PCURVE_S1.);
#8153 = LINE('',#8154,#8155);
#8154 = CARTESIAN_POINT('',(0.,16.3,5.96));
#8155 = VECTOR('',#8156,1.);
#8156 = DIRECTION('',(0.,0.,1.));
#8157 = PCURVE('',#8089,#8158);
#8158 = DEFINITIONAL_REPRESENTATION('',(#8159),#8163);
#8159 = LINE('',#8160,#8161);
#8160 = CARTESIAN_POINT('',(9.55,0.));
#8161 = VECTOR('',#8162,1.);
#8162 = DIRECTION('',(0.,-1.));
#8163 = ( GEOMETRIC_REPRESENTATION_CONTEXT(2) 
PARAMETRIC_REPRESENTATION_CONTEXT() REPRESENTATION_CONTEXT('2D SPACE',''
  ) );
#8164 = PCURVE('',#8165,#8170);
#8165 = PLANE('',#8166);
#8166 = AXIS2_PLACEMENT_3D('',#8167,#8168,#8169);
#8167 = CARTESIAN_POINT('',(0.,16.3,5.96));
#8168 = DIRECTION('',(1.,0.,-0.));
#8169 = DIRECTION('',(0.,-1.,0.));
#8170 = DEFINITIONAL_REPRESENTATION('',(#8171),#8175);
#8171 = LINE('',#8172,#8173);
#8172 = CARTESIAN_POINT('',(0.,0.));
#8173 = VECTOR('',#8174,1.);
#8174 = DIRECTION('',(0.,-1.));
#8175 = ( GEOMETRIC_REPRESENTATION_CONTEXT(2) 
PARAMETRIC_REPRESENTATION_CONTEXT() REPRESENTATION_CONTEXT('2D SPACE',''
  ) );
#8176 = ORIENTED_EDGE('',*,*,#8177,.F.);
#8177 = EDGE_CURVE('',#8074,#8150,#8178,.T.);
#8178 = SURFACE_CURVE('',#8179,(#8183,#8190),.PCURVE_S1.);
#8179 = LINE('',#8180,#8181);
#8180 = CARTESIAN_POINT('',(9.55,16.3,5.96));
#8181 = VECTOR('',#8182,1.);
#8182 = DIRECTION('',(-1.,0.,0.));
#8183 = PCURVE('',#8089,#8184);
#8184 = DEFINITIONAL_REPRESENTATION('',(#8185),#8189);
#8185 = LINE('',#8186,#8187);
#8186 = CARTESIAN_POINT('',(0.,-0.));
#8187 = VECTOR('',#8188,1.);
#8188 = DIRECTION('',(1.,0.));
#8189 = ( GEOMETRIC_REPRESENTATION_CONTEXT(2) 
PARAMETRIC_REPRESENTATION_CONTEXT() REPRESENTATION_CONTEXT('2D SPACE',''
  ) );
#8190 = PCURVE('',#7730,#8191);
#8191 = DEFINITIONAL_REPRESENTATION('',(#8192),#8196);
#8192 = LINE('',#8193,#8194);
#8193 = CARTESIAN_POINT('',(3.686961591309,7.56929714034));
#8194 = VECTOR('',#8195,1.);
#8195 = DIRECTION('',(-1.,0.));
#8196 = ( GEOMETRIC_REPRESENTATION_CONTEXT(2) 
PARAMETRIC_REPRESENTATION_CONTEXT() REPRESENTATION_CONTEXT('2D SPACE',''
  ) );
#8197 = ADVANCED_FACE('',(#8198),#8165,.F.);
#8198 = FACE_BOUND('',#8199,.F.);
#8199 = EDGE_LOOP('',(#8200,#8201,#8224,#8252));
#8200 = ORIENTED_EDGE('',*,*,#8149,.T.);
#8201 = ORIENTED_EDGE('',*,*,#8202,.T.);
#8202 = EDGE_CURVE('',#8127,#8203,#8205,.T.);
#8203 = VERTEX_POINT('',#8204);
#8204 = CARTESIAN_POINT('',(0.,7.32,6.21));
#8205 = SURFACE_CURVE('',#8206,(#8210,#8217),.PCURVE_S1.);
#8206 = LINE('',#8207,#8208);
#8207 = CARTESIAN_POINT('',(0.,16.3,6.21));
#8208 = VECTOR('',#8209,1.);
#8209 = DIRECTION('',(0.,-1.,0.));
#8210 = PCURVE('',#8165,#8211);
#8211 = DEFINITIONAL_REPRESENTATION('',(#8212),#8216);
#8212 = LINE('',#8213,#8214);
#8213 = CARTESIAN_POINT('',(0.,-0.25));
#8214 = VECTOR('',#8215,1.);
#8215 = DIRECTION('',(1.,0.));
#8216 = ( GEOMETRIC_REPRESENTATION_CONTEXT(2) 
PARAMETRIC_REPRESENTATION_CONTEXT() REPRESENTATION_CONTEXT('2D SPACE',''
  ) );
#8217 = PCURVE('',#7676,#8218);
#8218 = DEFINITIONAL_REPRESENTATION('',(#8219),#8223);
#8219 = LINE('',#8220,#8221);
#8220 = CARTESIAN_POINT('',(-5.863038408691,7.56929714034));
#8221 = VECTOR('',#8222,1.);
#8222 = DIRECTION('',(0.,-1.));
#8223 = ( GEOMETRIC_REPRESENTATION_CONTEXT(2) 
PARAMETRIC_REPRESENTATION_CONTEXT() REPRESENTATION_CONTEXT('2D SPACE',''
  ) );
#8224 = ORIENTED_EDGE('',*,*,#8225,.F.);
#8225 = EDGE_CURVE('',#8226,#8203,#8228,.T.);
#8226 = VERTEX_POINT('',#8227);
#8227 = CARTESIAN_POINT('',(0.,7.32,5.96));
#8228 = SURFACE_CURVE('',#8229,(#8233,#8240),.PCURVE_S1.);
#8229 = LINE('',#8230,#8231);
#8230 = CARTESIAN_POINT('',(0.,7.32,5.96));
#8231 = VECTOR('',#8232,1.);
#8232 = DIRECTION('',(0.,0.,1.));
#8233 = PCURVE('',#8165,#8234);
#8234 = DEFINITIONAL_REPRESENTATION('',(#8235),#8239);
#8235 = LINE('',#8236,#8237);
#8236 = CARTESIAN_POINT('',(8.98,0.));
#8237 = VECTOR('',#8238,1.);
#8238 = DIRECTION('',(0.,-1.));
#8239 = ( GEOMETRIC_REPRESENTATION_CONTEXT(2) 
PARAMETRIC_REPRESENTATION_CONTEXT() REPRESENTATION_CONTEXT('2D SPACE',''
  ) );
#8240 = PCURVE('',#8241,#8246);
#8241 = PLANE('',#8242);
#8242 = AXIS2_PLACEMENT_3D('',#8243,#8244,#8245);
#8243 = CARTESIAN_POINT('',(0.,7.32,5.96));
#8244 = DIRECTION('',(0.,1.,0.));
#8245 = DIRECTION('',(1.,0.,0.));
#8246 = DEFINITIONAL_REPRESENTATION('',(#8247),#8251);
#8247 = LINE('',#8248,#8249);
#8248 = CARTESIAN_POINT('',(0.,0.));
#8249 = VECTOR('',#8250,1.);
#8250 = DIRECTION('',(0.,-1.));
#8251 = ( GEOMETRIC_REPRESENTATION_CONTEXT(2) 
PARAMETRIC_REPRESENTATION_CONTEXT() REPRESENTATION_CONTEXT('2D SPACE',''
  ) );
#8252 = ORIENTED_EDGE('',*,*,#8253,.F.);
#8253 = EDGE_CURVE('',#8150,#8226,#8254,.T.);
#8254 = SURFACE_CURVE('',#8255,(#8259,#8266),.PCURVE_S1.);
#8255 = LINE('',#8256,#8257);
#8256 = CARTESIAN_POINT('',(0.,16.3,5.96));
#8257 = VECTOR('',#8258,1.);
#8258 = DIRECTION('',(0.,-1.,0.));
#8259 = PCURVE('',#8165,#8260);
#8260 = DEFINITIONAL_REPRESENTATION('',(#8261),#8265);
#8261 = LINE('',#8262,#8263);
#8262 = CARTESIAN_POINT('',(0.,0.));
#8263 = VECTOR('',#8264,1.);
#8264 = DIRECTION('',(1.,0.));
#8265 = ( GEOMETRIC_REPRESENTATION_CONTEXT(2) 
PARAMETRIC_REPRESENTATION_CONTEXT() REPRESENTATION_CONTEXT('2D SPACE',''
  ) );
#8266 = PCURVE('',#7730,#8267);
#8267 = DEFINITIONAL_REPRESENTATION('',(#8268),#8272);
#8268 = LINE('',#8269,#8270);
#8269 = CARTESIAN_POINT('',(-5.863038408691,7.56929714034));
#8270 = VECTOR('',#8271,1.);
#8271 = DIRECTION('',(0.,-1.));
#8272 = ( GEOMETRIC_REPRESENTATION_CONTEXT(2) 
PARAMETRIC_REPRESENTATION_CONTEXT() REPRESENTATION_CONTEXT('2D SPACE',''
  ) );
#8273 = ADVANCED_FACE('',(#8274),#8241,.F.);
#8274 = FACE_BOUND('',#8275,.F.);
#8275 = EDGE_LOOP('',(#8276,#8277,#8300,#8323));
#8276 = ORIENTED_EDGE('',*,*,#8225,.T.);
#8277 = ORIENTED_EDGE('',*,*,#8278,.T.);
#8278 = EDGE_CURVE('',#8203,#8279,#8281,.T.);
#8279 = VERTEX_POINT('',#8280);
#8280 = CARTESIAN_POINT('',(2.87,7.32,6.21));
#8281 = SURFACE_CURVE('',#8282,(#8286,#8293),.PCURVE_S1.);
#8282 = LINE('',#8283,#8284);
#8283 = CARTESIAN_POINT('',(0.,7.32,6.21));
#8284 = VECTOR('',#8285,1.);
#8285 = DIRECTION('',(1.,0.,0.));
#8286 = PCURVE('',#8241,#8287);
#8287 = DEFINITIONAL_REPRESENTATION('',(#8288),#8292);
#8288 = LINE('',#8289,#8290);
#8289 = CARTESIAN_POINT('',(0.,-0.25));
#8290 = VECTOR('',#8291,1.);
#8291 = DIRECTION('',(1.,0.));
#8292 = ( GEOMETRIC_REPRESENTATION_CONTEXT(2) 
PARAMETRIC_REPRESENTATION_CONTEXT() REPRESENTATION_CONTEXT('2D SPACE',''
  ) );
#8293 = PCURVE('',#7676,#8294);
#8294 = DEFINITIONAL_REPRESENTATION('',(#8295),#8299);
#8295 = LINE('',#8296,#8297);
#8296 = CARTESIAN_POINT('',(-5.863038408691,-1.41070285966));
#8297 = VECTOR('',#8298,1.);
#8298 = DIRECTION('',(1.,0.));
#8299 = ( GEOMETRIC_REPRESENTATION_CONTEXT(2) 
PARAMETRIC_REPRESENTATION_CONTEXT() REPRESENTATION_CONTEXT('2D SPACE',''
  ) );
#8300 = ORIENTED_EDGE('',*,*,#8301,.F.);
#8301 = EDGE_CURVE('',#8302,#8279,#8304,.T.);
#8302 = VERTEX_POINT('',#8303);
#8303 = CARTESIAN_POINT('',(2.87,7.32,5.96));
#8304 = SURFACE_CURVE('',#8305,(#8309,#8316),.PCURVE_S1.);
#8305 = LINE('',#8306,#8307);
#8306 = CARTESIAN_POINT('',(2.87,7.32,5.96));
#8307 = VECTOR('',#8308,1.);
#8308 = DIRECTION('',(0.,0.,1.));
#8309 = PCURVE('',#8241,#8310);
#8310 = DEFINITIONAL_REPRESENTATION('',(#8311),#8315);
#8311 = LINE('',#8312,#8313);
#8312 = CARTESIAN_POINT('',(2.87,0.));
#8313 = VECTOR('',#8314,1.);
#8314 = DIRECTION('',(0.,-1.));
#8315 = ( GEOMETRIC_REPRESENTATION_CONTEXT(2) 
PARAMETRIC_REPRESENTATION_CONTEXT() REPRESENTATION_CONTEXT('2D SPACE',''
  ) );
#8316 = PCURVE('',#7648,#8317);
#8317 = DEFINITIONAL_REPRESENTATION('',(#8318),#8322);
#8318 = LINE('',#8319,#8320);
#8319 = CARTESIAN_POINT('',(0.,0.));
#8320 = VECTOR('',#8321,1.);
#8321 = DIRECTION('',(0.,-1.));
#8322 = ( GEOMETRIC_REPRESENTATION_CONTEXT(2) 
PARAMETRIC_REPRESENTATION_CONTEXT() REPRESENTATION_CONTEXT('2D SPACE',''
  ) );
#8323 = ORIENTED_EDGE('',*,*,#8324,.F.);
#8324 = EDGE_CURVE('',#8226,#8302,#8325,.T.);
#8325 = SURFACE_CURVE('',#8326,(#8330,#8337),.PCURVE_S1.);
#8326 = LINE('',#8327,#8328);
#8327 = CARTESIAN_POINT('',(0.,7.32,5.96));
#8328 = VECTOR('',#8329,1.);
#8329 = DIRECTION('',(1.,0.,0.));
#8330 = PCURVE('',#8241,#8331);
#8331 = DEFINITIONAL_REPRESENTATION('',(#8332),#8336);
#8332 = LINE('',#8333,#8334);
#8333 = CARTESIAN_POINT('',(0.,0.));
#8334 = VECTOR('',#8335,1.);
#8335 = DIRECTION('',(1.,0.));
#8336 = ( GEOMETRIC_REPRESENTATION_CONTEXT(2) 
PARAMETRIC_REPRESENTATION_CONTEXT() REPRESENTATION_CONTEXT('2D SPACE',''
  ) );
#8337 = PCURVE('',#7730,#8338);
#8338 = DEFINITIONAL_REPRESENTATION('',(#8339),#8343);
#8339 = LINE('',#8340,#8341);
#8340 = CARTESIAN_POINT('',(-5.863038408691,-1.41070285966));
#8341 = VECTOR('',#8342,1.);
#8342 = DIRECTION('',(1.,0.));
#8343 = ( GEOMETRIC_REPRESENTATION_CONTEXT(2) 
PARAMETRIC_REPRESENTATION_CONTEXT() REPRESENTATION_CONTEXT('2D SPACE',''
  ) );
#8344 = ADVANCED_FACE('',(#8345),#7648,.F.);
#8345 = FACE_BOUND('',#8346,.F.);
#8346 = EDGE_LOOP('',(#8347,#8348,#8369,#8370));
#8347 = ORIENTED_EDGE('',*,*,#8301,.T.);
#8348 = ORIENTED_EDGE('',*,*,#8349,.T.);
#8349 = EDGE_CURVE('',#8279,#7628,#8350,.T.);
#8350 = SURFACE_CURVE('',#8351,(#8355,#8362),.PCURVE_S1.);
#8351 = LINE('',#8352,#8353);
#8352 = CARTESIAN_POINT('',(2.87,7.32,6.21));
#8353 = VECTOR('',#8354,1.);
#8354 = DIRECTION('',(3.822341272335E-02,-0.999269218339,0.));
#8355 = PCURVE('',#7648,#8356);
#8356 = DEFINITIONAL_REPRESENTATION('',(#8357),#8361);
#8357 = LINE('',#8358,#8359);
#8358 = CARTESIAN_POINT('',(0.,-0.25));
#8359 = VECTOR('',#8360,1.);
#8360 = DIRECTION('',(1.,0.));
#8361 = ( GEOMETRIC_REPRESENTATION_CONTEXT(2) 
PARAMETRIC_REPRESENTATION_CONTEXT() REPRESENTATION_CONTEXT('2D SPACE',''
  ) );
#8362 = PCURVE('',#7676,#8363);
#8363 = DEFINITIONAL_REPRESENTATION('',(#8364),#8368);
#8364 = LINE('',#8365,#8366);
#8365 = CARTESIAN_POINT('',(-2.993038408691,-1.41070285966));
#8366 = VECTOR('',#8367,1.);
#8367 = DIRECTION('',(3.822341272335E-02,-0.999269218339));
#8368 = ( GEOMETRIC_REPRESENTATION_CONTEXT(2) 
PARAMETRIC_REPRESENTATION_CONTEXT() REPRESENTATION_CONTEXT('2D SPACE',''
  ) );
#8369 = ORIENTED_EDGE('',*,*,#7625,.F.);
#8370 = ORIENTED_EDGE('',*,*,#8371,.F.);
#8371 = EDGE_CURVE('',#8302,#7626,#8372,.T.);
#8372 = SURFACE_CURVE('',#8373,(#8377,#8384),.PCURVE_S1.);
#8373 = LINE('',#8374,#8375);
#8374 = CARTESIAN_POINT('',(2.87,7.32,5.96));
#8375 = VECTOR('',#8376,1.);
#8376 = DIRECTION('',(3.822341272335E-02,-0.999269218339,0.));
#8377 = PCURVE('',#7648,#8378);
#8378 = DEFINITIONAL_REPRESENTATION('',(#8379),#8383);
#8379 = LINE('',#8380,#8381);
#8380 = CARTESIAN_POINT('',(0.,0.));
#8381 = VECTOR('',#8382,1.);
#8382 = DIRECTION('',(1.,0.));
#8383 = ( GEOMETRIC_REPRESENTATION_CONTEXT(2) 
PARAMETRIC_REPRESENTATION_CONTEXT() REPRESENTATION_CONTEXT('2D SPACE',''
  ) );
#8384 = PCURVE('',#7730,#8385);
#8385 = DEFINITIONAL_REPRESENTATION('',(#8386),#8390);
#8386 = LINE('',#8387,#8388);
#8387 = CARTESIAN_POINT('',(-2.993038408691,-1.41070285966));
#8388 = VECTOR('',#8389,1.);
#8389 = DIRECTION('',(3.822341272335E-02,-0.999269218339));
#8390 = ( GEOMETRIC_REPRESENTATION_CONTEXT(2) 
PARAMETRIC_REPRESENTATION_CONTEXT() REPRESENTATION_CONTEXT('2D SPACE',''
  ) );
#8391 = ADVANCED_FACE('',(#8392),#7730,.F.);
#8392 = FACE_BOUND('',#8393,.F.);
#8393 = EDGE_LOOP('',(#8394,#8395,#8396,#8397,#8398,#8399,#8400,#8401,
    #8402,#8403));
#8394 = ORIENTED_EDGE('',*,*,#7716,.T.);
#8395 = ORIENTED_EDGE('',*,*,#7797,.T.);
#8396 = ORIENTED_EDGE('',*,*,#7873,.T.);
#8397 = ORIENTED_EDGE('',*,*,#7949,.T.);
#8398 = ORIENTED_EDGE('',*,*,#8025,.T.);
#8399 = ORIENTED_EDGE('',*,*,#8101,.T.);
#8400 = ORIENTED_EDGE('',*,*,#8177,.T.);
#8401 = ORIENTED_EDGE('',*,*,#8253,.T.);
#8402 = ORIENTED_EDGE('',*,*,#8324,.T.);
#8403 = ORIENTED_EDGE('',*,*,#8371,.T.);
#8404 = ADVANCED_FACE('',(#8405),#7676,.T.);
#8405 = FACE_BOUND('',#8406,.T.);
#8406 = EDGE_LOOP('',(#8407,#8408,#8409,#8410,#8411,#8412,#8413,#8414,
    #8415,#8416));
#8407 = ORIENTED_EDGE('',*,*,#7660,.T.);
#8408 = ORIENTED_EDGE('',*,*,#7746,.T.);
#8409 = ORIENTED_EDGE('',*,*,#7822,.T.);
#8410 = ORIENTED_EDGE('',*,*,#7898,.T.);
#8411 = ORIENTED_EDGE('',*,*,#7974,.T.);
#8412 = ORIENTED_EDGE('',*,*,#8050,.T.);
#8413 = ORIENTED_EDGE('',*,*,#8126,.T.);
#8414 = ORIENTED_EDGE('',*,*,#8202,.T.);
#8415 = ORIENTED_EDGE('',*,*,#8278,.T.);
#8416 = ORIENTED_EDGE('',*,*,#8349,.T.);
#8417 = ( GEOMETRIC_REPRESENTATION_CONTEXT(3) 
GLOBAL_UNCERTAINTY_ASSIGNED_CONTEXT((#8421)) 
GLOBAL_UNIT_ASSIGNED_CONTEXT((#8418,#8419,#8420)) REPRESENTATION_CONTEXT
('Context #1','3D Context with UNIT and UNCERTAINTY') );
#8418 = ( LENGTH_UNIT() NAMED_UNIT(*) SI_UNIT(.MILLI.,.METRE.) );
#8419 = ( NAMED_UNIT(*) PLANE_ANGLE_UNIT() SI_UNIT($,.RADIAN.) );
#8420 = ( NAMED_UNIT(*) SI_UNIT($,.STERADIAN.) SOLID_ANGLE_UNIT() );
#8421 = UNCERTAINTY_MEASURE_WITH_UNIT(LENGTH_MEASURE(1.E-07),#8418,
  'distance_accuracy_value','confusion accuracy');
#8422 = CONTEXT_DEPENDENT_SHAPE_REPRESENTATION(#8423,#8425);
#8423 = ( REPRESENTATION_RELATIONSHIP('','',#7618,#10) 
REPRESENTATION_RELATIONSHIP_WITH_TRANSFORMATION(#8424) 
SHAPE_REPRESENTATION_RELATIONSHIP() );
#8424 = ITEM_DEFINED_TRANSFORMATION('','',#11,#39);
#8425 = PRODUCT_DEFINITION_SHAPE('Placement','Placement of an item',
  #8426);
#8426 = NEXT_ASSEMBLY_USAGE_OCCURRENCE('7','forjado_cubierta','',#5,
  #7613,$);
#8427 = PRODUCT_RELATED_PRODUCT_CATEGORY('part',$,(#7615));
#8428 = SHAPE_DEFINITION_REPRESENTATION(#8429,#8435);
#8429 = PRODUCT_DEFINITION_SHAPE('','',#8430);
#8430 = PRODUCT_DEFINITION('design','',#8431,#8434);
#8431 = PRODUCT_DEFINITION_FORMATION('','',#8432);
#8432 = PRODUCT('cubierta','cubierta','',(#8433));
#8433 = PRODUCT_CONTEXT('',#2,'mechanical');
#8434 = PRODUCT_DEFINITION_CONTEXT('part definition',#2,'design');
#8435 = ADVANCED_BREP_SHAPE_REPRESENTATION('',(#11,#8436),#9125);
#8436 = MANIFOLD_SOLID_BREP('',#8437);
#8437 = CLOSED_SHELL('',(#8438,#8614,#8769,#8842,#8910,#8936,#9004,#9031
    ,#9065,#9092,#9118));
#8438 = ADVANCED_FACE('',(#8439),#8452,.T.);
#8439 = FACE_BOUND('',#8440,.T.);
#8440 = EDGE_LOOP('',(#8441,#8475,#8503,#8537,#8562,#8589));
#8441 = ORIENTED_EDGE('',*,*,#8442,.F.);
#8442 = EDGE_CURVE('',#8443,#8445,#8447,.T.);
#8443 = VERTEX_POINT('',#8444);
#8444 = CARTESIAN_POINT('',(-0.35,6.97,6.21));
#8445 = VERTEX_POINT('',#8446);
#8446 = CARTESIAN_POINT('',(4.49,11.785,7.81));
#8447 = SURFACE_CURVE('',#8448,(#8451,#8463),.PCURVE_S1.);
#8448 = B_SPLINE_CURVE_WITH_KNOTS('',1,(#8449,#8450),.UNSPECIFIED.,.F.,
  .F.,(2,2),(0.,1.),.PIECEWISE_BEZIER_KNOTS.);
#8449 = CARTESIAN_POINT('',(-0.35,6.97,6.21));
#8450 = CARTESIAN_POINT('',(4.49,11.785,7.81));
#8451 = PCURVE('',#8452,#8457);
#8452 = B_SPLINE_SURFACE_WITH_KNOTS('',1,1,(
    (#8453,#8454)
    ,(#8455,#8456
    )),.UNSPECIFIED.,.F.,.F.,.F.,(2,2),(2,2),(0.,10.25),(0.,1.),
  .PIECEWISE_BEZIER_KNOTS.);
#8453 = CARTESIAN_POINT('',(-0.35,6.97,6.21));
#8454 = CARTESIAN_POINT('',(4.49,11.785,7.81));
#8455 = CARTESIAN_POINT('',(9.9,6.97,6.21));
#8456 = CARTESIAN_POINT('',(5.06,11.785,7.81));
#8457 = DEFINITIONAL_REPRESENTATION('',(#8458),#8462);
#8458 = LINE('',#8459,#8460);
#8459 = CARTESIAN_POINT('',(0.,0.));
#8460 = VECTOR('',#8461,1.);
#8461 = DIRECTION('',(0.,1.));
#8462 = ( GEOMETRIC_REPRESENTATION_CONTEXT(2) 
PARAMETRIC_REPRESENTATION_CONTEXT() REPRESENTATION_CONTEXT('2D SPACE',''
  ) );
#8463 = PCURVE('',#8464,#8469);
#8464 = B_SPLINE_SURFACE_WITH_KNOTS('',1,1,(
    (#8465,#8466)
    ,(#8467,#8468
    )),.UNSPECIFIED.,.F.,.F.,.F.,(2,2),(2,2),(0.,9.68),(0.,1.),
  .PIECEWISE_BEZIER_KNOTS.);
#8465 = CARTESIAN_POINT('',(-0.35,16.65,6.21));
#8466 = CARTESIAN_POINT('',(4.49,11.835,7.81));
#8467 = CARTESIAN_POINT('',(-0.35,6.97,6.21));
#8468 = CARTESIAN_POINT('',(4.49,11.785,7.81));
#8469 = DEFINITIONAL_REPRESENTATION('',(#8470),#8474);
#8470 = LINE('',#8471,#8472);
#8471 = CARTESIAN_POINT('',(9.68,0.));
#8472 = VECTOR('',#8473,1.);
#8473 = DIRECTION('',(0.,1.));
#8474 = ( GEOMETRIC_REPRESENTATION_CONTEXT(2) 
PARAMETRIC_REPRESENTATION_CONTEXT() REPRESENTATION_CONTEXT('2D SPACE',''
  ) );
#8475 = ORIENTED_EDGE('',*,*,#8476,.T.);
#8476 = EDGE_CURVE('',#8443,#8477,#8479,.T.);
#8477 = VERTEX_POINT('',#8478);
#8478 = CARTESIAN_POINT('',(2.52,6.97,6.21));
#8479 = SURFACE_CURVE('',#8480,(#8484,#8491),.PCURVE_S1.);
#8480 = LINE('',#8481,#8482);
#8481 = CARTESIAN_POINT('',(-0.35,6.97,6.21));
#8482 = VECTOR('',#8483,1.);
#8483 = DIRECTION('',(1.,0.,0.));
#8484 = PCURVE('',#8452,#8485);
#8485 = DEFINITIONAL_REPRESENTATION('',(#8486),#8490);
#8486 = LINE('',#8487,#8488);
#8487 = CARTESIAN_POINT('',(0.,0.));
#8488 = VECTOR('',#8489,1.);
#8489 = DIRECTION('',(1.,0.));
#8490 = ( GEOMETRIC_REPRESENTATION_CONTEXT(2) 
PARAMETRIC_REPRESENTATION_CONTEXT() REPRESENTATION_CONTEXT('2D SPACE',''
  ) );
#8491 = PCURVE('',#8492,#8497);
#8492 = PLANE('',#8493);
#8493 = AXIS2_PLACEMENT_3D('',#8494,#8495,#8496);
#8494 = CARTESIAN_POINT('',(-0.35,6.97,6.21));
#8495 = DIRECTION('',(0.,0.,-1.));
#8496 = DIRECTION('',(0.727032822896,0.68660270494,0.));
#8497 = DEFINITIONAL_REPRESENTATION('',(#8498),#8502);
#8498 = LINE('',#8499,#8500);
#8499 = CARTESIAN_POINT('',(0.,0.));
#8500 = VECTOR('',#8501,1.);
#8501 = DIRECTION('',(0.727032822896,0.68660270494));
#8502 = ( GEOMETRIC_REPRESENTATION_CONTEXT(2) 
PARAMETRIC_REPRESENTATION_CONTEXT() REPRESENTATION_CONTEXT('2D SPACE',''
  ) );
#8503 = ORIENTED_EDGE('',*,*,#8504,.T.);
#8504 = EDGE_CURVE('',#8477,#8505,#8507,.T.);
#8505 = VERTEX_POINT('',#8506);
#8506 = CARTESIAN_POINT('',(2.821646090535,7.366296296296,6.341687242798
    ));
#8507 = SURFACE_CURVE('',#8508,(#8514,#8523),.PCURVE_S1.);
#8508 = B_SPLINE_CURVE_WITH_KNOTS('',4,(#8509,#8510,#8511,#8512,#8513),
  .UNSPECIFIED.,.F.,.F.,(5,5),(0.,1.),.PIECEWISE_BEZIER_KNOTS.);
#8509 = CARTESIAN_POINT('',(2.52,6.97,6.21));
#8510 = CARTESIAN_POINT('',(2.599255437579,7.074124128771,6.244599918179
    ));
#8511 = CARTESIAN_POINT('',(2.675946624293,7.174879398628,6.278080381683
    ));
#8512 = CARTESIAN_POINT('',(2.750061638723,7.272250147463,6.310436186073
    ));
#8513 = CARTESIAN_POINT('',(2.821646090535,7.366296296296,6.341687242798
    ));
#8514 = PCURVE('',#8452,#8515);
#8515 = DEFINITIONAL_REPRESENTATION('',(#8516),#8522);
#8516 = B_SPLINE_CURVE_WITH_KNOTS('',4,(#8517,#8518,#8519,#8520,#8521),
  .UNSPECIFIED.,.F.,.F.,(5,5),(0.,1.),.PIECEWISE_BEZIER_KNOTS.);
#8517 = CARTESIAN_POINT('',(2.87,0.));
#8518 = CARTESIAN_POINT('',(2.903202894006,2.162494886203E-02));
#8519 = CARTESIAN_POINT('',(2.937140064361,4.255023855204E-02));
#8520 = CARTESIAN_POINT('',(2.971763513143,6.277261629553E-02));
#8521 = CARTESIAN_POINT('',(3.00702065603,8.230452674897E-02));
#8522 = ( GEOMETRIC_REPRESENTATION_CONTEXT(2) 
PARAMETRIC_REPRESENTATION_CONTEXT() REPRESENTATION_CONTEXT('2D SPACE',''
  ) );
#8523 = PCURVE('',#8524,#8529);
#8524 = B_SPLINE_SURFACE_WITH_KNOTS('',1,1,(
    (#8525,#8526)
    ,(#8527,#8528
    )),.UNSPECIFIED.,.F.,.F.,.F.,(2,2),(2,2),(0.,8.02),(0.,1.),
  .PIECEWISE_BEZIER_KNOTS.);
#8525 = CARTESIAN_POINT('',(2.52,7.67,6.21));
#8526 = CARTESIAN_POINT('',(6.185,3.98,7.81));
#8527 = CARTESIAN_POINT('',(2.52,-0.35,6.21));
#8528 = CARTESIAN_POINT('',(6.185,3.34,7.81));
#8529 = DEFINITIONAL_REPRESENTATION('',(#8530),#8536);
#8530 = B_SPLINE_CURVE_WITH_KNOTS('',4,(#8531,#8532,#8533,#8534,#8535),
  .UNSPECIFIED.,.F.,.F.,(5,5),(0.,1.),.PIECEWISE_BEZIER_KNOTS.);
#8531 = CARTESIAN_POINT('',(0.699999999963,4.726213730234E-12));
#8532 = CARTESIAN_POINT('',(0.530009570397,2.162494885319E-02));
#8533 = CARTESIAN_POINT('',(0.356496938288,4.255023855986E-02));
#8534 = CARTESIAN_POINT('',(0.179730819529,6.277261629261E-02));
#8535 = CARTESIAN_POINT('',(0.,8.230452674897E-02));
#8536 = ( GEOMETRIC_REPRESENTATION_CONTEXT(2) 
PARAMETRIC_REPRESENTATION_CONTEXT() REPRESENTATION_CONTEXT('2D SPACE',''
  ) );
#8537 = ORIENTED_EDGE('',*,*,#8538,.T.);
#8538 = EDGE_CURVE('',#8505,#8539,#8541,.T.);
#8539 = VERTEX_POINT('',#8540);
#8540 = CARTESIAN_POINT('',(9.501646090535,7.366296296296,6.341687242798
    ));
#8541 = SURFACE_CURVE('',#8542,(#8545,#8551),.PCURVE_S1.);
#8542 = B_SPLINE_CURVE_WITH_KNOTS('',1,(#8543,#8544),.UNSPECIFIED.,.F.,
  .F.,(2,2),(0.,1.),.PIECEWISE_BEZIER_KNOTS.);
#8543 = CARTESIAN_POINT('',(2.821646090535,7.366296296296,6.341687242798
    ));
#8544 = CARTESIAN_POINT('',(9.501646090535,7.366296296296,6.341687242798
    ));
#8545 = PCURVE('',#8452,#8546);
#8546 = DEFINITIONAL_REPRESENTATION('',(#8547),#8550);
#8547 = B_SPLINE_CURVE_WITH_KNOTS('',1,(#8548,#8549),.UNSPECIFIED.,.F.,
  .F.,(2,2),(0.,1.),.PIECEWISE_BEZIER_KNOTS.);
#8548 = CARTESIAN_POINT('',(3.00702065603,8.230452674897E-02));
#8549 = CARTESIAN_POINT('',(10.25,8.230452674897E-02));
#8550 = ( GEOMETRIC_REPRESENTATION_CONTEXT(2) 
PARAMETRIC_REPRESENTATION_CONTEXT() REPRESENTATION_CONTEXT('2D SPACE',''
  ) );
#8551 = PCURVE('',#8552,#8557);
#8552 = B_SPLINE_SURFACE_WITH_KNOTS('',1,1,(
    (#8553,#8554)
    ,(#8555,#8556
    )),.UNSPECIFIED.,.F.,.F.,.F.,(2,2),(2,2),(0.,7.38),(0.,1.),
  .PIECEWISE_BEZIER_KNOTS.);
#8553 = CARTESIAN_POINT('',(9.9,7.67,6.21));
#8554 = CARTESIAN_POINT('',(6.235,3.98,7.81));
#8555 = CARTESIAN_POINT('',(2.52,7.67,6.21));
#8556 = CARTESIAN_POINT('',(6.185,3.98,7.81));
#8557 = DEFINITIONAL_REPRESENTATION('',(#8558),#8561);
#8558 = B_SPLINE_CURVE_WITH_KNOTS('',1,(#8559,#8560),.UNSPECIFIED.,.F.,
  .F.,(2,2),(0.,1.),.PIECEWISE_BEZIER_KNOTS.);
#8559 = CARTESIAN_POINT('',(7.38,8.230452674897E-02));
#8560 = CARTESIAN_POINT('',(0.105317172194,8.230452674897E-02));
#8561 = ( GEOMETRIC_REPRESENTATION_CONTEXT(2) 
PARAMETRIC_REPRESENTATION_CONTEXT() REPRESENTATION_CONTEXT('2D SPACE',''
  ) );
#8562 = ORIENTED_EDGE('',*,*,#8563,.T.);
#8563 = EDGE_CURVE('',#8539,#8564,#8566,.T.);
#8564 = VERTEX_POINT('',#8565);
#8565 = CARTESIAN_POINT('',(5.06,11.785,7.81));
#8566 = SURFACE_CURVE('',#8567,(#8570,#8577),.PCURVE_S1.);
#8567 = B_SPLINE_CURVE_WITH_KNOTS('',1,(#8568,#8569),.UNSPECIFIED.,.F.,
  .F.,(2,2),(0.,1.),.PIECEWISE_BEZIER_KNOTS.);
#8568 = CARTESIAN_POINT('',(9.9,6.97,6.21));
#8569 = CARTESIAN_POINT('',(5.06,11.785,7.81));
#8570 = PCURVE('',#8452,#8571);
#8571 = DEFINITIONAL_REPRESENTATION('',(#8572),#8576);
#8572 = LINE('',#8573,#8574);
#8573 = CARTESIAN_POINT('',(10.25,0.));
#8574 = VECTOR('',#8575,1.);
#8575 = DIRECTION('',(0.,1.));
#8576 = ( GEOMETRIC_REPRESENTATION_CONTEXT(2) 
PARAMETRIC_REPRESENTATION_CONTEXT() REPRESENTATION_CONTEXT('2D SPACE',''
  ) );
#8577 = PCURVE('',#8578,#8583);
#8578 = B_SPLINE_SURFACE_WITH_KNOTS('',1,1,(
    (#8579,#8580)
    ,(#8581,#8582
    )),.UNSPECIFIED.,.F.,.F.,.F.,(2,2),(2,2),(0.,9.68),(0.,1.),
  .PIECEWISE_BEZIER_KNOTS.);
#8579 = CARTESIAN_POINT('',(9.9,6.97,6.21));
#8580 = CARTESIAN_POINT('',(5.06,11.785,7.81));
#8581 = CARTESIAN_POINT('',(9.9,16.65,6.21));
#8582 = CARTESIAN_POINT('',(5.06,11.835,7.81));
#8583 = DEFINITIONAL_REPRESENTATION('',(#8584),#8588);
#8584 = LINE('',#8585,#8586);
#8585 = CARTESIAN_POINT('',(0.,0.));
#8586 = VECTOR('',#8587,1.);
#8587 = DIRECTION('',(0.,1.));
#8588 = ( GEOMETRIC_REPRESENTATION_CONTEXT(2) 
PARAMETRIC_REPRESENTATION_CONTEXT() REPRESENTATION_CONTEXT('2D SPACE',''
  ) );
#8589 = ORIENTED_EDGE('',*,*,#8590,.F.);
#8590 = EDGE_CURVE('',#8445,#8564,#8591,.T.);
#8591 = SURFACE_CURVE('',#8592,(#8596,#8602),.PCURVE_S1.);
#8592 = LINE('',#8593,#8594);
#8593 = CARTESIAN_POINT('',(4.49,11.785,7.81));
#8594 = VECTOR('',#8595,1.);
#8595 = DIRECTION('',(1.,0.,0.));
#8596 = PCURVE('',#8452,#8597);
#8597 = DEFINITIONAL_REPRESENTATION('',(#8598),#8601);
#8598 = B_SPLINE_CURVE_WITH_KNOTS('',1,(#8599,#8600),.UNSPECIFIED.,.F.,
  .F.,(2,2),(0.,0.57),.PIECEWISE_BEZIER_KNOTS.);
#8599 = CARTESIAN_POINT('',(0.,1.));
#8600 = CARTESIAN_POINT('',(10.25,1.));
#8601 = ( GEOMETRIC_REPRESENTATION_CONTEXT(2) 
PARAMETRIC_REPRESENTATION_CONTEXT() REPRESENTATION_CONTEXT('2D SPACE',''
  ) );
#8602 = PCURVE('',#8603,#8608);
#8603 = PLANE('',#8604);
#8604 = AXIS2_PLACEMENT_3D('',#8605,#8606,#8607);
#8605 = CARTESIAN_POINT('',(4.49,11.785,7.81));
#8606 = DIRECTION('',(0.,0.,-1.));
#8607 = DIRECTION('',(0.996174723949,8.738374771485E-02,0.));
#8608 = DEFINITIONAL_REPRESENTATION('',(#8609),#8613);
#8609 = LINE('',#8610,#8611);
#8610 = CARTESIAN_POINT('',(0.,0.));
#8611 = VECTOR('',#8612,1.);
#8612 = DIRECTION('',(0.996174723949,8.738374771485E-02));
#8613 = ( GEOMETRIC_REPRESENTATION_CONTEXT(2) 
PARAMETRIC_REPRESENTATION_CONTEXT() REPRESENTATION_CONTEXT('2D SPACE',''
  ) );
#8614 = ADVANCED_FACE('',(#8615),#8492,.T.);
#8615 = FACE_BOUND('',#8616,.T.);
#8616 = EDGE_LOOP('',(#8617,#8618,#8641,#8669,#8692,#8720,#8748));
#8617 = ORIENTED_EDGE('',*,*,#8476,.F.);
#8618 = ORIENTED_EDGE('',*,*,#8619,.F.);
#8619 = EDGE_CURVE('',#8620,#8443,#8622,.T.);
#8620 = VERTEX_POINT('',#8621);
#8621 = CARTESIAN_POINT('',(-0.35,16.65,6.21));
#8622 = SURFACE_CURVE('',#8623,(#8627,#8634),.PCURVE_S1.);
#8623 = LINE('',#8624,#8625);
#8624 = CARTESIAN_POINT('',(-0.35,16.65,6.21));
#8625 = VECTOR('',#8626,1.);
#8626 = DIRECTION('',(0.,-1.,0.));
#8627 = PCURVE('',#8492,#8628);
#8628 = DEFINITIONAL_REPRESENTATION('',(#8629),#8633);
#8629 = LINE('',#8630,#8631);
#8630 = CARTESIAN_POINT('',(6.646314183821,-7.037677725637));
#8631 = VECTOR('',#8632,1.);
#8632 = DIRECTION('',(-0.68660270494,0.727032822896));
#8633 = ( GEOMETRIC_REPRESENTATION_CONTEXT(2) 
PARAMETRIC_REPRESENTATION_CONTEXT() REPRESENTATION_CONTEXT('2D SPACE',''
  ) );
#8634 = PCURVE('',#8464,#8635);
#8635 = DEFINITIONAL_REPRESENTATION('',(#8636),#8640);
#8636 = LINE('',#8637,#8638);
#8637 = CARTESIAN_POINT('',(0.,0.));
#8638 = VECTOR('',#8639,1.);
#8639 = DIRECTION('',(1.,0.));
#8640 = ( GEOMETRIC_REPRESENTATION_CONTEXT(2) 
PARAMETRIC_REPRESENTATION_CONTEXT() REPRESENTATION_CONTEXT('2D SPACE',''
  ) );
#8641 = ORIENTED_EDGE('',*,*,#8642,.F.);
#8642 = EDGE_CURVE('',#8643,#8620,#8645,.T.);
#8643 = VERTEX_POINT('',#8644);
#8644 = CARTESIAN_POINT('',(9.9,16.65,6.21));
#8645 = SURFACE_CURVE('',#8646,(#8650,#8657),.PCURVE_S1.);
#8646 = LINE('',#8647,#8648);
#8647 = CARTESIAN_POINT('',(9.9,16.65,6.21));
#8648 = VECTOR('',#8649,1.);
#8649 = DIRECTION('',(-1.,0.,0.));
#8650 = PCURVE('',#8492,#8651);
#8651 = DEFINITIONAL_REPRESENTATION('',(#8652),#8656);
#8652 = LINE('',#8653,#8654);
#8653 = CARTESIAN_POINT('',(14.09840061851,8.881784197001E-16));
#8654 = VECTOR('',#8655,1.);
#8655 = DIRECTION('',(-0.727032822896,-0.68660270494));
#8656 = ( GEOMETRIC_REPRESENTATION_CONTEXT(2) 
PARAMETRIC_REPRESENTATION_CONTEXT() REPRESENTATION_CONTEXT('2D SPACE',''
  ) );
#8657 = PCURVE('',#8658,#8663);
#8658 = B_SPLINE_SURFACE_WITH_KNOTS('',1,1,(
    (#8659,#8660)
    ,(#8661,#8662
    )),.UNSPECIFIED.,.F.,.F.,.F.,(2,2),(2,2),(0.,10.25),(0.,1.),
  .PIECEWISE_BEZIER_KNOTS.);
#8659 = CARTESIAN_POINT('',(9.9,16.65,6.21));
#8660 = CARTESIAN_POINT('',(5.06,11.835,7.81));
#8661 = CARTESIAN_POINT('',(-0.35,16.65,6.21));
#8662 = CARTESIAN_POINT('',(4.49,11.835,7.81));
#8663 = DEFINITIONAL_REPRESENTATION('',(#8664),#8668);
#8664 = LINE('',#8665,#8666);
#8665 = CARTESIAN_POINT('',(0.,0.));
#8666 = VECTOR('',#8667,1.);
#8667 = DIRECTION('',(1.,0.));
#8668 = ( GEOMETRIC_REPRESENTATION_CONTEXT(2) 
PARAMETRIC_REPRESENTATION_CONTEXT() REPRESENTATION_CONTEXT('2D SPACE',''
  ) );
#8669 = ORIENTED_EDGE('',*,*,#8670,.F.);
#8670 = EDGE_CURVE('',#8671,#8643,#8673,.T.);
#8671 = VERTEX_POINT('',#8672);
#8672 = CARTESIAN_POINT('',(9.9,7.67,6.21));
#8673 = SURFACE_CURVE('',#8674,(#8678,#8685),.PCURVE_S1.);
#8674 = LINE('',#8675,#8676);
#8675 = CARTESIAN_POINT('',(9.9,6.97,6.21));
#8676 = VECTOR('',#8677,1.);
#8677 = DIRECTION('',(0.,1.,0.));
#8678 = PCURVE('',#8492,#8679);
#8679 = DEFINITIONAL_REPRESENTATION('',(#8680),#8684);
#8680 = LINE('',#8681,#8682);
#8681 = CARTESIAN_POINT('',(7.452086434688,7.037677725637));
#8682 = VECTOR('',#8683,1.);
#8683 = DIRECTION('',(0.68660270494,-0.727032822896));
#8684 = ( GEOMETRIC_REPRESENTATION_CONTEXT(2) 
PARAMETRIC_REPRESENTATION_CONTEXT() REPRESENTATION_CONTEXT('2D SPACE',''
  ) );
#8685 = PCURVE('',#8578,#8686);
#8686 = DEFINITIONAL_REPRESENTATION('',(#8687),#8691);
#8687 = LINE('',#8688,#8689);
#8688 = CARTESIAN_POINT('',(0.,0.));
#8689 = VECTOR('',#8690,1.);
#8690 = DIRECTION('',(1.,0.));
#8691 = ( GEOMETRIC_REPRESENTATION_CONTEXT(2) 
PARAMETRIC_REPRESENTATION_CONTEXT() REPRESENTATION_CONTEXT('2D SPACE',''
  ) );
#8692 = ORIENTED_EDGE('',*,*,#8693,.T.);
#8693 = EDGE_CURVE('',#8671,#8694,#8696,.T.);
#8694 = VERTEX_POINT('',#8695);
#8695 = CARTESIAN_POINT('',(9.9,-0.35,6.21));
#8696 = SURFACE_CURVE('',#8697,(#8701,#8708),.PCURVE_S1.);
#8697 = LINE('',#8698,#8699);
#8698 = CARTESIAN_POINT('',(9.9,7.67,6.21));
#8699 = VECTOR('',#8700,1.);
#8700 = DIRECTION('',(0.,-1.,0.));
#8701 = PCURVE('',#8492,#8702);
#8702 = DEFINITIONAL_REPRESENTATION('',(#8703),#8707);
#8703 = LINE('',#8704,#8705);
#8704 = CARTESIAN_POINT('',(7.932708328147,6.52875474961));
#8705 = VECTOR('',#8706,1.);
#8706 = DIRECTION('',(-0.68660270494,0.727032822896));
#8707 = ( GEOMETRIC_REPRESENTATION_CONTEXT(2) 
PARAMETRIC_REPRESENTATION_CONTEXT() REPRESENTATION_CONTEXT('2D SPACE',''
  ) );
#8708 = PCURVE('',#8709,#8714);
#8709 = B_SPLINE_SURFACE_WITH_KNOTS('',1,1,(
    (#8710,#8711)
    ,(#8712,#8713
    )),.UNSPECIFIED.,.F.,.F.,.F.,(2,2),(2,2),(0.,8.02),(0.,1.),
  .PIECEWISE_BEZIER_KNOTS.);
#8710 = CARTESIAN_POINT('',(9.9,-0.35,6.21));
#8711 = CARTESIAN_POINT('',(6.235,3.34,7.81));
#8712 = CARTESIAN_POINT('',(9.9,7.67,6.21));
#8713 = CARTESIAN_POINT('',(6.235,3.98,7.81));
#8714 = DEFINITIONAL_REPRESENTATION('',(#8715),#8719);
#8715 = LINE('',#8716,#8717);
#8716 = CARTESIAN_POINT('',(8.02,0.));
#8717 = VECTOR('',#8718,1.);
#8718 = DIRECTION('',(-1.,-0.));
#8719 = ( GEOMETRIC_REPRESENTATION_CONTEXT(2) 
PARAMETRIC_REPRESENTATION_CONTEXT() REPRESENTATION_CONTEXT('2D SPACE',''
  ) );
#8720 = ORIENTED_EDGE('',*,*,#8721,.F.);
#8721 = EDGE_CURVE('',#8722,#8694,#8724,.T.);
#8722 = VERTEX_POINT('',#8723);
#8723 = CARTESIAN_POINT('',(2.52,-0.35,6.21));
#8724 = SURFACE_CURVE('',#8725,(#8729,#8736),.PCURVE_S1.);
#8725 = LINE('',#8726,#8727);
#8726 = CARTESIAN_POINT('',(2.52,-0.35,6.21));
#8727 = VECTOR('',#8728,1.);
#8728 = DIRECTION('',(1.,0.,0.));
#8729 = PCURVE('',#8492,#8730);
#8730 = DEFINITIONAL_REPRESENTATION('',(#8731),#8735);
#8731 = LINE('',#8732,#8733);
#8732 = CARTESIAN_POINT('',(-2.93934759845,7.29243002678));
#8733 = VECTOR('',#8734,1.);
#8734 = DIRECTION('',(0.727032822896,0.68660270494));
#8735 = ( GEOMETRIC_REPRESENTATION_CONTEXT(2) 
PARAMETRIC_REPRESENTATION_CONTEXT() REPRESENTATION_CONTEXT('2D SPACE',''
  ) );
#8736 = PCURVE('',#8737,#8742);
#8737 = B_SPLINE_SURFACE_WITH_KNOTS('',1,1,(
    (#8738,#8739)
    ,(#8740,#8741
    )),.UNSPECIFIED.,.F.,.F.,.F.,(2,2),(2,2),(0.,7.38),(0.,1.),
  .PIECEWISE_BEZIER_KNOTS.);
#8738 = CARTESIAN_POINT('',(2.52,-0.35,6.21));
#8739 = CARTESIAN_POINT('',(6.185,3.34,7.81));
#8740 = CARTESIAN_POINT('',(9.9,-0.35,6.21));
#8741 = CARTESIAN_POINT('',(6.235,3.34,7.81));
#8742 = DEFINITIONAL_REPRESENTATION('',(#8743),#8747);
#8743 = LINE('',#8744,#8745);
#8744 = CARTESIAN_POINT('',(0.,0.));
#8745 = VECTOR('',#8746,1.);
#8746 = DIRECTION('',(1.,0.));
#8747 = ( GEOMETRIC_REPRESENTATION_CONTEXT(2) 
PARAMETRIC_REPRESENTATION_CONTEXT() REPRESENTATION_CONTEXT('2D SPACE',''
  ) );
#8748 = ORIENTED_EDGE('',*,*,#8749,.F.);
#8749 = EDGE_CURVE('',#8477,#8722,#8750,.T.);
#8750 = SURFACE_CURVE('',#8751,(#8755,#8762),.PCURVE_S1.);
#8751 = LINE('',#8752,#8753);
#8752 = CARTESIAN_POINT('',(2.52,7.67,6.21));
#8753 = VECTOR('',#8754,1.);
#8754 = DIRECTION('',(0.,-1.,0.));
#8755 = PCURVE('',#8492,#8756);
#8756 = DEFINITIONAL_REPRESENTATION('',(#8757),#8761);
#8757 = LINE('',#8758,#8759);
#8758 = CARTESIAN_POINT('',(2.567206095171,1.461626787151));
#8759 = VECTOR('',#8760,1.);
#8760 = DIRECTION('',(-0.68660270494,0.727032822896));
#8761 = ( GEOMETRIC_REPRESENTATION_CONTEXT(2) 
PARAMETRIC_REPRESENTATION_CONTEXT() REPRESENTATION_CONTEXT('2D SPACE',''
  ) );
#8762 = PCURVE('',#8524,#8763);
#8763 = DEFINITIONAL_REPRESENTATION('',(#8764),#8768);
#8764 = LINE('',#8765,#8766);
#8765 = CARTESIAN_POINT('',(0.,0.));
#8766 = VECTOR('',#8767,1.);
#8767 = DIRECTION('',(1.,0.));
#8768 = ( GEOMETRIC_REPRESENTATION_CONTEXT(2) 
PARAMETRIC_REPRESENTATION_CONTEXT() REPRESENTATION_CONTEXT('2D SPACE',''
  ) );
#8769 = ADVANCED_FACE('',(#8770),#8737,.T.);
#8770 = FACE_BOUND('',#8771,.T.);
#8771 = EDGE_LOOP('',(#8772,#8773,#8795,#8822));
#8772 = ORIENTED_EDGE('',*,*,#8721,.T.);
#8773 = ORIENTED_EDGE('',*,*,#8774,.T.);
#8774 = EDGE_CURVE('',#8694,#8775,#8777,.T.);
#8775 = VERTEX_POINT('',#8776);
#8776 = CARTESIAN_POINT('',(6.235,3.34,7.81));
#8777 = SURFACE_CURVE('',#8778,(#8781,#8788),.PCURVE_S1.);
#8778 = B_SPLINE_CURVE_WITH_KNOTS('',1,(#8779,#8780),.UNSPECIFIED.,.F.,
  .F.,(2,2),(0.,1.),.PIECEWISE_BEZIER_KNOTS.);
#8779 = CARTESIAN_POINT('',(9.9,-0.35,6.21));
#8780 = CARTESIAN_POINT('',(6.235,3.34,7.81));
#8781 = PCURVE('',#8737,#8782);
#8782 = DEFINITIONAL_REPRESENTATION('',(#8783),#8787);
#8783 = LINE('',#8784,#8785);
#8784 = CARTESIAN_POINT('',(7.38,0.));
#8785 = VECTOR('',#8786,1.);
#8786 = DIRECTION('',(0.,1.));
#8787 = ( GEOMETRIC_REPRESENTATION_CONTEXT(2) 
PARAMETRIC_REPRESENTATION_CONTEXT() REPRESENTATION_CONTEXT('2D SPACE',''
  ) );
#8788 = PCURVE('',#8709,#8789);
#8789 = DEFINITIONAL_REPRESENTATION('',(#8790),#8794);
#8790 = LINE('',#8791,#8792);
#8791 = CARTESIAN_POINT('',(0.,0.));
#8792 = VECTOR('',#8793,1.);
#8793 = DIRECTION('',(0.,1.));
#8794 = ( GEOMETRIC_REPRESENTATION_CONTEXT(2) 
PARAMETRIC_REPRESENTATION_CONTEXT() REPRESENTATION_CONTEXT('2D SPACE',''
  ) );
#8795 = ORIENTED_EDGE('',*,*,#8796,.F.);
#8796 = EDGE_CURVE('',#8797,#8775,#8799,.T.);
#8797 = VERTEX_POINT('',#8798);
#8798 = CARTESIAN_POINT('',(6.185,3.34,7.81));
#8799 = SURFACE_CURVE('',#8800,(#8804,#8810),.PCURVE_S1.);
#8800 = LINE('',#8801,#8802);
#8801 = CARTESIAN_POINT('',(6.185,3.34,7.81));
#8802 = VECTOR('',#8803,1.);
#8803 = DIRECTION('',(1.,0.,0.));
#8804 = PCURVE('',#8737,#8805);
#8805 = DEFINITIONAL_REPRESENTATION('',(#8806),#8809);
#8806 = B_SPLINE_CURVE_WITH_KNOTS('',1,(#8807,#8808),.UNSPECIFIED.,.F.,
  .F.,(2,2),(0.,5.E-02),.PIECEWISE_BEZIER_KNOTS.);
#8807 = CARTESIAN_POINT('',(0.,1.));
#8808 = CARTESIAN_POINT('',(7.38,1.));
#8809 = ( GEOMETRIC_REPRESENTATION_CONTEXT(2) 
PARAMETRIC_REPRESENTATION_CONTEXT() REPRESENTATION_CONTEXT('2D SPACE',''
  ) );
#8810 = PCURVE('',#8811,#8816);
#8811 = PLANE('',#8812);
#8812 = AXIS2_PLACEMENT_3D('',#8813,#8814,#8815);
#8813 = CARTESIAN_POINT('',(6.185,3.34,7.81));
#8814 = DIRECTION('',(0.,0.,-1.));
#8815 = DIRECTION('',(7.788766729291E-02,0.996962141349,0.));
#8816 = DEFINITIONAL_REPRESENTATION('',(#8817),#8821);
#8817 = LINE('',#8818,#8819);
#8818 = CARTESIAN_POINT('',(0.,0.));
#8819 = VECTOR('',#8820,1.);
#8820 = DIRECTION('',(7.788766729291E-02,0.996962141349));
#8821 = ( GEOMETRIC_REPRESENTATION_CONTEXT(2) 
PARAMETRIC_REPRESENTATION_CONTEXT() REPRESENTATION_CONTEXT('2D SPACE',''
  ) );
#8822 = ORIENTED_EDGE('',*,*,#8823,.F.);
#8823 = EDGE_CURVE('',#8722,#8797,#8824,.T.);
#8824 = SURFACE_CURVE('',#8825,(#8828,#8835),.PCURVE_S1.);
#8825 = B_SPLINE_CURVE_WITH_KNOTS('',1,(#8826,#8827),.UNSPECIFIED.,.F.,
  .F.,(2,2),(0.,1.),.PIECEWISE_BEZIER_KNOTS.);
#8826 = CARTESIAN_POINT('',(2.52,-0.35,6.21));
#8827 = CARTESIAN_POINT('',(6.185,3.34,7.81));
#8828 = PCURVE('',#8737,#8829);
#8829 = DEFINITIONAL_REPRESENTATION('',(#8830),#8834);
#8830 = LINE('',#8831,#8832);
#8831 = CARTESIAN_POINT('',(0.,0.));
#8832 = VECTOR('',#8833,1.);
#8833 = DIRECTION('',(0.,1.));
#8834 = ( GEOMETRIC_REPRESENTATION_CONTEXT(2) 
PARAMETRIC_REPRESENTATION_CONTEXT() REPRESENTATION_CONTEXT('2D SPACE',''
  ) );
#8835 = PCURVE('',#8524,#8836);
#8836 = DEFINITIONAL_REPRESENTATION('',(#8837),#8841);
#8837 = LINE('',#8838,#8839);
#8838 = CARTESIAN_POINT('',(8.02,0.));
#8839 = VECTOR('',#8840,1.);
#8840 = DIRECTION('',(0.,1.));
#8841 = ( GEOMETRIC_REPRESENTATION_CONTEXT(2) 
PARAMETRIC_REPRESENTATION_CONTEXT() REPRESENTATION_CONTEXT('2D SPACE',''
  ) );
#8842 = ADVANCED_FACE('',(#8843),#8811,.F.);
#8843 = FACE_BOUND('',#8844,.T.);
#8844 = EDGE_LOOP('',(#8845,#8846,#8868,#8890));
#8845 = ORIENTED_EDGE('',*,*,#8796,.T.);
#8846 = ORIENTED_EDGE('',*,*,#8847,.T.);
#8847 = EDGE_CURVE('',#8775,#8848,#8850,.T.);
#8848 = VERTEX_POINT('',#8849);
#8849 = CARTESIAN_POINT('',(6.235,3.98,7.81));
#8850 = SURFACE_CURVE('',#8851,(#8855,#8862),.PCURVE_S1.);
#8851 = LINE('',#8852,#8853);
#8852 = CARTESIAN_POINT('',(6.235,3.34,7.81));
#8853 = VECTOR('',#8854,1.);
#8854 = DIRECTION('',(0.,1.,0.));
#8855 = PCURVE('',#8811,#8856);
#8856 = DEFINITIONAL_REPRESENTATION('',(#8857),#8861);
#8857 = LINE('',#8858,#8859);
#8858 = CARTESIAN_POINT('',(3.894383364646E-03,4.984810706746E-02));
#8859 = VECTOR('',#8860,1.);
#8860 = DIRECTION('',(0.996962141349,-7.788766729291E-02));
#8861 = ( GEOMETRIC_REPRESENTATION_CONTEXT(2) 
PARAMETRIC_REPRESENTATION_CONTEXT() REPRESENTATION_CONTEXT('2D SPACE',''
  ) );
#8862 = PCURVE('',#8709,#8863);
#8863 = DEFINITIONAL_REPRESENTATION('',(#8864),#8867);
#8864 = B_SPLINE_CURVE_WITH_KNOTS('',1,(#8865,#8866),.UNSPECIFIED.,.F.,
  .F.,(2,2),(0.,0.64),.PIECEWISE_BEZIER_KNOTS.);
#8865 = CARTESIAN_POINT('',(0.,1.));
#8866 = CARTESIAN_POINT('',(8.02,1.));
#8867 = ( GEOMETRIC_REPRESENTATION_CONTEXT(2) 
PARAMETRIC_REPRESENTATION_CONTEXT() REPRESENTATION_CONTEXT('2D SPACE',''
  ) );
#8868 = ORIENTED_EDGE('',*,*,#8869,.T.);
#8869 = EDGE_CURVE('',#8848,#8870,#8872,.T.);
#8870 = VERTEX_POINT('',#8871);
#8871 = CARTESIAN_POINT('',(6.185,3.98,7.81));
#8872 = SURFACE_CURVE('',#8873,(#8877,#8884),.PCURVE_S1.);
#8873 = LINE('',#8874,#8875);
#8874 = CARTESIAN_POINT('',(6.235,3.98,7.81));
#8875 = VECTOR('',#8876,1.);
#8876 = DIRECTION('',(-1.,0.,0.));
#8877 = PCURVE('',#8811,#8878);
#8878 = DEFINITIONAL_REPRESENTATION('',(#8879),#8883);
#8879 = LINE('',#8880,#8881);
#8880 = CARTESIAN_POINT('',(0.641950153828,0.));
#8881 = VECTOR('',#8882,1.);
#8882 = DIRECTION('',(-7.788766729291E-02,-0.996962141349));
#8883 = ( GEOMETRIC_REPRESENTATION_CONTEXT(2) 
PARAMETRIC_REPRESENTATION_CONTEXT() REPRESENTATION_CONTEXT('2D SPACE',''
  ) );
#8884 = PCURVE('',#8552,#8885);
#8885 = DEFINITIONAL_REPRESENTATION('',(#8886),#8889);
#8886 = B_SPLINE_CURVE_WITH_KNOTS('',1,(#8887,#8888),.UNSPECIFIED.,.F.,
  .F.,(2,2),(0.,5.E-02),.PIECEWISE_BEZIER_KNOTS.);
#8887 = CARTESIAN_POINT('',(0.,1.));
#8888 = CARTESIAN_POINT('',(7.38,1.));
#8889 = ( GEOMETRIC_REPRESENTATION_CONTEXT(2) 
PARAMETRIC_REPRESENTATION_CONTEXT() REPRESENTATION_CONTEXT('2D SPACE',''
  ) );
#8890 = ORIENTED_EDGE('',*,*,#8891,.T.);
#8891 = EDGE_CURVE('',#8870,#8797,#8892,.T.);
#8892 = SURFACE_CURVE('',#8893,(#8897,#8904),.PCURVE_S1.);
#8893 = LINE('',#8894,#8895);
#8894 = CARTESIAN_POINT('',(6.185,3.98,7.81));
#8895 = VECTOR('',#8896,1.);
#8896 = DIRECTION('',(0.,-1.,0.));
#8897 = PCURVE('',#8811,#8898);
#8898 = DEFINITIONAL_REPRESENTATION('',(#8899),#8903);
#8899 = LINE('',#8900,#8901);
#8900 = CARTESIAN_POINT('',(0.638055770464,-4.984810706746E-02));
#8901 = VECTOR('',#8902,1.);
#8902 = DIRECTION('',(-0.996962141349,7.788766729291E-02));
#8903 = ( GEOMETRIC_REPRESENTATION_CONTEXT(2) 
PARAMETRIC_REPRESENTATION_CONTEXT() REPRESENTATION_CONTEXT('2D SPACE',''
  ) );
#8904 = PCURVE('',#8524,#8905);
#8905 = DEFINITIONAL_REPRESENTATION('',(#8906),#8909);
#8906 = B_SPLINE_CURVE_WITH_KNOTS('',1,(#8907,#8908),.UNSPECIFIED.,.F.,
  .F.,(2,2),(0.,0.64),.PIECEWISE_BEZIER_KNOTS.);
#8907 = CARTESIAN_POINT('',(0.,1.));
#8908 = CARTESIAN_POINT('',(8.02,1.));
#8909 = ( GEOMETRIC_REPRESENTATION_CONTEXT(2) 
PARAMETRIC_REPRESENTATION_CONTEXT() REPRESENTATION_CONTEXT('2D SPACE',''
  ) );
#8910 = ADVANCED_FACE('',(#8911),#8709,.T.);
#8911 = FACE_BOUND('',#8912,.T.);
#8912 = EDGE_LOOP('',(#8913,#8914,#8934,#8935));
#8913 = ORIENTED_EDGE('',*,*,#8693,.F.);
#8914 = ORIENTED_EDGE('',*,*,#8915,.T.);
#8915 = EDGE_CURVE('',#8671,#8848,#8916,.T.);
#8916 = SURFACE_CURVE('',#8917,(#8920,#8927),.PCURVE_S1.);
#8917 = B_SPLINE_CURVE_WITH_KNOTS('',1,(#8918,#8919),.UNSPECIFIED.,.F.,
  .F.,(2,2),(0.,1.),.PIECEWISE_BEZIER_KNOTS.);
#8918 = CARTESIAN_POINT('',(9.9,7.67,6.21));
#8919 = CARTESIAN_POINT('',(6.235,3.98,7.81));
#8920 = PCURVE('',#8709,#8921);
#8921 = DEFINITIONAL_REPRESENTATION('',(#8922),#8926);
#8922 = LINE('',#8923,#8924);
#8923 = CARTESIAN_POINT('',(8.02,0.));
#8924 = VECTOR('',#8925,1.);
#8925 = DIRECTION('',(0.,1.));
#8926 = ( GEOMETRIC_REPRESENTATION_CONTEXT(2) 
PARAMETRIC_REPRESENTATION_CONTEXT() REPRESENTATION_CONTEXT('2D SPACE',''
  ) );
#8927 = PCURVE('',#8552,#8928);
#8928 = DEFINITIONAL_REPRESENTATION('',(#8929),#8933);
#8929 = LINE('',#8930,#8931);
#8930 = CARTESIAN_POINT('',(0.,0.));
#8931 = VECTOR('',#8932,1.);
#8932 = DIRECTION('',(0.,1.));
#8933 = ( GEOMETRIC_REPRESENTATION_CONTEXT(2) 
PARAMETRIC_REPRESENTATION_CONTEXT() REPRESENTATION_CONTEXT('2D SPACE',''
  ) );
#8934 = ORIENTED_EDGE('',*,*,#8847,.F.);
#8935 = ORIENTED_EDGE('',*,*,#8774,.F.);
#8936 = ADVANCED_FACE('',(#8937),#8658,.T.);
#8937 = FACE_BOUND('',#8938,.T.);
#8938 = EDGE_LOOP('',(#8939,#8940,#8962,#8984));
#8939 = ORIENTED_EDGE('',*,*,#8642,.T.);
#8940 = ORIENTED_EDGE('',*,*,#8941,.T.);
#8941 = EDGE_CURVE('',#8620,#8942,#8944,.T.);
#8942 = VERTEX_POINT('',#8943);
#8943 = CARTESIAN_POINT('',(4.49,11.835,7.81));
#8944 = SURFACE_CURVE('',#8945,(#8948,#8955),.PCURVE_S1.);
#8945 = B_SPLINE_CURVE_WITH_KNOTS('',1,(#8946,#8947),.UNSPECIFIED.,.F.,
  .F.,(2,2),(0.,1.),.PIECEWISE_BEZIER_KNOTS.);
#8946 = CARTESIAN_POINT('',(-0.35,16.65,6.21));
#8947 = CARTESIAN_POINT('',(4.49,11.835,7.81));
#8948 = PCURVE('',#8658,#8949);
#8949 = DEFINITIONAL_REPRESENTATION('',(#8950),#8954);
#8950 = LINE('',#8951,#8952);
#8951 = CARTESIAN_POINT('',(10.25,0.));
#8952 = VECTOR('',#8953,1.);
#8953 = DIRECTION('',(0.,1.));
#8954 = ( GEOMETRIC_REPRESENTATION_CONTEXT(2) 
PARAMETRIC_REPRESENTATION_CONTEXT() REPRESENTATION_CONTEXT('2D SPACE',''
  ) );
#8955 = PCURVE('',#8464,#8956);
#8956 = DEFINITIONAL_REPRESENTATION('',(#8957),#8961);
#8957 = LINE('',#8958,#8959);
#8958 = CARTESIAN_POINT('',(0.,0.));
#8959 = VECTOR('',#8960,1.);
#8960 = DIRECTION('',(0.,1.));
#8961 = ( GEOMETRIC_REPRESENTATION_CONTEXT(2) 
PARAMETRIC_REPRESENTATION_CONTEXT() REPRESENTATION_CONTEXT('2D SPACE',''
  ) );
#8962 = ORIENTED_EDGE('',*,*,#8963,.F.);
#8963 = EDGE_CURVE('',#8964,#8942,#8966,.T.);
#8964 = VERTEX_POINT('',#8965);
#8965 = CARTESIAN_POINT('',(5.06,11.835,7.81));
#8966 = SURFACE_CURVE('',#8967,(#8971,#8977),.PCURVE_S1.);
#8967 = LINE('',#8968,#8969);
#8968 = CARTESIAN_POINT('',(5.06,11.835,7.81));
#8969 = VECTOR('',#8970,1.);
#8970 = DIRECTION('',(-1.,0.,0.));
#8971 = PCURVE('',#8658,#8972);
#8972 = DEFINITIONAL_REPRESENTATION('',(#8973),#8976);
#8973 = B_SPLINE_CURVE_WITH_KNOTS('',1,(#8974,#8975),.UNSPECIFIED.,.F.,
  .F.,(2,2),(0.,0.57),.PIECEWISE_BEZIER_KNOTS.);
#8974 = CARTESIAN_POINT('',(0.,1.));
#8975 = CARTESIAN_POINT('',(10.25,1.));
#8976 = ( GEOMETRIC_REPRESENTATION_CONTEXT(2) 
PARAMETRIC_REPRESENTATION_CONTEXT() REPRESENTATION_CONTEXT('2D SPACE',''
  ) );
#8977 = PCURVE('',#8603,#8978);
#8978 = DEFINITIONAL_REPRESENTATION('',(#8979),#8983);
#8979 = LINE('',#8980,#8981);
#8980 = CARTESIAN_POINT('',(0.572188780037,0.));
#8981 = VECTOR('',#8982,1.);
#8982 = DIRECTION('',(-0.996174723949,-8.738374771485E-02));
#8983 = ( GEOMETRIC_REPRESENTATION_CONTEXT(2) 
PARAMETRIC_REPRESENTATION_CONTEXT() REPRESENTATION_CONTEXT('2D SPACE',''
  ) );
#8984 = ORIENTED_EDGE('',*,*,#8985,.F.);
#8985 = EDGE_CURVE('',#8643,#8964,#8986,.T.);
#8986 = SURFACE_CURVE('',#8987,(#8990,#8997),.PCURVE_S1.);
#8987 = B_SPLINE_CURVE_WITH_KNOTS('',1,(#8988,#8989),.UNSPECIFIED.,.F.,
  .F.,(2,2),(0.,1.),.PIECEWISE_BEZIER_KNOTS.);
#8988 = CARTESIAN_POINT('',(9.9,16.65,6.21));
#8989 = CARTESIAN_POINT('',(5.06,11.835,7.81));
#8990 = PCURVE('',#8658,#8991);
#8991 = DEFINITIONAL_REPRESENTATION('',(#8992),#8996);
#8992 = LINE('',#8993,#8994);
#8993 = CARTESIAN_POINT('',(0.,0.));
#8994 = VECTOR('',#8995,1.);
#8995 = DIRECTION('',(0.,1.));
#8996 = ( GEOMETRIC_REPRESENTATION_CONTEXT(2) 
PARAMETRIC_REPRESENTATION_CONTEXT() REPRESENTATION_CONTEXT('2D SPACE',''
  ) );
#8997 = PCURVE('',#8578,#8998);
#8998 = DEFINITIONAL_REPRESENTATION('',(#8999),#9003);
#8999 = LINE('',#9000,#9001);
#9000 = CARTESIAN_POINT('',(9.68,0.));
#9001 = VECTOR('',#9002,1.);
#9002 = DIRECTION('',(0.,1.));
#9003 = ( GEOMETRIC_REPRESENTATION_CONTEXT(2) 
PARAMETRIC_REPRESENTATION_CONTEXT() REPRESENTATION_CONTEXT('2D SPACE',''
  ) );
#9004 = ADVANCED_FACE('',(#9005),#8524,.T.);
#9005 = FACE_BOUND('',#9006,.T.);
#9006 = EDGE_LOOP('',(#9007,#9008,#9009,#9010,#9011));
#9007 = ORIENTED_EDGE('',*,*,#8504,.F.);
#9008 = ORIENTED_EDGE('',*,*,#8749,.T.);
#9009 = ORIENTED_EDGE('',*,*,#8823,.T.);
#9010 = ORIENTED_EDGE('',*,*,#8891,.F.);
#9011 = ORIENTED_EDGE('',*,*,#9012,.F.);
#9012 = EDGE_CURVE('',#8505,#8870,#9013,.T.);
#9013 = SURFACE_CURVE('',#9014,(#9017,#9024),.PCURVE_S1.);
#9014 = B_SPLINE_CURVE_WITH_KNOTS('',1,(#9015,#9016),.UNSPECIFIED.,.F.,
  .F.,(2,2),(0.,1.),.PIECEWISE_BEZIER_KNOTS.);
#9015 = CARTESIAN_POINT('',(2.52,7.67,6.21));
#9016 = CARTESIAN_POINT('',(6.185,3.98,7.81));
#9017 = PCURVE('',#8524,#9018);
#9018 = DEFINITIONAL_REPRESENTATION('',(#9019),#9023);
#9019 = LINE('',#9020,#9021);
#9020 = CARTESIAN_POINT('',(0.,0.));
#9021 = VECTOR('',#9022,1.);
#9022 = DIRECTION('',(0.,1.));
#9023 = ( GEOMETRIC_REPRESENTATION_CONTEXT(2) 
PARAMETRIC_REPRESENTATION_CONTEXT() REPRESENTATION_CONTEXT('2D SPACE',''
  ) );
#9024 = PCURVE('',#8552,#9025);
#9025 = DEFINITIONAL_REPRESENTATION('',(#9026),#9030);
#9026 = LINE('',#9027,#9028);
#9027 = CARTESIAN_POINT('',(7.38,0.));
#9028 = VECTOR('',#9029,1.);
#9029 = DIRECTION('',(0.,1.));
#9030 = ( GEOMETRIC_REPRESENTATION_CONTEXT(2) 
PARAMETRIC_REPRESENTATION_CONTEXT() REPRESENTATION_CONTEXT('2D SPACE',''
  ) );
#9031 = ADVANCED_FACE('',(#9032),#8552,.T.);
#9032 = FACE_BOUND('',#9033,.T.);
#9033 = EDGE_LOOP('',(#9034,#9035,#9062,#9063,#9064));
#9034 = ORIENTED_EDGE('',*,*,#8915,.F.);
#9035 = ORIENTED_EDGE('',*,*,#9036,.F.);
#9036 = EDGE_CURVE('',#8539,#8671,#9037,.T.);
#9037 = SURFACE_CURVE('',#9038,(#9044,#9053),.PCURVE_S1.);
#9038 = B_SPLINE_CURVE_WITH_KNOTS('',4,(#9039,#9040,#9041,#9042,#9043),
  .UNSPECIFIED.,.F.,.F.,(5,5),(0.,1.),.PIECEWISE_BEZIER_KNOTS.);
#9039 = CARTESIAN_POINT('',(9.501646090535,7.366296296296,6.341687242798
    ));
#9040 = CARTESIAN_POINT('',(9.595806504009,7.438083884255,6.310559833386
    ));
#9041 = CARTESIAN_POINT('',(9.693557059813,7.512608584858,6.278245600062
    ));
#9042 = CARTESIAN_POINT('',(9.794964801262,7.589921511706,6.244722379748
    ));
#9043 = CARTESIAN_POINT('',(9.9,7.67,6.21));
#9044 = PCURVE('',#8552,#9045);
#9045 = DEFINITIONAL_REPRESENTATION('',(#9046),#9052);
#9046 = B_SPLINE_CURVE_WITH_KNOTS('',4,(#9047,#9048,#9049,#9050,#9051),
  .UNSPECIFIED.,.F.,.F.,(5,5),(0.,1.),.PIECEWISE_BEZIER_KNOTS.);
#9047 = CARTESIAN_POINT('',(0.10531717211,8.230452674895E-02));
#9048 = CARTESIAN_POINT('',(7.820682493961E-02,6.284989569539E-02));
#9049 = CARTESIAN_POINT('',(5.158373532737E-02,4.265350049506E-02));
#9050 = CARTESIAN_POINT('',(2.549919299539E-02,2.170148682194E-02));
#9051 = CARTESIAN_POINT('',(3.402604731222E-10,2.887534747373E-10));
#9052 = ( GEOMETRIC_REPRESENTATION_CONTEXT(2) 
PARAMETRIC_REPRESENTATION_CONTEXT() REPRESENTATION_CONTEXT('2D SPACE',''
  ) );
#9053 = PCURVE('',#8578,#9054);
#9054 = DEFINITIONAL_REPRESENTATION('',(#9055),#9061);
#9055 = B_SPLINE_CURVE_WITH_KNOTS('',4,(#9056,#9057,#9058,#9059,#9060),
  .UNSPECIFIED.,.F.,.F.,(5,5),(0.,1.),.PIECEWISE_BEZIER_KNOTS.);
#9056 = CARTESIAN_POINT('',(0.,8.230452674897E-02));
#9057 = CARTESIAN_POINT('',(0.180217348316,6.284989586595E-02));
#9058 = CARTESIAN_POINT('',(0.357177779868,4.265350003858E-02));
#9059 = CARTESIAN_POINT('',(0.530541783745,2.170148734258E-02));
#9060 = CARTESIAN_POINT('',(0.7,0.));
#9061 = ( GEOMETRIC_REPRESENTATION_CONTEXT(2) 
PARAMETRIC_REPRESENTATION_CONTEXT() REPRESENTATION_CONTEXT('2D SPACE',''
  ) );
#9062 = ORIENTED_EDGE('',*,*,#8538,.F.);
#9063 = ORIENTED_EDGE('',*,*,#9012,.T.);
#9064 = ORIENTED_EDGE('',*,*,#8869,.F.);
#9065 = ADVANCED_FACE('',(#9066),#8578,.T.);
#9066 = FACE_BOUND('',#9067,.T.);
#9067 = EDGE_LOOP('',(#9068,#9069,#9070,#9071,#9091));
#9068 = ORIENTED_EDGE('',*,*,#9036,.T.);
#9069 = ORIENTED_EDGE('',*,*,#8670,.T.);
#9070 = ORIENTED_EDGE('',*,*,#8985,.T.);
#9071 = ORIENTED_EDGE('',*,*,#9072,.F.);
#9072 = EDGE_CURVE('',#8564,#8964,#9073,.T.);
#9073 = SURFACE_CURVE('',#9074,(#9078,#9084),.PCURVE_S1.);
#9074 = LINE('',#9075,#9076);
#9075 = CARTESIAN_POINT('',(5.06,11.785,7.81));
#9076 = VECTOR('',#9077,1.);
#9077 = DIRECTION('',(0.,1.,0.));
#9078 = PCURVE('',#8578,#9079);
#9079 = DEFINITIONAL_REPRESENTATION('',(#9080),#9083);
#9080 = B_SPLINE_CURVE_WITH_KNOTS('',1,(#9081,#9082),.UNSPECIFIED.,.F.,
  .F.,(2,2),(0.,5.E-02),.PIECEWISE_BEZIER_KNOTS.);
#9081 = CARTESIAN_POINT('',(0.,1.));
#9082 = CARTESIAN_POINT('',(9.68,1.));
#9083 = ( GEOMETRIC_REPRESENTATION_CONTEXT(2) 
PARAMETRIC_REPRESENTATION_CONTEXT() REPRESENTATION_CONTEXT('2D SPACE',''
  ) );
#9084 = PCURVE('',#8603,#9085);
#9085 = DEFINITIONAL_REPRESENTATION('',(#9086),#9090);
#9086 = LINE('',#9087,#9088);
#9087 = CARTESIAN_POINT('',(0.567819592651,4.980873619746E-02));
#9088 = VECTOR('',#9089,1.);
#9089 = DIRECTION('',(8.738374771485E-02,-0.996174723949));
#9090 = ( GEOMETRIC_REPRESENTATION_CONTEXT(2) 
PARAMETRIC_REPRESENTATION_CONTEXT() REPRESENTATION_CONTEXT('2D SPACE',''
  ) );
#9091 = ORIENTED_EDGE('',*,*,#8563,.F.);
#9092 = ADVANCED_FACE('',(#9093),#8603,.F.);
#9093 = FACE_BOUND('',#9094,.T.);
#9094 = EDGE_LOOP('',(#9095,#9096,#9097,#9098));
#9095 = ORIENTED_EDGE('',*,*,#8590,.T.);
#9096 = ORIENTED_EDGE('',*,*,#9072,.T.);
#9097 = ORIENTED_EDGE('',*,*,#8963,.T.);
#9098 = ORIENTED_EDGE('',*,*,#9099,.T.);
#9099 = EDGE_CURVE('',#8942,#8445,#9100,.T.);
#9100 = SURFACE_CURVE('',#9101,(#9105,#9112),.PCURVE_S1.);
#9101 = LINE('',#9102,#9103);
#9102 = CARTESIAN_POINT('',(4.49,11.835,7.81));
#9103 = VECTOR('',#9104,1.);
#9104 = DIRECTION('',(0.,-1.,0.));
#9105 = PCURVE('',#8603,#9106);
#9106 = DEFINITIONAL_REPRESENTATION('',(#9107),#9111);
#9107 = LINE('',#9108,#9109);
#9108 = CARTESIAN_POINT('',(4.369187385742E-03,-4.980873619746E-02));
#9109 = VECTOR('',#9110,1.);
#9110 = DIRECTION('',(-8.738374771485E-02,0.996174723949));
#9111 = ( GEOMETRIC_REPRESENTATION_CONTEXT(2) 
PARAMETRIC_REPRESENTATION_CONTEXT() REPRESENTATION_CONTEXT('2D SPACE',''
  ) );
#9112 = PCURVE('',#8464,#9113);
#9113 = DEFINITIONAL_REPRESENTATION('',(#9114),#9117);
#9114 = B_SPLINE_CURVE_WITH_KNOTS('',1,(#9115,#9116),.UNSPECIFIED.,.F.,
  .F.,(2,2),(0.,5.E-02),.PIECEWISE_BEZIER_KNOTS.);
#9115 = CARTESIAN_POINT('',(0.,1.));
#9116 = CARTESIAN_POINT('',(9.68,1.));
#9117 = ( GEOMETRIC_REPRESENTATION_CONTEXT(2) 
PARAMETRIC_REPRESENTATION_CONTEXT() REPRESENTATION_CONTEXT('2D SPACE',''
  ) );
#9118 = ADVANCED_FACE('',(#9119),#8464,.T.);
#9119 = FACE_BOUND('',#9120,.T.);
#9120 = EDGE_LOOP('',(#9121,#9122,#9123,#9124));
#9121 = ORIENTED_EDGE('',*,*,#8619,.T.);
#9122 = ORIENTED_EDGE('',*,*,#8442,.T.);
#9123 = ORIENTED_EDGE('',*,*,#9099,.F.);
#9124 = ORIENTED_EDGE('',*,*,#8941,.F.);
#9125 = ( GEOMETRIC_REPRESENTATION_CONTEXT(3) 
GLOBAL_UNCERTAINTY_ASSIGNED_CONTEXT((#9129)) 
GLOBAL_UNIT_ASSIGNED_CONTEXT((#9126,#9127,#9128)) REPRESENTATION_CONTEXT
('Context #1','3D Context with UNIT and UNCERTAINTY') );
#9126 = ( LENGTH_UNIT() NAMED_UNIT(*) SI_UNIT(.MILLI.,.METRE.) );
#9127 = ( NAMED_UNIT(*) PLANE_ANGLE_UNIT() SI_UNIT($,.RADIAN.) );
#9128 = ( NAMED_UNIT(*) SI_UNIT($,.STERADIAN.) SOLID_ANGLE_UNIT() );
#9129 = UNCERTAINTY_MEASURE_WITH_UNIT(LENGTH_MEASURE(1.E-06),#9126,
  'distance_accuracy_value','confusion accuracy');
#9130 = CONTEXT_DEPENDENT_SHAPE_REPRESENTATION(#9131,#9133);
#9131 = ( REPRESENTATION_RELATIONSHIP('','',#8435,#10) 
REPRESENTATION_RELATIONSHIP_WITH_TRANSFORMATION(#9132) 
SHAPE_REPRESENTATION_RELATIONSHIP() );
#9132 = ITEM_DEFINED_TRANSFORMATION('','',#11,#43);
#9133 = PRODUCT_DEFINITION_SHAPE('Placement','Placement of an item',
  #9134);
#9134 = NEXT_ASSEMBLY_USAGE_OCCURRENCE('8','cubierta','',#5,#8430,$);
#9135 = PRODUCT_RELATED_PRODUCT_CATEGORY('part',$,(#8432));
#9136 = MECHANICAL_DESIGN_GEOMETRIC_PRESENTATION_REPRESENTATION('',(
    #9137),#8417);
#9137 = STYLED_ITEM('color',(#9138),#7619);
#9138 = PRESENTATION_STYLE_ASSIGNMENT((#9139));
#9139 = SURFACE_STYLE_USAGE(.BOTH.,#9140);
#9140 = SURFACE_SIDE_STYLE('',(#9141));
#9141 = SURFACE_STYLE_FILL_AREA(#9142);
#9142 = FILL_AREA_STYLE('',(#9143));
#9143 = FILL_AREA_STYLE_COLOUR('',#9144);
#9144 = COLOUR_RGB('',0.700000005816,0.700000005816,0.720000003324);
#9145 = MECHANICAL_DESIGN_GEOMETRIC_PRESENTATION_REPRESENTATION('',(
    #9146),#7600);
#9146 = STYLED_ITEM('color',(#9147),#6802);
#9147 = PRESENTATION_STYLE_ASSIGNMENT((#9148));
#9148 = SURFACE_STYLE_USAGE(.BOTH.,#9149);
#9149 = SURFACE_SIDE_STYLE('',(#9150));
#9150 = SURFACE_STYLE_FILL_AREA(#9151);
#9151 = FILL_AREA_STYLE('',(#9152));
#9152 = FILL_AREA_STYLE_COLOUR('',#9144);
#9153 = MECHANICAL_DESIGN_GEOMETRIC_PRESENTATION_REPRESENTATION('',(
    #9154),#1775);
#9154 = STYLED_ITEM('color',(#9155),#61);
#9155 = PRESENTATION_STYLE_ASSIGNMENT((#9156));
#9156 = SURFACE_STYLE_USAGE(.BOTH.,#9157);
#9157 = SURFACE_SIDE_STYLE('',(#9158));
#9158 = SURFACE_STYLE_FILL_AREA(#9159);
#9159 = FILL_AREA_STYLE('',(#9160));
#9160 = FILL_AREA_STYLE_COLOUR('',#9161);
#9161 = COLOUR_RGB('',0.55000000909,0.55000000909,0.55000000909);
#9162 = MECHANICAL_DESIGN_GEOMETRIC_PRESENTATION_REPRESENTATION('',(
    #9163),#5485);
#9163 = STYLED_ITEM('color',(#9164),#3943);
#9164 = PRESENTATION_STYLE_ASSIGNMENT((#9165));
#9165 = SURFACE_STYLE_USAGE(.BOTH.,#9166);
#9166 = SURFACE_SIDE_STYLE('',(#9167));
#9167 = SURFACE_STYLE_FILL_AREA(#9168);
#9168 = FILL_AREA_STYLE('',(#9169));
#9169 = FILL_AREA_STYLE_COLOUR('',#9170);
#9170 = COLOUR_RGB('',0.850000012718,0.800000010877,0.700000005816);
#9171 = MECHANICAL_DESIGN_GEOMETRIC_PRESENTATION_REPRESENTATION('',(
    #9172),#3924);
#9172 = STYLED_ITEM('color',(#9173),#1794);
#9173 = PRESENTATION_STYLE_ASSIGNMENT((#9174));
#9174 = SURFACE_STYLE_USAGE(.BOTH.,#9175);
#9175 = SURFACE_SIDE_STYLE('',(#9176));
#9176 = SURFACE_STYLE_FILL_AREA(#9177);
#9177 = FILL_AREA_STYLE('',(#9178));
#9178 = FILL_AREA_STYLE_COLOUR('',#9170);
#9179 = MECHANICAL_DESIGN_GEOMETRIC_PRESENTATION_REPRESENTATION('',(
    #9180),#9125);
#9180 = STYLED_ITEM('color',(#9181),#8436);
#9181 = PRESENTATION_STYLE_ASSIGNMENT((#9182));
#9182 = SURFACE_STYLE_USAGE(.BOTH.,#9183);
#9183 = SURFACE_SIDE_STYLE('',(#9184));
#9184 = SURFACE_STYLE_FILL_AREA(#9185);
#9185 = FILL_AREA_STYLE('',(#9186));
#9186 = FILL_AREA_STYLE_COLOUR('',#9187);
#9187 = COLOUR_RGB('',0.620000000292,0.27999999963,0.199999998682);
#9188 = MECHANICAL_DESIGN_GEOMETRIC_PRESENTATION_REPRESENTATION('',(
    #9189),#6434);
#9189 = STYLED_ITEM('color',(#9190),#5504);
#9190 = PRESENTATION_STYLE_ASSIGNMENT((#9191));
#9191 = SURFACE_STYLE_USAGE(.BOTH.,#9192);
#9192 = SURFACE_SIDE_STYLE('',(#9193));
#9193 = SURFACE_STYLE_FILL_AREA(#9194);
#9194 = FILL_AREA_STYLE('',(#9195));
#9195 = FILL_AREA_STYLE_COLOUR('',#9196);
#9196 = COLOUR_RGB('',0.750000000934,0.45000000386,0.350000000377);
#9197 = MECHANICAL_DESIGN_GEOMETRIC_PRESENTATION_REPRESENTATION('',(
    #9198),#6783);
#9198 = STYLED_ITEM('color',(#9199),#6453);
#9199 = PRESENTATION_STYLE_ASSIGNMENT((#9200));
#9200 = SURFACE_STYLE_USAGE(.BOTH.,#9201);
#9201 = SURFACE_SIDE_STYLE('',(#9202));
#9202 = SURFACE_STYLE_FILL_AREA(#9203);
#9203 = FILL_AREA_STYLE('',(#9204));
#9204 = FILL_AREA_STYLE_COLOUR('',#9205);
#9205 = COLOUR_RGB('',0.899999998185,0.879999997771,0.800000010877);
ENDSEC;
END-ISO-10303-21;
