  0
SECTION
  2
HEADER
  9
$ACADVER
  1
AC1024
  9
$ACADMAINTVER
 70
6
  9
$DWGCODEPAGE
  3
ANSI_1252
  9
$LASTSAVEDBY
  1
ezdxf
  9
$INSBASE
 10
0.0
 20
0.0
 30
0.0
  9
$EXTMIN
 10
1e+20
 20
1e+20
 30
1e+20
  9
$EXTMAX
 10
-1e+20
 20
-1e+20
 30
-1e+20
  9
$LIMMIN
 10
0.0
 20
0.0
  9
$LIMMAX
 10
420.0
 20
297.0
  9
$ORTHOMODE
 70
0
  9
$REGENMODE
 70
1
  9
$FILLMODE
 70
1
  9
$QTEXTMODE
 70
0
  9
$MIRRTEXT
 70
1
  9
$LTSCALE
 40
1.0
  9
$ATTMODE
 70
1
  9
$TEXTSIZE
 40
2.5
  9
$TRACEWID
 40
1.0
  9
$TEXTSTYLE
  7
OpenSans
  9
$CLAYER
  8
0
  9
$CELTYPE
  6
ByLayer
  9
$CECOLOR
 62
256
  9
$CELTSCALE
 40
1.0
  9
$DISPSILH
 70
0
  9
$DIMSCALE
 40
1.0
  9
$DIMASZ
 40
0.175
  9
$DIMEXO
 40
0.125
  9
$DIMDLI
 40
3.75
  9
$DIMRND
 40
0.0
  9
$DIMDLE
 40
0.0
  9
$DIMEXE
 40
0.375
  9
$DIMTP
 40
0.0
  9
$DIMTM
 40
0.0
  9
$DIMTXT
 40
0.25
  9
$DIMCEN
 40
2.5
  9
$DIMTSZ
 40
0.0
  9
$DIMTOL
 70
0
  9
$DIMLIM
 70
0
  9
$DIMTIH
 70
0
  9
$DIMTOH
 70
0
  9
$DIMSE1
 70
0
  9
$DIMSE2
 70
0
  9
$DIMTAD
 70
1
  9
$DIMZIN
 70
12
  9
$DIMBLK
  1
ARCHTICK
  9
$DIMASO
 70
1
  9
$DIMSHO
 70
1
  9
$DIMPOST
  1

  9
$DIMAPOST
  1

  9
$DIMALT
 70
0
  9
$DIMALTD
 70
3
  9
$DIMALTF
 40
0.03937007874
  9
$DIMLFAC
 40
100.0
  9
$DIMTOFL
 70
1
  9
$DIMTVP
 40
0.0
  9
$DIMTIX
 70
0
  9
$DIMSOXD
 70
0
  9
$DIMSAH
 70
0
  9
$DIMBLK1
  1

  9
$DIMBLK2
  1

  9
$DIMSTYLE
  2
EZDXF
  9
$DIMCLRD
 70
0
  9
$DIMCLRE
 70
0
  9
$DIMCLRT
 70
0
  9
$DIMTFAC
 40
0.5
  9
$DIMGAP
 40
0.1
  9
$DIMJUST
 70
0
  9
$DIMSD1
 70
0
  9
$DIMSD2
 70
0
  9
$DIMTOLJ
 70
0
  9
$DIMTZIN
 70
8
  9
$DIMALTZ
 70
0
  9
$DIMALTTZ
 70
0
  9
$DIMUPT
 70
1
  9
$DIMDEC
 70
2
  9
$DIMTDEC
 70
2
  9
$DIMALTU
 70
2
  9
$DIMALTTD
 70
3
  9
$DIMTXSTY
  7
OpenSansCondensed-Light
  9
$DIMAUNIT
 70
0
  9
$DIMADEC
 70
2
  9
$DIMALTRND
 40
0.0
  9
$DIMAZIN
 70
3
  9
$DIMDSEP
 70
46
  9
$DIMATFIT
 70
3
  9
$DIMFRAC
 70
0
  9
$DIMLDRBLK
  1

  9
$DIMLUNIT
 70
2
  9
$DIMLWD
 70
-2
  9
$DIMLWE
 70
-2
  9
$DIMTMOVE
 70
2
  9
$DIMFXL
 40
1.0
  9
$DIMFXLON
 70
0
  9
$DIMJOGANG
 40
0.785398163397
  9
$DIMTFILL
 70
0
  9
$DIMTFILLCLR
 70
0
  9
$DIMARCSYM
 70
0
  9
$DIMLTYPE
  6

  9
$DIMLTEX1
  6

  9
$DIMLTEX2
  6

  9
$DIMTXTDIRECTION
 70
0
  9
$LUNITS
 70
2
  9
$LUPREC
 70
4
  9
$SKETCHINC
 40
1.0
  9
$FILLETRAD
 40
10.0
  9
$AUNITS
 70
0
  9
$AUPREC
 70
2
  9
$MENU
  1
.
  9
$ELEVATION
 40
0.0
  9
$PELEVATION
 40
0.0
  9
$THICKNESS
 40
0.0
  9
$LIMCHECK
 70
0
  9
$CHAMFERA
 40
0.0
  9
$CHAMFERB
 40
0.0
  9
$CHAMFERC
 40
0.0
  9
$CHAMFERD
 40
0.0
  9
$SKPOLY
 70
0
  9
$TDCREATE
 40
2461312.9830671297
  9
$TDUCREATE
 40
2458532.153996898
  9
$TDUPDATE
 40
2461312.9830787037
  9
$TDUUPDATE
 40
2458532.1544311
  9
$TDINDWG
 40
0.0
  9
$TDUSRTIMER
 40
0.0
  9
$USRTIMER
 70
1
  9
$ANGBASE
 50
0.0
  9
$ANGDIR
 70
0
  9
$PDMODE
 70
0
  9
$PDSIZE
 40
0.0
  9
$PLINEWID
 40
0.0
  9
$SPLFRAME
 70
0
  9
$SPLINETYPE
 70
6
  9
$SPLINESEGS
 70
8
  9
$HANDSEED
  5
5BB
  9
$SURFTAB1
 70
6
  9
$SURFTAB2
 70
6
  9
$SURFTYPE
 70
6
  9
$SURFU
 70
6
  9
$SURFV
 70
6
  9
$UCSBASE
  2

  9
$UCSNAME
  2

  9
$UCSORG
 10
0.0
 20
0.0
 30
0.0
  9
$UCSXDIR
 10
1.0
 20
0.0
 30
0.0
  9
$UCSYDIR
 10
0.0
 20
1.0
 30
0.0
  9
$UCSORTHOREF
  2

  9
$UCSORTHOVIEW
 70
0
  9
$UCSORGTOP
 10
0.0
 20
0.0
 30
0.0
  9
$UCSORGBOTTOM
 10
0.0
 20
0.0
 30
0.0
  9
$UCSORGLEFT
 10
0.0
 20
0.0
 30
0.0
  9
$UCSORGRIGHT
 10
0.0
 20
0.0
 30
0.0
  9
$UCSORGFRONT
 10
0.0
 20
0.0
 30
0.0
  9
$UCSORGBACK
 10
0.0
 20
0.0
 30
0.0
  9
$PUCSBASE
  2

  9
$PUCSNAME
  2

  9
$PUCSORG
 10
0.0
 20
0.0
 30
0.0
  9
$PUCSXDIR
 10
1.0
 20
0.0
 30
0.0
  9
$PUCSYDIR
 10
0.0
 20
1.0
 30
0.0
  9
$PUCSORTHOREF
  2

  9
$PUCSORTHOVIEW
 70
0
  9
$PUCSORGTOP
 10
0.0
 20
0.0
 30
0.0
  9
$PUCSORGBOTTOM
 10
0.0
 20
0.0
 30
0.0
  9
$PUCSORGLEFT
 10
0.0
 20
0.0
 30
0.0
  9
$PUCSORGRIGHT
 10
0.0
 20
0.0
 30
0.0
  9
$PUCSORGFRONT
 10
0.0
 20
0.0
 30
0.0
  9
$PUCSORGBACK
 10
0.0
 20
0.0
 30
0.0
  9
$USERI1
 70
0
  9
$USERI2
 70
0
  9
$USERI3
 70
0
  9
$USERI4
 70
0
  9
$USERI5
 70
0
  9
$USERR1
 40
0.0
  9
$USERR2
 40
0.0
  9
$USERR3
 40
0.0
  9
$USERR4
 40
0.0
  9
$USERR5
 40
0.0
  9
$WORLDVIEW
 70
1
  9
$SHADEDGE
 70
3
  9
$SHADEDIF
 70
70
  9
$TILEMODE
 70
1
  9
$MAXACTVP
 70
64
  9
$PINSBASE
 10
0.0
 20
0.0
 30
0.0
  9
$PLIMCHECK
 70
0
  9
$PEXTMIN
 10
1e+20
 20
1e+20
 30
1e+20
  9
$PEXTMAX
 10
-1e+20
 20
-1e+20
 30
-1e+20
  9
$PLIMMIN
 10
0.0
 20
0.0
  9
$PLIMMAX
 10
420.0
 20
297.0
  9
$UNITMODE
 70
0
  9
$VISRETAIN
 70
1
  9
$PLINEGEN
 70
0
  9
$PSLTSCALE
 70
1
  9
$TREEDEPTH
 70
3020
  9
$CMLSTYLE
  2
Standard
  9
$CMLJUST
 70
0
  9
$CMLSCALE
 40
20.0
  9
$PROXYGRAPHICS
 70
1
  9
$MEASUREMENT
 70
1
  9
$CELWEIGHT
370
-1
  9
$ENDCAPS
280
0
  9
$JOINSTYLE
280
0
  9
$LWDISPLAY
290
0
  9
$INSUNITS
 70
4
  9
$HYPERLINKBASE
  1

  9
$STYLESHEET
  1

  9
$XEDIT
290
1
  9
$CEPSNTYPE
380
0
  9
$PSTYLEMODE
290
1
  9
$FINGERPRINTGUID
  2
{007C06F4-4696-4A8A-B5CF-385C1A6A1635}
  9
$VERSIONGUID
  2
{4F671361-63CA-4830-BC6F-2989648618A8}
  9
$EXTNAMES
290
1
  9
$PSVPSCALE
 40
0.0
  9
$OLESTARTUP
290
0
  9
$SORTENTS
280
127
  9
$INDEXCTL
280
0
  9
$HIDETEXT
280
1
  9
$XCLIPFRAME
280
1
  9
$HALOGAP
280
0
  9
$OBSCOLOR
 70
257
  9
$OBSLTYPE
280
0
  9
$INTERSECTIONDISPLAY
280
0
  9
$INTERSECTIONCOLOR
 70
257
  9
$DIMASSOC
280
2
  9
$PROJECTNAME
  1

  9
$CAMERADISPLAY
290
0
  9
$LENSLENGTH
 40
50.0
  9
$CAMERAHEIGHT
 40
0.0
  9
$STEPSPERSEC
 40
24.0
  9
$STEPSIZE
 40
100.0
  9
$3DDWFPREC
 40
2.0
  9
$PSOLWIDTH
 40
0.005
  9
$PSOLHEIGHT
 40
0.08
  9
$LOFTANG1
 40
1.570796326795
  9
$LOFTANG2
 40
1.570796326795
  9
$LOFTMAG1
 40
0.0
  9
$LOFTMAG2
 40
0.0
  9
$LOFTPARAM
 70
7
  9
$LOFTNORMALS
280
1
  9
$LATITUDE
 40
37.795
  9
$LONGITUDE
 40
-122.394
  9
$NORTHDIRECTION
 40
0.0
  9
$TIMEZONE
 70
-8000
  9
$LIGHTGLYPHDISPLAY
280
1
  9
$TILEMODELIGHTSYNCH
280
1
  9
$CMATERIAL
347
20
  9
$SOLIDHIST
280
0
  9
$SHOWHIST
280
1
  9
$DWFFRAME
280
2
  9
$DGNFRAME
280
2
  9
$REALWORLDSCALE
290
1
  9
$INTERFERECOLOR
 62
256
  9
$CSHADOW
280
0
  9
$SHADOWPLANELOCATION
 40
0.0
  0
ENDSEC
  0
SECTION
  2
CLASSES
  0
CLASS
  1
ACDBDICTIONARYWDFLT
  2
AcDbDictionaryWithDefault
  3
ObjectDBX Classes
 90
0
 91
0
280
0
281
0
  0
CLASS
  1
SUN
  2
AcDbSun
  3
SCENEOE
 90
1153
 91
0
280
0
281
0
  0
CLASS
  1
VISUALSTYLE
  2
AcDbVisualStyle
  3
ObjectDBX Classes
 90
4095
 91
0
280
0
281
0
  0
CLASS
  1
MATERIAL
  2
AcDbMaterial
  3
ObjectDBX Classes
 90
1153
 91
0
280
0
281
0
  0
CLASS
  1
SCALE
  2
AcDbScale
  3
ObjectDBX Classes
 90
1153
 91
0
280
0
281
0
  0
CLASS
  1
TABLESTYLE
  2
AcDbTableStyle
  3
ObjectDBX Classes
 90
4095
 91
0
280
0
281
0
  0
CLASS
  1
MLEADERSTYLE
  2
AcDbMLeaderStyle
  3
ACDB_MLEADERSTYLE_CLASS
 90
4095
 91
0
280
0
281
0
  0
CLASS
  1
DICTIONARYVAR
  2
AcDbDictionaryVar
  3
ObjectDBX Classes
 90
0
 91
0
280
0
281
0
  0
CLASS
  1
CELLSTYLEMAP
  2
AcDbCellStyleMap
  3
ObjectDBX Classes
 90
1152
 91
0
280
0
281
0
  0
CLASS
  1
MENTALRAYRENDERSETTINGS
  2
AcDbMentalRayRenderSettings
  3
SCENEOE
 90
1024
 91
0
280
0
281
0
  0
CLASS
  1
ACDBDETAILVIEWSTYLE
  2
AcDbDetailViewStyle
  3
ObjectDBX Classes
 90
1025
 91
0
280
0
281
0
  0
CLASS
  1
ACDBSECTIONVIEWSTYLE
  2
AcDbSectionViewStyle
  3
ObjectDBX Classes
 90
1025
 91
0
280
0
281
0
  0
CLASS
  1
RASTERVARIABLES
  2
AcDbRasterVariables
  3
ISM
 90
0
 91
0
280
0
281
0
  0
CLASS
  1
LAYOUT
  2
AcDbLayout
  3
ObjectDBX Classes
 90
0
 91
0
280
0
281
0
  0
CLASS
  1
ACDBPLACEHOLDER
  2
AcDbPlaceHolder
  3
ObjectDBX Classes
 90
0
 91
0
280
0
281
0
  0
ENDSEC
  0
SECTION
  2
TABLES
  0
TABLE
  2
VPORT
  5
8
330
0
100
AcDbSymbolTable
 70
1
  0
VPORT
  5
23
330
8
100
AcDbSymbolTableRecord
100
AcDbViewportTableRecord
  2
*Active
 70
0
 10
0.0
 20
0.0
 11
1.0
 21
1.0
 12
0.0
 22
0.0
 13
0.0
 23
0.0
 14
0.5
 24
0.5
 15
0.5
 25
0.5
 16
0.0
 26
0.0
 36
1.0
 17
0.0
 27
0.0
 37
0.0
 40
1000.0
 41
1.34
 42
50.0
 43
0.0
 44
0.0
 50
0.0
 51
0.0
 71
0
 72
1000
 73
1
 74
3
 75
0
 76
0
 77
0
 78
0
281
0
 65
0
146
0.0
  0
ENDTAB
  0
TABLE
  2
LTYPE
  5
2
330
0
100
AcDbSymbolTable
 70
21
  0
LTYPE
  5
24
330
2
100
AcDbSymbolTableRecord
100
AcDbLinetypeTableRecord
  2
ByBlock
 70
0
  3

 72
65
 73
0
 40
0.0
  0
LTYPE
  5
25
330
2
100
AcDbSymbolTableRecord
100
AcDbLinetypeTableRecord
  2
ByLayer
 70
0
  3

 72
65
 73
0
 40
0.0
  0
LTYPE
  5
26
330
2
100
AcDbSymbolTableRecord
100
AcDbLinetypeTableRecord
  2
Continuous
 70
0
  3

 72
65
 73
0
 40
0.0
  0
LTYPE
  5
2F
330
2
100
AcDbSymbolTableRecord
100
AcDbLinetypeTableRecord
  2
CENTER
 70
0
  3
Center ____ _ ____ _ ____ _ ____ _ ____ _ ____
 72
65
 73
4
 40
5.08
 49
3.175
 74
0
 49
-0.635
 74
0
 49
0.635
 74
0
 49
-0.635
 74
0
  0
LTYPE
  5
30
330
2
100
AcDbSymbolTableRecord
100
AcDbLinetypeTableRecord
  2
CENTERX2
 70
0
  3
Center (2x) ________  __  ________  __  ________
 72
65
 73
4
 40
8.89
 49
6.35
 74
0
 49
-0.635
 74
0
 49
1.27
 74
0
 49
-0.635
 74
0
  0
LTYPE
  5
31
330
2
100
AcDbSymbolTableRecord
100
AcDbLinetypeTableRecord
  2
CENTER2
 70
0
  3
Center (.5x) ____ _ ____ _ ____ _ ____ _ ____
 72
65
 73
4
 40
2.54
 49
1.587
 74
0
 49
-0.318
 74
0
 49
0.318
 74
0
 49
-0.318
 74
0
  0
LTYPE
  5
32
330
2
100
AcDbSymbolTableRecord
100
AcDbLinetypeTableRecord
  2
DASHED
 70
0
  3
Dashed __ __ __ __ __ __ __ __ __ __ __ __ __ _
 72
65
 73
2
 40
1.524
 49
1.27
 74
0
 49
-0.254
 74
0
  0
LTYPE
  5
33
330
2
100
AcDbSymbolTableRecord
100
AcDbLinetypeTableRecord
  2
DASHEDX2
 70
0
  3
Dashed (2x) ____  ____  ____  ____  ____  ____
 72
65
 73
2
 40
3.048
 49
2.54
 74
0
 49
-0.508
 74
0
  0
LTYPE
  5
34
330
2
100
AcDbSymbolTableRecord
100
AcDbLinetypeTableRecord
  2
DASHED2
 70
0
  3
Dashed (.5x) _ _ _ _ _ _ _ _ _ _ _ _ _ _
 72
65
 73
2
 40
0.762
 49
0.635
 74
0
 49
-0.127
 74
0
  0
LTYPE
  5
35
330
2
100
AcDbSymbolTableRecord
100
AcDbLinetypeTableRecord
  2
PHANTOM
 70
0
  3
Phantom ______  __  __  ______  __  __  ______
 72
65
 73
6
 40
6.35
 49
3.175
 74
0
 49
-0.635
 74
0
 49
0.635
 74
0
 49
-0.635
 74
0
 49
0.635
 74
0
 49
-0.635
 74
0
  0
LTYPE
  5
36
330
2
100
AcDbSymbolTableRecord
100
AcDbLinetypeTableRecord
  2
PHANTOMX2
 70
0
  3
Phantom (2x)____________    ____    ____    ____________
 72
65
 73
6
 40
10.795
 49
6.35
 74
0
 49
-0.635
 74
0
 49
1.27
 74
0
 49
-0.635
 74
0
 49
1.27
 74
0
 49
-0.635
 74
0
  0
LTYPE
  5
37
330
2
100
AcDbSymbolTableRecord
100
AcDbLinetypeTableRecord
  2
PHANTOM2
 70
0
  3
Phantom (.5x) ___ _ _ ___ _ _ ___ _ _ ___ _ _ ___
 72
65
 73
6
 40
3.175
 49
1.587
 74
0
 49
-0.318
 74
0
 49
0.318
 74
0
 49
-0.318
 74
0
 49
0.318
 74
0
 49
-0.318
 74
0
  0
LTYPE
  5
38
330
2
100
AcDbSymbolTableRecord
100
AcDbLinetypeTableRecord
  2
DASHDOT
 70
0
  3
Dash dot __ . __ . __ . __ . __ . __ . __ . __
 72
65
 73
4
 40
3.556
 49
2.54
 74
0
 49
-0.508
 74
0
 49
0.0
 74
0
 49
-0.508
 74
0
  0
LTYPE
  5
39
330
2
100
AcDbSymbolTableRecord
100
AcDbLinetypeTableRecord
  2
DASHDOTX2
 70
0
  3
Dash dot (2x) ____  .  ____  .  ____  .  ____
 72
65
 73
4
 40
6.096
 49
5.08
 74
0
 49
-0.508
 74
0
 49
0.0
 74
0
 49
-0.508
 74
0
  0
LTYPE
  5
3A
330
2
100
AcDbSymbolTableRecord
100
AcDbLinetypeTableRecord
  2
DASHDOT2
 70
0
  3
Dash dot (.5x) _ . _ . _ . _ . _ . _ . _ . _
 72
65
 73
4
 40
1.778
 49
1.27
 74
0
 49
-0.254
 74
0
 49
0.0
 74
0
 49
-0.254
 74
0
  0
LTYPE
  5
3B
330
2
100
AcDbSymbolTableRecord
100
AcDbLinetypeTableRecord
  2
DOT
 70
0
  3
Dot .  .  .  .  .  .  .  .  .  .  .  .  .  .  .  .
 72
65
 73
2
 40
0.508
 49
0.0
 74
0
 49
-0.508
 74
0
  0
LTYPE
  5
3C
330
2
100
AcDbSymbolTableRecord
100
AcDbLinetypeTableRecord
  2
DOTX2
 70
0
  3
Dot (2x) .    .    .    .    .    .    .    . 
 72
65
 73
2
 40
1.016
 49
0.0
 74
0
 49
-1.016
 74
0
  0
LTYPE
  5
3D
330
2
100
AcDbSymbolTableRecord
100
AcDbLinetypeTableRecord
  2
DOT2
 70
0
  3
Dot (.5) . . . . . . . . . . . . . . . . . . . 
 72
65
 73
2
 40
0.254
 49
0.0
 74
0
 49
-0.254
 74
0
  0
LTYPE
  5
3E
330
2
100
AcDbSymbolTableRecord
100
AcDbLinetypeTableRecord
  2
DIVIDE
 70
0
  3
Divide __ . . __ . . __ . . __ . . __ . . __
 72
65
 73
6
 40
4.064
 49
2.54
 74
0
 49
-0.508
 74
0
 49
0.0
 74
0
 49
-0.508
 74
0
 49
0.0
 74
0
 49
-0.508
 74
0
  0
LTYPE
  5
3F
330
2
100
AcDbSymbolTableRecord
100
AcDbLinetypeTableRecord
  2
DIVIDEX2
 70
0
  3
Divide (2x) ____  . .  ____  . .  ____  . .  ____
 72
65
 73
6
 40
6.604
 49
5.08
 74
0
 49
-0.508
 74
0
 49
0.0
 74
0
 49
-0.508
 74
0
 49
0.0
 74
0
 49
-0.508
 74
0
  0
LTYPE
  5
40
330
2
100
AcDbSymbolTableRecord
100
AcDbLinetypeTableRecord
  2
DIVIDE2
 70
0
  3
Divide(.5x) _ . _ . _ . _ . _ . _ . _ . _
 72
65
 73
6
 40
2.032
 49
1.27
 74
0
 49
-0.254
 74
0
 49
0.0
 74
0
 49
-0.254
 74
0
 49
0.0
 74
0
 49
-0.254
 74
0
  0
ENDTAB
  0
TABLE
  2
LAYER
  5
1
330
0
100
AcDbSymbolTable
 70
26
  0
LAYER
  5
27
330
1
100
AcDbSymbolTableRecord
100
AcDbLayerTableRecord
  2
0
 70
0
 62
7
  6
Continuous
370
-3
390
13
347
21
  0
LAYER
  5
28
330
1
100
AcDbSymbolTableRecord
100
AcDbLayerTableRecord
  2
Defpoints
 70
0
 62
7
  6
Continuous
290
0
370
-3
390
13
347
21
  0
LAYER
  5
8A
330
1
100
AcDbSymbolTableRecord
100
AcDbLayerTableRecord
  2
cimentacion
 70
0
 62
8
  6
Continuous
370
25
390
13
347
21
  0
LAYER
  5
8B
330
1
100
AcDbSymbolTableRecord
100
AcDbLayerTableRecord
  2
muros_PB
 70
0
 62
7
  6
Continuous
370
50
390
13
347
21
  0
LAYER
  5
8C
330
1
100
AcDbSymbolTableRecord
100
AcDbLayerTableRecord
  2
muros_PA
 70
0
 62
7
  6
Continuous
370
50
390
13
347
21
  0
LAYER
  5
8D
330
1
100
AcDbSymbolTableRecord
100
AcDbLayerTableRecord
  2
MURO_CENTRAL
 70
0
 62
1
  6
Continuous
370
70
390
13
347
21
  0
LAYER
  5
8E
330
1
100
AcDbSymbolTableRecord
100
AcDbLayerTableRecord
  2
tabiques
 70
0
 62
3
  6
Continuous
370
25
390
13
347
21
  0
LAYER
  5
8F
330
1
100
AcDbSymbolTableRecord
100
AcDbLayerTableRecord
  2
forjado_PB_PA
 70
0
 62
5
  6
Continuous
370
35
390
13
347
21
  0
LAYER
  5
90
330
1
100
AcDbSymbolTableRecord
100
AcDbLayerTableRecord
  2
escalera
 70
0
 62
30
  6
Continuous
370
18
390
13
347
21
  0
LAYER
  5
91
330
1
100
AcDbSymbolTableRecord
100
AcDbLayerTableRecord
  2
losa_terraza
 70
0
 62
5
  6
Continuous
370
35
390
13
347
21
  0
LAYER
  5
92
330
1
100
AcDbSymbolTableRecord
100
AcDbLayerTableRecord
  2
pilares
 70
0
 62
4
  6
Continuous
370
35
390
13
347
21
  0
LAYER
  5
93
330
1
100
AcDbSymbolTableRecord
100
AcDbLayerTableRecord
  2
antepecho
 70
0
 62
7
  6
Continuous
370
35
390
13
347
21
  0
LAYER
  5
94
330
1
100
AcDbSymbolTableRecord
100
AcDbLayerTableRecord
  2
forjado_cubierta
 70
0
 62
5
  6
Continuous
370
35
390
13
347
21
  0
LAYER
  5
95
330
1
100
AcDbSymbolTableRecord
100
AcDbLayerTableRecord
  2
cubierta
 70
0
 62
6
  6
Continuous
370
35
390
13
347
21
  0
LAYER
  5
96
330
1
100
AcDbSymbolTableRecord
100
AcDbLayerTableRecord
  2
HUECOS
 70
0
 62
7
  6
Continuous
370
25
390
13
347
21
  0
LAYER
  5
97
330
1
100
AcDbSymbolTableRecord
100
AcDbLayerTableRecord
  2
CARPINTERIA
 70
0
 62
4
  6
Continuous
370
18
390
13
347
21
  0
LAYER
  5
98
330
1
100
AcDbSymbolTableRecord
100
AcDbLayerTableRecord
  2
COTAS
 70
0
 62
3
  6
Continuous
370
13
390
13
347
21
  0
LAYER
  5
99
330
1
100
AcDbSymbolTableRecord
100
AcDbLayerTableRecord
  2
TEXTO
 70
0
 62
2
  6
Continuous
370
13
390
13
347
21
  0
LAYER
  5
9A
330
1
100
AcDbSymbolTableRecord
100
AcDbLayerTableRecord
  2
ESCALERA_ALTA
 70
0
 62
30
  6
DASHED
370
18
390
13
347
21
  0
LAYER
  5
9B
330
1
100
AcDbSymbolTableRecord
100
AcDbLayerTableRecord
  2
CORTES
 70
0
 62
1
  6
DASHDOT
370
35
390
13
347
21
  0
LAYER
  5
9C
330
1
100
AcDbSymbolTableRecord
100
AcDbLayerTableRecord
  2
RAYADO_MURO
 70
0
 62
7
  6
Continuous
370
9
390
13
347
21
  0
LAYER
  5
9D
330
1
100
AcDbSymbolTableRecord
100
AcDbLayerTableRecord
  2
RAYADO_MURO_CENTRAL
 70
0
 62
1
  6
Continuous
370
9
390
13
347
21
  0
LAYER
  5
9E
330
1
100
AcDbSymbolTableRecord
100
AcDbLayerTableRecord
  2
RAYADO_FORJADO
 70
0
 62
7
  6
Continuous
370
9
390
13
347
21
  0
LAYER
  5
9F
330
1
100
AcDbSymbolTableRecord
100
AcDbLayerTableRecord
  2
RAYADO_OTROS
 70
0
 62
8
  6
Continuous
370
9
390
13
347
21
  0
LAYER
  5
A0
330
1
100
AcDbSymbolTableRecord
100
AcDbLayerTableRecord
  2
MARCO
 70
0
 62
7
  6
Continuous
370
70
390
13
347
21
  0
LAYER
  5
A1
330
1
100
AcDbSymbolTableRecord
100
AcDbLayerTableRecord
  2
TABLA
 70
0
 62
7
  6
Continuous
370
25
390
13
347
21
  0
ENDTAB
  0
TABLE
  2
STYLE
  5
5
330
0
100
AcDbSymbolTable
 70
26
  0
STYLE
  5
29
330
5
100
AcDbSymbolTableRecord
100
AcDbTextStyleTableRecord
  2
Standard
 70
0
 40
0.0
 41
1.0
 50
0.0
 71
0
 42
2.5
  3
txt
  4

  0
STYLE
  5
41
330
5
100
AcDbSymbolTableRecord
100
AcDbTextStyleTableRecord
  2
OpenSans-Light
 70
0
 40
0.0
 41
1.0
 50
0.0
 71
0
 42
2.5
  3
OpenSans-Light.ttf
  4

  0
STYLE
  5
42
330
5
100
AcDbSymbolTableRecord
100
AcDbTextStyleTableRecord
  2
OpenSans-Light-Italic
 70
0
 40
0.0
 41
1.0
 50
0.0
 71
0
 42
2.5
  3
OpenSans-LightItalic.ttf
  4

  0
STYLE
  5
43
330
5
100
AcDbSymbolTableRecord
100
AcDbTextStyleTableRecord
  2
OpenSans
 70
0
 40
0.0
 41
1.0
 50
0.0
 71
0
 42
2.5
  3
OpenSans-Regular.ttf
  4

  0
STYLE
  5
44
330
5
100
AcDbSymbolTableRecord
100
AcDbTextStyleTableRecord
  2
OpenSans-Italic
 70
0
 40
0.0
 41
1.0
 50
0.0
 71
0
 42
2.5
  3
OpenSans-Italic.ttf
  4

  0
STYLE
  5
45
330
5
100
AcDbSymbolTableRecord
100
AcDbTextStyleTableRecord
  2
OpenSans-SemiBold
 70
0
 40
0.0
 41
1.0
 50
0.0
 71
0
 42
2.5
  3
OpenSans-SemiBold.ttf
  4

  0
STYLE
  5
46
330
5
100
AcDbSymbolTableRecord
100
AcDbTextStyleTableRecord
  2
OpenSans-SemiBoldItalic
 70
0
 40
0.0
 41
1.0
 50
0.0
 71
0
 42
2.5
  3
OpenSans-SemiBoldItalic.ttf
  4

  0
STYLE
  5
47
330
5
100
AcDbSymbolTableRecord
100
AcDbTextStyleTableRecord
  2
OpenSans-Bold
 70
0
 40
0.0
 41
1.0
 50
0.0
 71
0
 42
2.5
  3
OpenSans-Bold.ttf
  4

  0
STYLE
  5
48
330
5
100
AcDbSymbolTableRecord
100
AcDbTextStyleTableRecord
  2
OpenSans-BoldItalic
 70
0
 40
0.0
 41
1.0
 50
0.0
 71
0
 42
2.5
  3
OpenSans-BoldItalic.ttf
  4

  0
STYLE
  5
49
330
5
100
AcDbSymbolTableRecord
100
AcDbTextStyleTableRecord
  2
OpenSans-ExtraBold
 70
0
 40
0.0
 41
1.0
 50
0.0
 71
0
 42
2.5
  3
OpenSans-ExtraBold.ttf
  4

  0
STYLE
  5
4A
330
5
100
AcDbSymbolTableRecord
100
AcDbTextStyleTableRecord
  2
OpenSans-ExtraBoldItalic
 70
0
 40
0.0
 41
1.0
 50
0.0
 71
0
 42
2.5
  3
OpenSans-ExtraBoldItalic.ttf
  4

  0
STYLE
  5
4B
330
5
100
AcDbSymbolTableRecord
100
AcDbTextStyleTableRecord
  2
OpenSansCondensed-Bold
 70
0
 40
0.0
 41
1.0
 50
0.0
 71
0
 42
2.5
  3
OpenSansCondensed-Bold.ttf
  4

  0
STYLE
  5
4C
330
5
100
AcDbSymbolTableRecord
100
AcDbTextStyleTableRecord
  2
OpenSansCondensed-Light
 70
0
 40
0.0
 41
1.0
 50
0.0
 71
0
 42
2.5
  3
OpenSansCondensed-Light.ttf
  4

  0
STYLE
  5
4D
330
5
100
AcDbSymbolTableRecord
100
AcDbTextStyleTableRecord
  2
OpenSansCondensed-Italic
 70
0
 40
0.0
 41
1.0
 50
0.0
 71
0
 42
2.5
  3
OpenSansCondensed-LightItalic.ttf
  4

  0
STYLE
  5
4E
330
5
100
AcDbSymbolTableRecord
100
AcDbTextStyleTableRecord
  2
LiberationSans
 70
0
 40
0.0
 41
1.0
 50
0.0
 71
0
 42
2.5
  3
LiberationSans-Regular.ttf
  4

  0
STYLE
  5
4F
330
5
100
AcDbSymbolTableRecord
100
AcDbTextStyleTableRecord
  2
LiberationSans-Bold
 70
0
 40
0.0
 41
1.0
 50
0.0
 71
0
 42
2.5
  3
LiberationSans-Bold.ttf
  4

  0
STYLE
  5
50
330
5
100
AcDbSymbolTableRecord
100
AcDbTextStyleTableRecord
  2
LiberationSans-BoldItalic
 70
0
 40
0.0
 41
1.0
 50
0.0
 71
0
 42
2.5
  3
LiberationSans-BoldItalic.ttf
  4

  0
STYLE
  5
51
330
5
100
AcDbSymbolTableRecord
100
AcDbTextStyleTableRecord
  2
LiberationSans-Italic
 70
0
 40
0.0
 41
1.0
 50
0.0
 71
0
 42
2.5
  3
LiberationSans-Italic.ttf
  4

  0
STYLE
  5
52
330
5
100
AcDbSymbolTableRecord
100
AcDbTextStyleTableRecord
  2
LiberationSerif
 70
0
 40
0.0
 41
1.0
 50
0.0
 71
0
 42
2.5
  3
LiberationSerif-Regular.ttf
  4

  0
STYLE
  5
53
330
5
100
AcDbSymbolTableRecord
100
AcDbTextStyleTableRecord
  2
LiberationSerif-Bold
 70
0
 40
0.0
 41
1.0
 50
0.0
 71
0
 42
2.5
  3
LiberationSerif-Bold.ttf
  4

  0
STYLE
  5
54
330
5
100
AcDbSymbolTableRecord
100
AcDbTextStyleTableRecord
  2
LiberationSerif-BoldItalic
 70
0
 40
0.0
 41
1.0
 50
0.0
 71
0
 42
2.5
  3
LiberationSerif-BoldItalic.ttf
  4

  0
STYLE
  5
55
330
5
100
AcDbSymbolTableRecord
100
AcDbTextStyleTableRecord
  2
LiberationSerif-Italic
 70
0
 40
0.0
 41
1.0
 50
0.0
 71
0
 42
2.5
  3
LiberationSerif-Italic.ttf
  4

  0
STYLE
  5
56
330
5
100
AcDbSymbolTableRecord
100
AcDbTextStyleTableRecord
  2
LiberationMono
 70
0
 40
0.0
 41
1.0
 50
0.0
 71
0
 42
2.5
  3
LiberationMono-Regular.ttf
  4

  0
STYLE
  5
57
330
5
100
AcDbSymbolTableRecord
100
AcDbTextStyleTableRecord
  2
LiberationMono-Bold
 70
0
 40
0.0
 41
1.0
 50
0.0
 71
0
 42
2.5
  3
LiberationMono-Bold.ttf
  4

  0
STYLE
  5
58
330
5
100
AcDbSymbolTableRecord
100
AcDbTextStyleTableRecord
  2
LiberationMono-BoldItalic
 70
0
 40
0.0
 41
1.0
 50
0.0
 71
0
 42
2.5
  3
LiberationMono-BoldItalic.ttf
  4

  0
STYLE
  5
59
330
5
100
AcDbSymbolTableRecord
100
AcDbTextStyleTableRecord
  2
LiberationMono-Italic
 70
0
 40
0.0
 41
1.0
 50
0.0
 71
0
 42
2.5
  3
LiberationMono-Italic.ttf
  4

  0
ENDTAB
  0
TABLE
  2
VIEW
  5
7
330
0
100
AcDbSymbolTable
 70
0
  0
ENDTAB
  0
TABLE
  2
UCS
  5
6
330
0
100
AcDbSymbolTable
 70
0
  0
ENDTAB
  0
TABLE
  2
APPID
  5
3
330
0
100
AcDbSymbolTable
 70
3
  0
APPID
  5
2A
330
3
100
AcDbSymbolTableRecord
100
AcDbRegAppTableRecord
  2
ACAD
 70
0
  0
APPID
  5
5B8
330
3
100
AcDbSymbolTableRecord
100
AcDbRegAppTableRecord
  2
HATCHBACKGROUNDCOLOR
 70
0
  0
APPID
  5
5B9
330
3
100
AcDbSymbolTableRecord
100
AcDbRegAppTableRecord
  2
EZDXF
 70
0
  0
ENDTAB
  0
TABLE
  2
DIMSTYLE
  5
4
330
0
100
AcDbSymbolTable
 70
12
100
AcDbDimStyleTable
  0
DIMSTYLE
105
2B
330
4
100
AcDbSymbolTableRecord
100
AcDbDimStyleTableRecord
  2
Standard
 70
0
 40
1.0
 41
2.5
 42
0.625
 43
3.75
 44
1.25
 45
0.0
 46
0.0
 47
0.0
 48
0.0
 49
2.5
140
2.5
141
2.5
142
0.0
143
0.03937007874
144
1.0
145
0.0
146
1.0
147
0.625
148
0.0
 69
0
 70
0
 71
0
 72
0
 73
0
 74
0
 75
0
 76
0
 77
1
 78
8
 79
3
170
0
171
3
172
1
173
0
174
0
175
0
176
0
177
0
178
0
179
2
271
2
272
2
273
2
274
3
275
0
276
0
277
2
278
44
279
0
280
0
281
0
282
0
283
0
284
8
285
0
286
0
288
0
289
3
290
0
371
-2
372
-2
  0
DIMSTYLE
105
73
330
4
100
AcDbSymbolTableRecord
100
AcDbDimStyleTableRecord
  2
EZDXF
 70
0
 40
1.0
 41
0.175
 42
0.125
 43
3.75
 44
0.375
 45
0.0
 46
0.0
 47
0.0
 48
0.0
 49
2.5
140
0.25
141
2.5
142
0.0
143
0.03937007874
144
100.0
145
0.0
146
0.5
147
0.1
148
0.0
 69
0
 70
0
 71
0
 72
0
 73
0
 74
0
 75
0
 76
0
 77
1
 78
12
 79
3
170
0
171
3
172
1
173
0
174
0
175
0
176
0
177
0
178
0
179
2
271
2
272
2
273
2
274
3
275
0
276
0
277
2
278
46
279
2
280
0
281
0
282
0
283
0
284
8
285
0
286
0
288
1
289
3
290
0
340
4C
342
74
371
-2
372
-2
  0
DIMSTYLE
105
7C
330
4
100
AcDbSymbolTableRecord
100
AcDbDimStyleTableRecord
  2
EZ_M_100_H25_CM
 70
0
 40
1.0
 41
0.25
 42
0.125
 43
3.75
 44
0.375
 45
0.0
 46
0.0
 47
0.0
 48
0.0
 49
2.5
140
0.25
141
2.5
142
0.125
143
0.03937007874
144
100.0
145
0.0
146
0.5
147
0.1
148
0.0
 69
0
 70
0
 71
0
 72
0
 73
0
 74
0
 75
0
 76
0
 77
1
 78
12
 79
3
170
0
171
3
172
1
173
0
174
0
175
0
176
0
177
0
178
0
179
2
271
2
272
2
273
2
274
3
275
0
276
0
277
2
278
46
279
2
280
0
281
0
282
0
283
0
284
8
285
0
286
0
288
1
289
3
290
0
340
4C
371
-2
372
-2
  0
DIMSTYLE
105
7D
330
4
100
AcDbSymbolTableRecord
100
AcDbDimStyleTableRecord
  2
EZ_M_50_H25_CM
 70
0
 40
1.0
 41
0.125
 42
0.0625
 43
3.75
 44
0.1875
 45
0.0
 46
0.0
 47
0.0
 48
0.0
 49
2.5
140
0.125
141
2.5
142
0.0625
143
0.03937007874
144
100.0
145
0.0
146
0.5
147
0.05
148
0.0
 69
0
 70
0
 71
0
 72
0
 73
0
 74
0
 75
0
 76
0
 77
1
 78
12
 79
3
170
0
171
3
172
1
173
0
174
0
175
0
176
0
177
0
178
0
179
2
271
2
272
2
273
2
274
3
275
0
276
0
277
2
278
46
279
2
280
0
281
0
282
0
283
0
284
8
285
0
286
0
288
1
289
3
290
0
340
4C
371
-2
372
-2
  0
DIMSTYLE
105
7E
330
4
100
AcDbSymbolTableRecord
100
AcDbDimStyleTableRecord
  2
EZ_M_25_H25_CM
 70
0
 40
1.0
 41
0.0625
 42
0.03125
 43
3.75
 44
0.09375
 45
0.0
 46
0.0
 47
0.0
 48
0.0
 49
2.5
140
0.0625
141
2.5
142
0.03125
143
0.03937007874
144
100.0
145
0.0
146
0.5
147
0.025
148
0.0
 69
0
 70
0
 71
0
 72
0
 73
0
 74
0
 75
0
 76
0
 77
1
 78
12
 79
3
170
0
171
3
172
1
173
0
174
0
175
0
176
0
177
0
178
0
179
2
271
2
272
2
273
2
274
3
275
0
276
0
277
2
278
46
279
2
280
0
281
0
282
0
283
0
284
8
285
0
286
0
288
1
289
3
290
0
340
4C
371
-2
372
-2
  0
DIMSTYLE
105
7F
330
4
100
AcDbSymbolTableRecord
100
AcDbDimStyleTableRecord
  2
EZ_M_20_H25_CM
 70
0
 40
1.0
 41
0.05
 42
0.025
 43
3.75
 44
0.07500000000000001
 45
0.0
 46
0.0
 47
0.0
 48
0.0
 49
2.5
140
0.05
141
2.5
142
0.025
143
0.03937007874
144
100.0
145
0.0
146
0.5
147
0.020000000000000004
148
0.0
 69
0
 70
0
 71
0
 72
0
 73
0
 74
0
 75
0
 76
0
 77
1
 78
12
 79
3
170
0
171
3
172
1
173
0
174
0
175
0
176
0
177
0
178
0
179
2
271
2
272
2
273
2
274
3
275
0
276
0
277
2
278
46
279
2
280
0
281
0
282
0
283
0
284
8
285
0
286
0
288
1
289
3
290
0
340
4C
371
-2
372
-2
  0
DIMSTYLE
105
80
330
4
100
AcDbSymbolTableRecord
100
AcDbDimStyleTableRecord
  2
EZ_M_10_H25_CM
 70
0
 40
1.0
 41
0.025
 42
0.0125
 43
3.75
 44
0.037500000000000006
 45
0.0
 46
0.0
 47
0.0
 48
0.0
 49
2.5
140
0.025
141
2.5
142
0.0125
143
0.03937007874
144
100.0
145
0.0
146
0.5
147
0.010000000000000002
148
0.0
 69
0
 70
0
 71
0
 72
0
 73
0
 74
0
 75
0
 76
0
 77
1
 78
12
 79
3
170
0
171
3
172
1
173
0
174
0
175
0
176
0
177
0
178
0
179
2
271
2
272
2
273
2
274
3
275
0
276
0
277
2
278
46
279
2
280
0
281
0
282
0
283
0
284
8
285
0
286
0
288
1
289
3
290
0
340
4C
371
-2
372
-2
  0
DIMSTYLE
105
81
330
4
100
AcDbSymbolTableRecord
100
AcDbDimStyleTableRecord
  2
EZ_M_5_H25_CM
 70
0
 40
1.0
 41
0.0125
 42
0.00625
 43
3.75
 44
0.018750000000000003
 45
0.0
 46
0.0
 47
0.0
 48
0.0
 49
2.5
140
0.0125
141
2.5
142
0.00625
143
0.03937007874
144
100.0
145
0.0
146
0.5
147
0.005000000000000001
148
0.0
 69
0
 70
0
 71
0
 72
0
 73
0
 74
0
 75
0
 76
0
 77
1
 78
12
 79
3
170
0
171
3
172
1
173
0
174
0
175
0
176
0
177
0
178
0
179
2
271
2
272
2
273
2
274
3
275
0
276
0
277
2
278
46
279
2
280
0
281
0
282
0
283
0
284
8
285
0
286
0
288
1
289
3
290
0
340
4C
371
-2
372
-2
  0
DIMSTYLE
105
82
330
4
100
AcDbSymbolTableRecord
100
AcDbDimStyleTableRecord
  2
EZ_M_1_H25_CM
 70
0
 40
1.0
 41
0.0025
 42
0.00125
 43
3.75
 44
0.00375
 45
0.0
 46
0.0
 47
0.0
 48
0.0
 49
2.5
140
0.0025
141
2.5
142
0.00125
143
0.03937007874
144
100.0
145
0.0
146
0.5
147
0.001
148
0.0
 69
0
 70
0
 71
0
 72
0
 73
0
 74
0
 75
0
 76
0
 77
1
 78
12
 79
3
170
0
171
3
172
1
173
0
174
0
175
0
176
0
177
0
178
0
179
2
271
2
272
2
273
2
274
3
275
0
276
0
277
2
278
46
279
2
280
0
281
0
282
0
283
0
284
8
285
0
286
0
288
1
289
3
290
0
340
4C
371
-2
372
-2
  0
DIMSTYLE
105
83
330
4
100
AcDbSymbolTableRecord
100
AcDbDimStyleTableRecord
  2
EZ_RADIUS
 70
0
 40
1.0
 41
0.25
 42
0.125
 43
3.75
 44
0.375
 45
0.0
 46
0.0
 47
0.0
 48
0.0
 49
2.5
140
0.25
141
0.0
142
0.0
143
0.03937007874
144
100.0
145
0.0
146
0.5
147
0.1
148
0.0
 69
0
 70
0
 71
0
 72
0
 73
0
 74
0
 75
0
 76
0
 77
1
 78
12
 79
3
170
0
171
3
172
0
173
0
174
0
175
0
176
0
177
0
178
0
179
2
271
2
272
2
273
2
274
3
275
0
276
0
277
2
278
46
279
1
280
0
281
0
282
0
283
0
284
8
285
0
286
0
288
1
289
3
290
0
340
4C
342
84
371
-2
372
-2
  0
DIMSTYLE
105
88
330
4
100
AcDbSymbolTableRecord
100
AcDbDimStyleTableRecord
  2
EZ_RADIUS_INSIDE
 70
0
 40
1.0
 41
0.25
 42
0.125
 43
3.75
 44
0.375
 45
0.0
 46
0.0
 47
0.0
 48
0.0
 49
2.5
140
0.25
141
0.0
142
0.0
143
0.03937007874
144
100.0
145
0.0
146
0.5
147
0.1
148
0.0
 69
0
 70
0
 71
0
 72
0
 73
0
 74
0
 75
0
 76
0
 77
0
 78
12
 79
3
170
0
171
3
172
0
173
0
174
1
175
0
176
0
177
0
178
0
179
2
271
2
272
2
273
2
274
3
275
0
276
0
277
2
278
46
279
0
280
0
281
0
282
0
283
0
284
8
285
0
286
0
288
1
289
0
290
0
340
4C
342
84
371
-2
372
-2
  0
DIMSTYLE
105
89
330
4
100
AcDbSymbolTableRecord
100
AcDbDimStyleTableRecord
  2
EZ_CURVED
 70
0
 40
1.0
 41
0.25
 42
0.125
 43
3.75
 44
0.375
 45
0.0
 46
0.0
 47
0.0
 48
0.0
 49
2.5
140
0.25
141
2.5
142
0.0
143
0.03937007874
144
100.0
145
0.0
146
0.5
147
0.1
148
0.0
 69
0
 70
0
 71
0
 72
0
 73
0
 74
0
 75
0
 76
0
 77
1
 78
12
 79
2
 90
2
170
0
171
3
172
1
173
0
174
0
175
0
176
0
177
0
178
0
179
2
271
2
272
2
273
2
274
3
275
0
276
0
277
2
278
46
279
2
280
0
281
0
282
0
283
0
284
8
285
0
286
0
288
1
289
3
290
0
340
4C
371
-2
372
-2
  0
ENDTAB
  0
TABLE
  2
BLOCK_RECORD
  5
9
330
0
100
AcDbSymbolTable
 70
66
  0
BLOCK_RECORD
  5
17
330
9
100
AcDbSymbolTableRecord
100
AcDbBlockTableRecord
  2
*Model_Space
340
1A
 70
0
280
1
281
0
  0
BLOCK_RECORD
  5
1B
330
9
100
AcDbSymbolTableRecord
100
AcDbBlockTableRecord
  2
*Paper_Space
340
1E
 70
0
280
1
281
0
  0
BLOCK_RECORD
  5
74
330
9
100
AcDbSymbolTableRecord
100
AcDbBlockTableRecord
  2
_ARCHTICK
340
0
 70
0
280
1
281
0
  0
BLOCK_RECORD
  5
78
330
9
100
AcDbSymbolTableRecord
100
AcDbBlockTableRecord
  2
_CLOSEDFILLED
340
0
 70
0
280
1
281
0
  0
BLOCK_RECORD
  5
84
330
9
100
AcDbSymbolTableRecord
100
AcDbBlockTableRecord
  2
_CLOSEDBLANK
340
0
 70
0
280
1
281
0
  0
BLOCK_RECORD
  5
111
330
9
100
AcDbSymbolTableRecord
100
AcDbBlockTableRecord
  2
*D1
340
0
 70
0
280
1
281
0
  0
BLOCK_RECORD
  5
120
330
9
100
AcDbSymbolTableRecord
100
AcDbBlockTableRecord
  2
*D2
340
0
 70
0
280
1
281
0
  0
BLOCK_RECORD
  5
12F
330
9
100
AcDbSymbolTableRecord
100
AcDbBlockTableRecord
  2
*D3
340
0
 70
0
280
1
281
0
  0
BLOCK_RECORD
  5
13E
330
9
100
AcDbSymbolTableRecord
100
AcDbBlockTableRecord
  2
*D4
340
0
 70
0
280
1
281
0
  0
BLOCK_RECORD
  5
14D
330
9
100
AcDbSymbolTableRecord
100
AcDbBlockTableRecord
  2
*D5
340
0
 70
0
280
1
281
0
  0
BLOCK_RECORD
  5
15C
330
9
100
AcDbSymbolTableRecord
100
AcDbBlockTableRecord
  2
*D6
340
0
 70
0
280
1
281
0
  0
BLOCK_RECORD
  5
16B
330
9
100
AcDbSymbolTableRecord
100
AcDbBlockTableRecord
  2
*D7
340
0
 70
0
280
1
281
0
  0
BLOCK_RECORD
  5
17A
330
9
100
AcDbSymbolTableRecord
100
AcDbBlockTableRecord
  2
*D8
340
0
 70
0
280
1
281
0
  0
BLOCK_RECORD
  5
189
330
9
100
AcDbSymbolTableRecord
100
AcDbBlockTableRecord
  2
*D9
340
0
 70
0
280
1
281
0
  0
BLOCK_RECORD
  5
198
330
9
100
AcDbSymbolTableRecord
100
AcDbBlockTableRecord
  2
*D10
340
0
 70
0
280
1
281
0
  0
BLOCK_RECORD
  5
1A7
330
9
100
AcDbSymbolTableRecord
100
AcDbBlockTableRecord
  2
*D11
340
0
 70
0
280
1
281
0
  0
BLOCK_RECORD
  5
1B6
330
9
100
AcDbSymbolTableRecord
100
AcDbBlockTableRecord
  2
*D12
340
0
 70
0
280
1
281
0
  0
BLOCK_RECORD
  5
1C5
330
9
100
AcDbSymbolTableRecord
100
AcDbBlockTableRecord
  2
*D13
340
0
 70
0
280
1
281
0
  0
BLOCK_RECORD
  5
1D4
330
9
100
AcDbSymbolTableRecord
100
AcDbBlockTableRecord
  2
*D14
340
0
 70
0
280
1
281
0
  0
BLOCK_RECORD
  5
1E3
330
9
100
AcDbSymbolTableRecord
100
AcDbBlockTableRecord
  2
*D15
340
0
 70
0
280
1
281
0
  0
BLOCK_RECORD
  5
1F2
330
9
100
AcDbSymbolTableRecord
100
AcDbBlockTableRecord
  2
*D16
340
0
 70
0
280
1
281
0
  0
BLOCK_RECORD
  5
274
330
9
100
AcDbSymbolTableRecord
100
AcDbBlockTableRecord
  2
*D17
340
0
 70
0
280
1
281
0
  0
BLOCK_RECORD
  5
283
330
9
100
AcDbSymbolTableRecord
100
AcDbBlockTableRecord
  2
*D18
340
0
 70
0
280
1
281
0
  0
BLOCK_RECORD
  5
292
330
9
100
AcDbSymbolTableRecord
100
AcDbBlockTableRecord
  2
*D19
340
0
 70
0
280
1
281
0
  0
BLOCK_RECORD
  5
2A1
330
9
100
AcDbSymbolTableRecord
100
AcDbBlockTableRecord
  2
*D20
340
0
 70
0
280
1
281
0
  0
BLOCK_RECORD
  5
2B0
330
9
100
AcDbSymbolTableRecord
100
AcDbBlockTableRecord
  2
*D21
340
0
 70
0
280
1
281
0
  0
BLOCK_RECORD
  5
2BF
330
9
100
AcDbSymbolTableRecord
100
AcDbBlockTableRecord
  2
*D22
340
0
 70
0
280
1
281
0
  0
BLOCK_RECORD
  5
2CE
330
9
100
AcDbSymbolTableRecord
100
AcDbBlockTableRecord
  2
*D23
340
0
 70
0
280
1
281
0
  0
BLOCK_RECORD
  5
2DD
330
9
100
AcDbSymbolTableRecord
100
AcDbBlockTableRecord
  2
*D24
340
0
 70
0
280
1
281
0
  0
BLOCK_RECORD
  5
2EC
330
9
100
AcDbSymbolTableRecord
100
AcDbBlockTableRecord
  2
*D25
340
0
 70
0
280
1
281
0
  0
BLOCK_RECORD
  5
2FB
330
9
100
AcDbSymbolTableRecord
100
AcDbBlockTableRecord
  2
*D26
340
0
 70
0
280
1
281
0
  0
BLOCK_RECORD
  5
30A
330
9
100
AcDbSymbolTableRecord
100
AcDbBlockTableRecord
  2
*D27
340
0
 70
0
280
1
281
0
  0
BLOCK_RECORD
  5
319
330
9
100
AcDbSymbolTableRecord
100
AcDbBlockTableRecord
  2
*D28
340
0
 70
0
280
1
281
0
  0
BLOCK_RECORD
  5
328
330
9
100
AcDbSymbolTableRecord
100
AcDbBlockTableRecord
  2
*D29
340
0
 70
0
280
1
281
0
  0
BLOCK_RECORD
  5
337
330
9
100
AcDbSymbolTableRecord
100
AcDbBlockTableRecord
  2
*D30
340
0
 70
0
280
1
281
0
  0
BLOCK_RECORD
  5
346
330
9
100
AcDbSymbolTableRecord
100
AcDbBlockTableRecord
  2
*D31
340
0
 70
0
280
1
281
0
  0
BLOCK_RECORD
  5
355
330
9
100
AcDbSymbolTableRecord
100
AcDbBlockTableRecord
  2
*D32
340
0
 70
0
280
1
281
0
  0
BLOCK_RECORD
  5
386
330
9
100
AcDbSymbolTableRecord
100
AcDbBlockTableRecord
  2
*D33
340
0
 70
0
280
1
281
0
  0
BLOCK_RECORD
  5
395
330
9
100
AcDbSymbolTableRecord
100
AcDbBlockTableRecord
  2
*D34
340
0
 70
0
280
1
281
0
  0
BLOCK_RECORD
  5
3A4
330
9
100
AcDbSymbolTableRecord
100
AcDbBlockTableRecord
  2
*D35
340
0
 70
0
280
1
281
0
  0
BLOCK_RECORD
  5
3B3
330
9
100
AcDbSymbolTableRecord
100
AcDbBlockTableRecord
  2
*D36
340
0
 70
0
280
1
281
0
  0
BLOCK_RECORD
  5
3C2
330
9
100
AcDbSymbolTableRecord
100
AcDbBlockTableRecord
  2
*D37
340
0
 70
0
280
1
281
0
  0
BLOCK_RECORD
  5
3D1
330
9
100
AcDbSymbolTableRecord
100
AcDbBlockTableRecord
  2
*D38
340
0
 70
0
280
1
281
0
  0
BLOCK_RECORD
  5
3E0
330
9
100
AcDbSymbolTableRecord
100
AcDbBlockTableRecord
  2
*D39
340
0
 70
0
280
1
281
0
  0
BLOCK_RECORD
  5
3EF
330
9
100
AcDbSymbolTableRecord
100
AcDbBlockTableRecord
  2
*D40
340
0
 70
0
280
1
281
0
  0
BLOCK_RECORD
  5
3FE
330
9
100
AcDbSymbolTableRecord
100
AcDbBlockTableRecord
  2
*D41
340
0
 70
0
280
1
281
0
  0
BLOCK_RECORD
  5
40D
330
9
100
AcDbSymbolTableRecord
100
AcDbBlockTableRecord
  2
*D42
340
0
 70
0
280
1
281
0
  0
BLOCK_RECORD
  5
41C
330
9
100
AcDbSymbolTableRecord
100
AcDbBlockTableRecord
  2
*D43
340
0
 70
0
280
1
281
0
  0
BLOCK_RECORD
  5
42B
330
9
100
AcDbSymbolTableRecord
100
AcDbBlockTableRecord
  2
*D44
340
0
 70
0
280
1
281
0
  0
BLOCK_RECORD
  5
43A
330
9
100
AcDbSymbolTableRecord
100
AcDbBlockTableRecord
  2
*D45
340
0
 70
0
280
1
281
0
  0
BLOCK_RECORD
  5
449
330
9
100
AcDbSymbolTableRecord
100
AcDbBlockTableRecord
  2
*D46
340
0
 70
0
280
1
281
0
  0
BLOCK_RECORD
  5
474
330
9
100
AcDbSymbolTableRecord
100
AcDbBlockTableRecord
  2
*D47
340
0
 70
0
280
1
281
0
  0
BLOCK_RECORD
  5
483
330
9
100
AcDbSymbolTableRecord
100
AcDbBlockTableRecord
  2
*D48
340
0
 70
0
280
1
281
0
  0
BLOCK_RECORD
  5
492
330
9
100
AcDbSymbolTableRecord
100
AcDbBlockTableRecord
  2
*D49
340
0
 70
0
280
1
281
0
  0
BLOCK_RECORD
  5
4A1
330
9
100
AcDbSymbolTableRecord
100
AcDbBlockTableRecord
  2
*D50
340
0
 70
0
280
1
281
0
  0
BLOCK_RECORD
  5
4B0
330
9
100
AcDbSymbolTableRecord
100
AcDbBlockTableRecord
  2
*D51
340
0
 70
0
280
1
281
0
  0
BLOCK_RECORD
  5
4BF
330
9
100
AcDbSymbolTableRecord
100
AcDbBlockTableRecord
  2
*D52
340
0
 70
0
280
1
281
0
  0
BLOCK_RECORD
  5
4CE
330
9
100
AcDbSymbolTableRecord
100
AcDbBlockTableRecord
  2
*D53
340
0
 70
0
280
1
281
0
  0
BLOCK_RECORD
  5
4DD
330
9
100
AcDbSymbolTableRecord
100
AcDbBlockTableRecord
  2
*D54
340
0
 70
0
280
1
281
0
  0
BLOCK_RECORD
  5
4EC
330
9
100
AcDbSymbolTableRecord
100
AcDbBlockTableRecord
  2
*D55
340
0
 70
0
280
1
281
0
  0
BLOCK_RECORD
  5
4FB
330
9
100
AcDbSymbolTableRecord
100
AcDbBlockTableRecord
  2
*D56
340
0
 70
0
280
1
281
0
  0
BLOCK_RECORD
  5
50A
330
9
100
AcDbSymbolTableRecord
100
AcDbBlockTableRecord
  2
*D57
340
0
 70
0
280
1
281
0
  0
BLOCK_RECORD
  5
519
330
9
100
AcDbSymbolTableRecord
100
AcDbBlockTableRecord
  2
*D58
340
0
 70
0
280
1
281
0
  0
BLOCK_RECORD
  5
528
330
9
100
AcDbSymbolTableRecord
100
AcDbBlockTableRecord
  2
*D59
340
0
 70
0
280
1
281
0
  0
BLOCK_RECORD
  5
537
330
9
100
AcDbSymbolTableRecord
100
AcDbBlockTableRecord
  2
*D60
340
0
 70
0
280
1
281
0
  0
BLOCK_RECORD
  5
546
330
9
100
AcDbSymbolTableRecord
100
AcDbBlockTableRecord
  2
*D61
340
0
 70
0
280
1
281
0
  0
ENDTAB
  0
ENDSEC
  0
SECTION
  2
BLOCKS
  0
BLOCK
  5
18
330
17
100
AcDbEntity
  8
0
100
AcDbBlockBegin
  2
*Model_Space
 70
0
 10
0.0
 20
0.0
 30
0.0
  3
*Model_Space
  1

  0
ENDBLK
  5
19
330
17
100
AcDbEntity
  8
0
100
AcDbBlockEnd
  0
BLOCK
  5
1C
330
1B
100
AcDbEntity
  8
0
100
AcDbBlockBegin
  2
*Paper_Space
 70
0
 10
0.0
 20
0.0
 30
0.0
  3
*Paper_Space
  1

  0
ENDBLK
  5
1D
330
1B
100
AcDbEntity
  8
0
100
AcDbBlockEnd
  0
BLOCK
  5
75
330
74
100
AcDbEntity
  8
0
100
AcDbBlockBegin
  2
_ARCHTICK
 70
0
 10
0.0
 20
0.0
 30
0.0
  3
_ARCHTICK
  1

  0
LWPOLYLINE
  5
77
330
74
100
AcDbEntity
  8
0
  6
BYBLOCK
 62
0
100
AcDbPolyline
 90
2
 70
0
 43
0.15
 10
-0.5
 20
-0.5
 10
0.5
 20
0.5
  0
ENDBLK
  5
76
330
74
100
AcDbEntity
  8
0
100
AcDbBlockEnd
  0
BLOCK
  5
79
330
78
100
AcDbEntity
  8
0
100
AcDbBlockBegin
  2
_CLOSEDFILLED
 70
0
 10
0.0
 20
0.0
 30
0.0
  3
_CLOSEDFILLED
  1

  0
SOLID
  5
7B
330
78
100
AcDbEntity
  8
0
  6
BYBLOCK
 62
0
100
AcDbTrace
 10
-1.0
 20
0.16439898372402537
 30
0.0
 11
0.0
 21
0.0
 31
0.0
 12
-1.0
 22
-0.16439898372402537
 32
0.0
 13
-1.0
 23
-0.16439898372402537
 33
0.0
  0
ENDBLK
  5
7A
330
78
100
AcDbEntity
  8
0
100
AcDbBlockEnd
  0
BLOCK
  5
85
330
84
100
AcDbEntity
  8
0
100
AcDbBlockBegin
  2
_CLOSEDBLANK
 70
0
 10
0.0
 20
0.0
 30
0.0
  3
_CLOSEDBLANK
  1

  0
LWPOLYLINE
  5
87
330
84
100
AcDbEntity
  8
0
  6
BYBLOCK
 62
0
100
AcDbPolyline
 90
3
 70
1
 10
-1.0
 20
0.16439898372402537
 10
0.0
 20
0.0
 10
-1.0
 20
-0.16439898372402537
  0
ENDBLK
  5
86
330
84
100
AcDbEntity
  8
0
100
AcDbBlockEnd
  0
BLOCK
  5
112
330
111
100
AcDbEntity
  8
0
100
AcDbBlockBegin
  2
*D1
 70
1
 10
0.0
 20
0.0
 30
0.0
  3
*D1
  1

  0
LINE
  5
114
330
111
100
AcDbEntity
  8
0
100
AcDbLine
 10
52.0
 20
341.2
 30
0.0
 11
52.0
 21
329.0
 31
0.0
  0
LINE
  5
115
330
111
100
AcDbEntity
  8
0
100
AcDbLine
 10
64.0
 20
341.2
 30
0.0
 11
64.0
 21
329.0
 31
0.0
  0
INSERT
  5
116
330
111
100
AcDbEntity
  8
COTAS
100
AcDbBlockReference
  2
_ARCHTICK
 10
52.0
 20
330.0
 30
0.0
 41
1.8
 42
1.8
 50
180.0
  0
INSERT
  5
118
330
111
100
AcDbEntity
  8
COTAS
100
AcDbBlockReference
  2
_ARCHTICK
 10
64.0
 20
330.0
 30
0.0
 41
1.8
 42
1.8
  0
LINE
  5
11A
330
111
100
AcDbEntity
  8
0
100
AcDbLine
 10
52.0
 20
330.0
 30
0.0
 11
64.0
 21
330.0
 31
0.0
  0
MTEXT
  5
11B
330
111
100
AcDbEntity
  8
COTAS
 62
3
100
AcDbMText
 10
58.0
 20
331.7
 30
0.0
 40
2.2
 71
5
  1
0.60
  7
OpenSansCondensed-Light
  0
POINT
  5
11C
330
111
100
AcDbEntity
  8
Defpoints
100
AcDbPoint
 10
52.0
 20
330.0
 30
0.0
  0
POINT
  5
11D
330
111
100
AcDbEntity
  8
Defpoints
100
AcDbPoint
 10
52.0
 20
342.0
 30
0.0
  0
POINT
  5
11E
330
111
100
AcDbEntity
  8
Defpoints
100
AcDbPoint
 10
64.0
 20
342.0
 30
0.0
  0
ENDBLK
  5
113
330
111
100
AcDbEntity
  8
0
100
AcDbBlockEnd
  0
BLOCK
  5
121
330
120
100
AcDbEntity
  8
0
100
AcDbBlockBegin
  2
*D2
 70
1
 10
0.0
 20
0.0
 30
0.0
  3
*D2
  1

  0
LINE
  5
123
330
120
100
AcDbEntity
  8
0
100
AcDbLine
 10
64.0
 20
341.2
 30
0.0
 11
64.0
 21
329.0
 31
0.0
  0
LINE
  5
124
330
120
100
AcDbEntity
  8
0
100
AcDbLine
 10
88.0
 20
341.2
 30
0.0
 11
88.0
 21
329.0
 31
0.0
  0
INSERT
  5
125
330
120
100
AcDbEntity
  8
COTAS
100
AcDbBlockReference
  2
_ARCHTICK
 10
64.0
 20
330.0
 30
0.0
 41
1.8
 42
1.8
 50
180.0
  0
INSERT
  5
127
330
120
100
AcDbEntity
  8
COTAS
100
AcDbBlockReference
  2
_ARCHTICK
 10
88.0
 20
330.0
 30
0.0
 41
1.8
 42
1.8
  0
LINE
  5
129
330
120
100
AcDbEntity
  8
0
100
AcDbLine
 10
64.0
 20
330.0
 30
0.0
 11
88.0
 21
330.0
 31
0.0
  0
MTEXT
  5
12A
330
120
100
AcDbEntity
  8
COTAS
 62
3
100
AcDbMText
 10
76.0
 20
331.7
 30
0.0
 40
2.2
 71
5
  1
1.20
  7
OpenSansCondensed-Light
  0
POINT
  5
12B
330
120
100
AcDbEntity
  8
Defpoints
100
AcDbPoint
 10
64.0
 20
330.0
 30
0.0
  0
POINT
  5
12C
330
120
100
AcDbEntity
  8
Defpoints
100
AcDbPoint
 10
64.0
 20
342.0
 30
0.0
  0
POINT
  5
12D
330
120
100
AcDbEntity
  8
Defpoints
100
AcDbPoint
 10
88.0
 20
342.0
 30
0.0
  0
ENDBLK
  5
122
330
120
100
AcDbEntity
  8
0
100
AcDbBlockEnd
  0
BLOCK
  5
130
330
12F
100
AcDbEntity
  8
0
100
AcDbBlockBegin
  2
*D3
 70
1
 10
0.0
 20
0.0
 30
0.0
  3
*D3
  1

  0
LINE
  5
132
330
12F
100
AcDbEntity
  8
0
100
AcDbLine
 10
88.0
 20
341.2
 30
0.0
 11
88.0
 21
329.0
 31
0.0
  0
LINE
  5
133
330
12F
100
AcDbEntity
  8
0
100
AcDbLine
 10
132.60000000000002
 20
341.2
 30
0.0
 11
132.60000000000002
 21
329.0
 31
0.0
  0
INSERT
  5
134
330
12F
100
AcDbEntity
  8
COTAS
100
AcDbBlockReference
  2
_ARCHTICK
 10
88.0
 20
330.0
 30
0.0
 41
1.8
 42
1.8
 50
180.0
  0
INSERT
  5
136
330
12F
100
AcDbEntity
  8
COTAS
100
AcDbBlockReference
  2
_ARCHTICK
 10
132.60000000000002
 20
330.0
 30
0.0
 41
1.8
 42
1.8
  0
LINE
  5
138
330
12F
100
AcDbEntity
  8
0
100
AcDbLine
 10
88.0
 20
330.0
 30
0.0
 11
132.60000000000002
 21
330.0
 31
0.0
  0
MTEXT
  5
139
330
12F
100
AcDbEntity
  8
COTAS
 62
3
100
AcDbMText
 10
110.30000000000001
 20
331.7
 30
0.0
 40
2.2
 71
5
  1
2.23
  7
OpenSansCondensed-Light
  0
POINT
  5
13A
330
12F
100
AcDbEntity
  8
Defpoints
100
AcDbPoint
 10
88.0
 20
330.0
 30
0.0
  0
POINT
  5
13B
330
12F
100
AcDbEntity
  8
Defpoints
100
AcDbPoint
 10
88.0
 20
342.0
 30
0.0
  0
POINT
  5
13C
330
12F
100
AcDbEntity
  8
Defpoints
100
AcDbPoint
 10
132.60000000000002
 20
342.0
 30
0.0
  0
ENDBLK
  5
131
330
12F
100
AcDbEntity
  8
0
100
AcDbBlockEnd
  0
BLOCK
  5
13F
330
13E
100
AcDbEntity
  8
0
100
AcDbBlockBegin
  2
*D4
 70
1
 10
0.0
 20
0.0
 30
0.0
  3
*D4
  1

  0
LINE
  5
141
330
13E
100
AcDbEntity
  8
0
100
AcDbLine
 10
132.60000000000002
 20
341.2
 30
0.0
 11
132.60000000000002
 21
329.0
 31
0.0
  0
LINE
  5
142
330
13E
100
AcDbEntity
  8
0
100
AcDbLine
 10
148.6
 20
341.2
 30
0.0
 11
148.6
 21
329.0
 31
0.0
  0
INSERT
  5
143
330
13E
100
AcDbEntity
  8
COTAS
100
AcDbBlockReference
  2
_ARCHTICK
 10
132.60000000000002
 20
330.0
 30
0.0
 41
1.8
 42
1.8
 50
180.0
  0
INSERT
  5
145
330
13E
100
AcDbEntity
  8
COTAS
100
AcDbBlockReference
  2
_ARCHTICK
 10
148.6
 20
330.0
 30
0.0
 41
1.8
 42
1.8
  0
LINE
  5
147
330
13E
100
AcDbEntity
  8
0
100
AcDbLine
 10
132.60000000000002
 20
330.0
 30
0.0
 11
148.6
 21
330.0
 31
0.0
  0
MTEXT
  5
148
330
13E
100
AcDbEntity
  8
COTAS
 62
3
100
AcDbMText
 10
140.60000000000002
 20
331.7
 30
0.0
 40
2.2
 71
5
  1
0.80
  7
OpenSansCondensed-Light
  0
POINT
  5
149
330
13E
100
AcDbEntity
  8
Defpoints
100
AcDbPoint
 10
132.60000000000002
 20
330.0
 30
0.0
  0
POINT
  5
14A
330
13E
100
AcDbEntity
  8
Defpoints
100
AcDbPoint
 10
132.60000000000002
 20
342.0
 30
0.0
  0
POINT
  5
14B
330
13E
100
AcDbEntity
  8
Defpoints
100
AcDbPoint
 10
148.6
 20
342.0
 30
0.0
  0
ENDBLK
  5
140
330
13E
100
AcDbEntity
  8
0
100
AcDbBlockEnd
  0
BLOCK
  5
14E
330
14D
100
AcDbEntity
  8
0
100
AcDbBlockBegin
  2
*D5
 70
1
 10
0.0
 20
0.0
 30
0.0
  3
*D5
  1

  0
LINE
  5
150
330
14D
100
AcDbEntity
  8
0
100
AcDbLine
 10
148.6
 20
341.2
 30
0.0
 11
148.6
 21
329.0
 31
0.0
  0
LINE
  5
151
330
14D
100
AcDbEntity
  8
0
100
AcDbLine
 10
193.2
 20
341.2
 30
0.0
 11
193.2
 21
329.0
 31
0.0
  0
INSERT
  5
152
330
14D
100
AcDbEntity
  8
COTAS
100
AcDbBlockReference
  2
_ARCHTICK
 10
148.6
 20
330.0
 30
0.0
 41
1.8
 42
1.8
 50
180.0
  0
INSERT
  5
154
330
14D
100
AcDbEntity
  8
COTAS
100
AcDbBlockReference
  2
_ARCHTICK
 10
193.2
 20
330.0
 30
0.0
 41
1.8
 42
1.8
  0
LINE
  5
156
330
14D
100
AcDbEntity
  8
0
100
AcDbLine
 10
148.6
 20
330.0
 30
0.0
 11
193.2
 21
330.0
 31
0.0
  0
MTEXT
  5
157
330
14D
100
AcDbEntity
  8
COTAS
 62
3
100
AcDbMText
 10
170.89999999999998
 20
331.7
 30
0.0
 40
2.2
 71
5
  1
2.23
  7
OpenSansCondensed-Light
  0
POINT
  5
158
330
14D
100
AcDbEntity
  8
Defpoints
100
AcDbPoint
 10
148.6
 20
330.0
 30
0.0
  0
POINT
  5
159
330
14D
100
AcDbEntity
  8
Defpoints
100
AcDbPoint
 10
148.6
 20
342.0
 30
0.0
  0
POINT
  5
15A
330
14D
100
AcDbEntity
  8
Defpoints
100
AcDbPoint
 10
193.2
 20
342.0
 30
0.0
  0
ENDBLK
  5
14F
330
14D
100
AcDbEntity
  8
0
100
AcDbBlockEnd
  0
BLOCK
  5
15D
330
15C
100
AcDbEntity
  8
0
100
AcDbBlockBegin
  2
*D6
 70
1
 10
0.0
 20
0.0
 30
0.0
  3
*D6
  1

  0
LINE
  5
15F
330
15C
100
AcDbEntity
  8
0
100
AcDbLine
 10
193.2
 20
341.2
 30
0.0
 11
193.2
 21
329.0
 31
0.0
  0
LINE
  5
160
330
15C
100
AcDbEntity
  8
0
100
AcDbLine
 10
217.2
 20
341.2
 30
0.0
 11
217.2
 21
329.0
 31
0.0
  0
INSERT
  5
161
330
15C
100
AcDbEntity
  8
COTAS
100
AcDbBlockReference
  2
_ARCHTICK
 10
193.2
 20
330.0
 30
0.0
 41
1.8
 42
1.8
 50
180.0
  0
INSERT
  5
163
330
15C
100
AcDbEntity
  8
COTAS
100
AcDbBlockReference
  2
_ARCHTICK
 10
217.2
 20
330.0
 30
0.0
 41
1.8
 42
1.8
  0
LINE
  5
165
330
15C
100
AcDbEntity
  8
0
100
AcDbLine
 10
193.2
 20
330.0
 30
0.0
 11
217.2
 21
330.0
 31
0.0
  0
MTEXT
  5
166
330
15C
100
AcDbEntity
  8
COTAS
 62
3
100
AcDbMText
 10
205.2
 20
331.7
 30
0.0
 40
2.2
 71
5
  1
1.20
  7
OpenSansCondensed-Light
  0
POINT
  5
167
330
15C
100
AcDbEntity
  8
Defpoints
100
AcDbPoint
 10
193.2
 20
330.0
 30
0.0
  0
POINT
  5
168
330
15C
100
AcDbEntity
  8
Defpoints
100
AcDbPoint
 10
193.2
 20
342.0
 30
0.0
  0
POINT
  5
169
330
15C
100
AcDbEntity
  8
Defpoints
100
AcDbPoint
 10
217.2
 20
342.0
 30
0.0
  0
ENDBLK
  5
15E
330
15C
100
AcDbEntity
  8
0
100
AcDbBlockEnd
  0
BLOCK
  5
16C
330
16B
100
AcDbEntity
  8
0
100
AcDbBlockBegin
  2
*D7
 70
1
 10
0.0
 20
0.0
 30
0.0
  3
*D7
  1

  0
LINE
  5
16E
330
16B
100
AcDbEntity
  8
0
100
AcDbLine
 10
217.2
 20
341.2
 30
0.0
 11
217.2
 21
329.0
 31
0.0
  0
LINE
  5
16F
330
16B
100
AcDbEntity
  8
0
100
AcDbLine
 10
249.60000000000002
 20
341.2
 30
0.0
 11
249.60000000000002
 21
329.0
 31
0.0
  0
INSERT
  5
170
330
16B
100
AcDbEntity
  8
COTAS
100
AcDbBlockReference
  2
_ARCHTICK
 10
217.2
 20
330.0
 30
0.0
 41
1.8
 42
1.8
 50
180.0
  0
INSERT
  5
172
330
16B
100
AcDbEntity
  8
COTAS
100
AcDbBlockReference
  2
_ARCHTICK
 10
249.60000000000002
 20
330.0
 30
0.0
 41
1.8
 42
1.8
  0
LINE
  5
174
330
16B
100
AcDbEntity
  8
0
100
AcDbLine
 10
217.2
 20
330.0
 30
0.0
 11
249.60000000000002
 21
330.0
 31
0.0
  0
MTEXT
  5
175
330
16B
100
AcDbEntity
  8
COTAS
 62
3
100
AcDbMText
 10
233.4
 20
331.7
 30
0.0
 40
2.2
 71
5
  1
1.62
  7
OpenSansCondensed-Light
  0
POINT
  5
176
330
16B
100
AcDbEntity
  8
Defpoints
100
AcDbPoint
 10
217.2
 20
330.0
 30
0.0
  0
POINT
  5
177
330
16B
100
AcDbEntity
  8
Defpoints
100
AcDbPoint
 10
217.2
 20
342.0
 30
0.0
  0
POINT
  5
178
330
16B
100
AcDbEntity
  8
Defpoints
100
AcDbPoint
 10
249.60000000000002
 20
342.0
 30
0.0
  0
ENDBLK
  5
16D
330
16B
100
AcDbEntity
  8
0
100
AcDbBlockEnd
  0
BLOCK
  5
17B
330
17A
100
AcDbEntity
  8
0
100
AcDbBlockBegin
  2
*D8
 70
1
 10
0.0
 20
0.0
 30
0.0
  3
*D8
  1

  0
LINE
  5
17D
330
17A
100
AcDbEntity
  8
0
100
AcDbLine
 10
52.0
 20
341.2
 30
0.0
 11
52.0
 21
317.0
 31
0.0
  0
LINE
  5
17E
330
17A
100
AcDbEntity
  8
0
100
AcDbLine
 10
249.60000000000002
 20
341.2
 30
0.0
 11
249.60000000000002
 21
317.0
 31
0.0
  0
INSERT
  5
17F
330
17A
100
AcDbEntity
  8
COTAS
100
AcDbBlockReference
  2
_ARCHTICK
 10
52.0
 20
318.0
 30
0.0
 41
1.8
 42
1.8
 50
180.0
  0
INSERT
  5
181
330
17A
100
AcDbEntity
  8
COTAS
100
AcDbBlockReference
  2
_ARCHTICK
 10
249.60000000000002
 20
318.0
 30
0.0
 41
1.8
 42
1.8
  0
LINE
  5
183
330
17A
100
AcDbEntity
  8
0
100
AcDbLine
 10
52.0
 20
318.0
 30
0.0
 11
249.60000000000002
 21
318.0
 31
0.0
  0
MTEXT
  5
184
330
17A
100
AcDbEntity
  8
COTAS
 62
3
100
AcDbMText
 10
150.8
 20
319.7
 30
0.0
 40
2.2
 71
5
  1
9.88
  7
OpenSansCondensed-Light
  0
POINT
  5
185
330
17A
100
AcDbEntity
  8
Defpoints
100
AcDbPoint
 10
52.0
 20
318.0
 30
0.0
  0
POINT
  5
186
330
17A
100
AcDbEntity
  8
Defpoints
100
AcDbPoint
 10
52.0
 20
342.0
 30
0.0
  0
POINT
  5
187
330
17A
100
AcDbEntity
  8
Defpoints
100
AcDbPoint
 10
249.60000000000002
 20
342.0
 30
0.0
  0
ENDBLK
  5
17C
330
17A
100
AcDbEntity
  8
0
100
AcDbBlockEnd
  0
BLOCK
  5
18A
330
189
100
AcDbEntity
  8
0
100
AcDbBlockBegin
  2
*D9
 70
1
 10
0.0
 20
0.0
 30
0.0
  3
*D9
  1

  0
LINE
  5
18C
330
189
100
AcDbEntity
  8
0
100
AcDbLine
 10
250.40000000000003
 20
342.0
 30
0.0
 11
262.6
 21
342.0
 31
0.0
  0
LINE
  5
18D
330
189
100
AcDbEntity
  8
0
100
AcDbLine
 10
250.40000000000003
 20
350.0
 30
0.0
 11
262.6
 21
350.0
 31
0.0
  0
INSERT
  5
18E
330
189
100
AcDbEntity
  8
COTAS
100
AcDbBlockReference
  2
_ARCHTICK
 10
261.6
 20
342.0
 30
0.0
 41
1.8
 42
1.8
 50
270.0
  0
INSERT
  5
190
330
189
100
AcDbEntity
  8
COTAS
100
AcDbBlockReference
  2
_ARCHTICK
 10
261.6
 20
350.0
 30
0.0
 41
1.8
 42
1.8
 50
90.0
  0
LINE
  5
192
330
189
100
AcDbEntity
  8
0
100
AcDbLine
 10
261.6
 20
342.0
 30
0.0
 11
261.6
 21
350.0
 31
0.0
  0
MTEXT
  5
193
330
189
100
AcDbEntity
  8
COTAS
 62
3
100
AcDbMText
 10
258.90000000000003
 20
346.0
 30
0.0
 40
2.2
 71
5
  1
0.40
  7
OpenSansCondensed-Light
 50
90.0
  0
POINT
  5
194
330
189
100
AcDbEntity
  8
Defpoints
100
AcDbPoint
 10
261.6
 20
342.0
 30
0.0
  0
POINT
  5
195
330
189
100
AcDbEntity
  8
Defpoints
100
AcDbPoint
 10
249.60000000000002
 20
342.0
 30
0.0
  0
POINT
  5
196
330
189
100
AcDbEntity
  8
Defpoints
100
AcDbPoint
 10
249.60000000000002
 20
350.0
 30
0.0
  0
ENDBLK
  5
18B
330
189
100
AcDbEntity
  8
0
100
AcDbBlockEnd
  0
BLOCK
  5
199
330
198
100
AcDbEntity
  8
0
100
AcDbBlockBegin
  2
*D10
 70
1
 10
0.0
 20
0.0
 30
0.0
  3
*D10
  1

  0
LINE
  5
19B
330
198
100
AcDbEntity
  8
0
100
AcDbLine
 10
250.40000000000003
 20
350.0
 30
0.0
 11
262.6
 21
350.0
 31
0.0
  0
LINE
  5
19C
330
198
100
AcDbEntity
  8
0
100
AcDbLine
 10
250.40000000000003
 20
412.0
 30
0.0
 11
262.6
 21
412.0
 31
0.0
  0
INSERT
  5
19D
330
198
100
AcDbEntity
  8
COTAS
100
AcDbBlockReference
  2
_ARCHTICK
 10
261.6
 20
350.0
 30
0.0
 41
1.8
 42
1.8
 50
270.0
  0
INSERT
  5
19F
330
198
100
AcDbEntity
  8
COTAS
100
AcDbBlockReference
  2
_ARCHTICK
 10
261.6
 20
412.0
 30
0.0
 41
1.8
 42
1.8
 50
90.0
  0
LINE
  5
1A1
330
198
100
AcDbEntity
  8
0
100
AcDbLine
 10
261.6
 20
350.0
 30
0.0
 11
261.6
 21
412.0
 31
0.0
  0
MTEXT
  5
1A2
330
198
100
AcDbEntity
  8
COTAS
 62
3
100
AcDbMText
 10
259.90000000000003
 20
381.0
 30
0.0
 40
2.2
 71
5
  1
3.10
  7
OpenSansCondensed-Light
 50
90.0
  0
POINT
  5
1A3
330
198
100
AcDbEntity
  8
Defpoints
100
AcDbPoint
 10
261.6
 20
350.0
 30
0.0
  0
POINT
  5
1A4
330
198
100
AcDbEntity
  8
Defpoints
100
AcDbPoint
 10
249.60000000000002
 20
350.0
 30
0.0
  0
POINT
  5
1A5
330
198
100
AcDbEntity
  8
Defpoints
100
AcDbPoint
 10
249.60000000000002
 20
412.0
 30
0.0
  0
ENDBLK
  5
19A
330
198
100
AcDbEntity
  8
0
100
AcDbBlockEnd
  0
BLOCK
  5
1A8
330
1A7
100
AcDbEntity
  8
0
100
AcDbBlockBegin
  2
*D11
 70
1
 10
0.0
 20
0.0
 30
0.0
  3
*D11
  1

  0
LINE
  5
1AA
330
1A7
100
AcDbEntity
  8
0
100
AcDbLine
 10
250.40000000000003
 20
412.0
 30
0.0
 11
262.6
 21
412.0
 31
0.0
  0
LINE
  5
1AB
330
1A7
100
AcDbEntity
  8
0
100
AcDbLine
 10
250.40000000000003
 20
418.0
 30
0.0
 11
262.6
 21
418.0
 31
0.0
  0
INSERT
  5
1AC
330
1A7
100
AcDbEntity
  8
COTAS
100
AcDbBlockReference
  2
_ARCHTICK
 10
261.6
 20
412.0
 30
0.0
 41
1.8
 42
1.8
 50
270.0
  0
INSERT
  5
1AE
330
1A7
100
AcDbEntity
  8
COTAS
100
AcDbBlockReference
  2
_ARCHTICK
 10
261.6
 20
418.0
 30
0.0
 41
1.8
 42
1.8
 50
90.0
  0
LINE
  5
1B0
330
1A7
100
AcDbEntity
  8
0
100
AcDbLine
 10
261.6
 20
412.0
 30
0.0
 11
261.6
 21
418.0
 31
0.0
  0
MTEXT
  5
1B1
330
1A7
100
AcDbEntity
  8
COTAS
 62
3
100
AcDbMText
 10
258.90000000000003
 20
415.0
 30
0.0
 40
2.2
 71
5
  1
0.30
  7
OpenSansCondensed-Light
 50
90.0
  0
POINT
  5
1B2
330
1A7
100
AcDbEntity
  8
Defpoints
100
AcDbPoint
 10
261.6
 20
412.0
 30
0.0
  0
POINT
  5
1B3
330
1A7
100
AcDbEntity
  8
Defpoints
100
AcDbPoint
 10
249.60000000000002
 20
412.0
 30
0.0
  0
POINT
  5
1B4
330
1A7
100
AcDbEntity
  8
Defpoints
100
AcDbPoint
 10
249.60000000000002
 20
418.0
 30
0.0
  0
ENDBLK
  5
1A9
330
1A7
100
AcDbEntity
  8
0
100
AcDbBlockEnd
  0
BLOCK
  5
1B7
330
1B6
100
AcDbEntity
  8
0
100
AcDbBlockBegin
  2
*D12
 70
1
 10
0.0
 20
0.0
 30
0.0
  3
*D12
  1

  0
LINE
  5
1B9
330
1B6
100
AcDbEntity
  8
0
100
AcDbLine
 10
250.40000000000003
 20
418.0
 30
0.0
 11
262.6
 21
418.0
 31
0.0
  0
LINE
  5
1BA
330
1B6
100
AcDbEntity
  8
0
100
AcDbLine
 10
250.40000000000003
 20
478.0
 30
0.0
 11
262.6
 21
478.0
 31
0.0
  0
INSERT
  5
1BB
330
1B6
100
AcDbEntity
  8
COTAS
100
AcDbBlockReference
  2
_ARCHTICK
 10
261.6
 20
418.0
 30
0.0
 41
1.8
 42
1.8
 50
270.0
  0
INSERT
  5
1BD
330
1B6
100
AcDbEntity
  8
COTAS
100
AcDbBlockReference
  2
_ARCHTICK
 10
261.6
 20
478.0
 30
0.0
 41
1.8
 42
1.8
 50
90.0
  0
LINE
  5
1BF
330
1B6
100
AcDbEntity
  8
0
100
AcDbLine
 10
261.6
 20
418.0
 30
0.0
 11
261.6
 21
478.0
 31
0.0
  0
MTEXT
  5
1C0
330
1B6
100
AcDbEntity
  8
COTAS
 62
3
100
AcDbMText
 10
259.90000000000003
 20
448.0
 30
0.0
 40
2.2
 71
5
  1
3.00
  7
OpenSansCondensed-Light
 50
90.0
  0
POINT
  5
1C1
330
1B6
100
AcDbEntity
  8
Defpoints
100
AcDbPoint
 10
261.6
 20
418.0
 30
0.0
  0
POINT
  5
1C2
330
1B6
100
AcDbEntity
  8
Defpoints
100
AcDbPoint
 10
249.60000000000002
 20
418.0
 30
0.0
  0
POINT
  5
1C3
330
1B6
100
AcDbEntity
  8
Defpoints
100
AcDbPoint
 10
249.60000000000002
 20
478.0
 30
0.0
  0
ENDBLK
  5
1B8
330
1B6
100
AcDbEntity
  8
0
100
AcDbBlockEnd
  0
BLOCK
  5
1C6
330
1C5
100
AcDbEntity
  8
0
100
AcDbBlockBegin
  2
*D13
 70
1
 10
0.0
 20
0.0
 30
0.0
  3
*D13
  1

  0
LINE
  5
1C8
330
1C5
100
AcDbEntity
  8
0
100
AcDbLine
 10
250.40000000000003
 20
478.0
 30
0.0
 11
262.6
 21
478.0
 31
0.0
  0
LINE
  5
1C9
330
1C5
100
AcDbEntity
  8
0
100
AcDbLine
 10
250.40000000000003
 20
486.0
 30
0.0
 11
262.6
 21
486.0
 31
0.0
  0
INSERT
  5
1CA
330
1C5
100
AcDbEntity
  8
COTAS
100
AcDbBlockReference
  2
_ARCHTICK
 10
261.6
 20
478.0
 30
0.0
 41
1.8
 42
1.8
 50
270.0
  0
INSERT
  5
1CC
330
1C5
100
AcDbEntity
  8
COTAS
100
AcDbBlockReference
  2
_ARCHTICK
 10
261.6
 20
486.0
 30
0.0
 41
1.8
 42
1.8
 50
90.0
  0
LINE
  5
1CE
330
1C5
100
AcDbEntity
  8
0
100
AcDbLine
 10
261.6
 20
478.0
 30
0.0
 11
261.6
 21
486.0
 31
0.0
  0
MTEXT
  5
1CF
330
1C5
100
AcDbEntity
  8
COTAS
 62
3
100
AcDbMText
 10
258.90000000000003
 20
482.0
 30
0.0
 40
2.2
 71
5
  1
0.40
  7
OpenSansCondensed-Light
 50
90.0
  0
POINT
  5
1D0
330
1C5
100
AcDbEntity
  8
Defpoints
100
AcDbPoint
 10
261.6
 20
478.0
 30
0.0
  0
POINT
  5
1D1
330
1C5
100
AcDbEntity
  8
Defpoints
100
AcDbPoint
 10
249.60000000000002
 20
478.0
 30
0.0
  0
POINT
  5
1D2
330
1C5
100
AcDbEntity
  8
Defpoints
100
AcDbPoint
 10
249.60000000000002
 20
486.0
 30
0.0
  0
ENDBLK
  5
1C7
330
1C5
100
AcDbEntity
  8
0
100
AcDbBlockEnd
  0
BLOCK
  5
1D5
330
1D4
100
AcDbEntity
  8
0
100
AcDbBlockBegin
  2
*D14
 70
1
 10
0.0
 20
0.0
 30
0.0
  3
*D14
  1

  0
LINE
  5
1D7
330
1D4
100
AcDbEntity
  8
0
100
AcDbLine
 10
250.40000000000003
 20
486.0
 30
0.0
 11
262.6
 21
486.0
 31
0.0
  0
LINE
  5
1D8
330
1D4
100
AcDbEntity
  8
0
100
AcDbLine
 10
250.40000000000003
 20
544.0
 30
0.0
 11
262.6
 21
544.0
 31
0.0
  0
INSERT
  5
1D9
330
1D4
100
AcDbEntity
  8
COTAS
100
AcDbBlockReference
  2
_ARCHTICK
 10
261.6
 20
486.0
 30
0.0
 41
1.8
 42
1.8
 50
270.0
  0
INSERT
  5
1DB
330
1D4
100
AcDbEntity
  8
COTAS
100
AcDbBlockReference
  2
_ARCHTICK
 10
261.6
 20
544.0
 30
0.0
 41
1.8
 42
1.8
 50
90.0
  0
LINE
  5
1DD
330
1D4
100
AcDbEntity
  8
0
100
AcDbLine
 10
261.6
 20
486.0
 30
0.0
 11
261.6
 21
544.0
 31
0.0
  0
MTEXT
  5
1DE
330
1D4
100
AcDbEntity
  8
COTAS
 62
3
100
AcDbMText
 10
259.90000000000003
 20
515.0
 30
0.0
 40
2.2
 71
5
  1
2.90
  7
OpenSansCondensed-Light
 50
90.0
  0
POINT
  5
1DF
330
1D4
100
AcDbEntity
  8
Defpoints
100
AcDbPoint
 10
261.6
 20
486.0
 30
0.0
  0
POINT
  5
1E0
330
1D4
100
AcDbEntity
  8
Defpoints
100
AcDbPoint
 10
249.60000000000002
 20
486.0
 30
0.0
  0
POINT
  5
1E1
330
1D4
100
AcDbEntity
  8
Defpoints
100
AcDbPoint
 10
249.60000000000002
 20
544.0
 30
0.0
  0
ENDBLK
  5
1D6
330
1D4
100
AcDbEntity
  8
0
100
AcDbBlockEnd
  0
BLOCK
  5
1E4
330
1E3
100
AcDbEntity
  8
0
100
AcDbBlockBegin
  2
*D15
 70
1
 10
0.0
 20
0.0
 30
0.0
  3
*D15
  1

  0
LINE
  5
1E6
330
1E3
100
AcDbEntity
  8
0
100
AcDbLine
 10
250.40000000000003
 20
342.0
 30
0.0
 11
274.6
 21
342.0
 31
0.0
  0
LINE
  5
1E7
330
1E3
100
AcDbEntity
  8
0
100
AcDbLine
 10
250.40000000000003
 20
486.0
 30
0.0
 11
274.6
 21
486.0
 31
0.0
  0
INSERT
  5
1E8
330
1E3
100
AcDbEntity
  8
COTAS
100
AcDbBlockReference
  2
_ARCHTICK
 10
273.6
 20
342.0
 30
0.0
 41
1.8
 42
1.8
 50
270.0
  0
INSERT
  5
1EA
330
1E3
100
AcDbEntity
  8
COTAS
100
AcDbBlockReference
  2
_ARCHTICK
 10
273.6
 20
486.0
 30
0.0
 41
1.8
 42
1.8
 50
90.0
  0
LINE
  5
1EC
330
1E3
100
AcDbEntity
  8
0
100
AcDbLine
 10
273.6
 20
342.0
 30
0.0
 11
273.6
 21
486.0
 31
0.0
  0
MTEXT
  5
1ED
330
1E3
100
AcDbEntity
  8
COTAS
 62
3
100
AcDbMText
 10
271.90000000000003
 20
414.0
 30
0.0
 40
2.2
 71
5
  1
7.20
  7
OpenSansCondensed-Light
 50
90.0
  0
POINT
  5
1EE
330
1E3
100
AcDbEntity
  8
Defpoints
100
AcDbPoint
 10
273.6
 20
342.0
 30
0.0
  0
POINT
  5
1EF
330
1E3
100
AcDbEntity
  8
Defpoints
100
AcDbPoint
 10
249.60000000000002
 20
342.0
 30
0.0
  0
POINT
  5
1F0
330
1E3
100
AcDbEntity
  8
Defpoints
100
AcDbPoint
 10
249.60000000000002
 20
486.0
 30
0.0
  0
ENDBLK
  5
1E5
330
1E3
100
AcDbEntity
  8
0
100
AcDbBlockEnd
  0
BLOCK
  5
1F3
330
1F2
100
AcDbEntity
  8
0
100
AcDbBlockBegin
  2
*D16
 70
1
 10
0.0
 20
0.0
 30
0.0
  3
*D16
  1

  0
LINE
  5
1F5
330
1F2
100
AcDbEntity
  8
0
100
AcDbLine
 10
82.70000000000002
 20
544.8
 30
0.0
 11
82.70000000000002
 21
557.0
 31
0.0
  0
LINE
  5
1F6
330
1F2
100
AcDbEntity
  8
0
100
AcDbLine
 10
218.9
 20
544.8
 30
0.0
 11
218.9
 21
557.0
 31
0.0
  0
INSERT
  5
1F7
330
1F2
100
AcDbEntity
  8
COTAS
100
AcDbBlockReference
  2
_ARCHTICK
 10
82.70000000000002
 20
556.0
 30
0.0
 41
1.8
 42
1.8
 50
180.0
  0
INSERT
  5
1F9
330
1F2
100
AcDbEntity
  8
COTAS
100
AcDbBlockReference
  2
_ARCHTICK
 10
218.9
 20
556.0
 30
0.0
 41
1.8
 42
1.8
  0
LINE
  5
1FB
330
1F2
100
AcDbEntity
  8
0
100
AcDbLine
 10
82.70000000000002
 20
556.0
 30
0.0
 11
218.9
 21
556.0
 31
0.0
  0
MTEXT
  5
1FC
330
1F2
100
AcDbEntity
  8
COTAS
 62
3
100
AcDbMText
 10
150.8
 20
557.7
 30
0.0
 40
2.2
 71
5
  1
6.81
  7
OpenSansCondensed-Light
  0
POINT
  5
1FD
330
1F2
100
AcDbEntity
  8
Defpoints
100
AcDbPoint
 10
82.70000000000002
 20
556.0
 30
0.0
  0
POINT
  5
1FE
330
1F2
100
AcDbEntity
  8
Defpoints
100
AcDbPoint
 10
82.70000000000002
 20
544.0
 30
0.0
  0
POINT
  5
1FF
330
1F2
100
AcDbEntity
  8
Defpoints
100
AcDbPoint
 10
218.9
 20
544.0
 30
0.0
  0
ENDBLK
  5
1F4
330
1F2
100
AcDbEntity
  8
0
100
AcDbBlockEnd
  0
BLOCK
  5
275
330
274
100
AcDbEntity
  8
0
100
AcDbBlockBegin
  2
*D17
 70
1
 10
0.0
 20
0.0
 30
0.0
  3
*D17
  1

  0
LINE
  5
277
330
274
100
AcDbEntity
  8
0
100
AcDbLine
 10
322.0
 20
341.2
 30
0.0
 11
322.0
 21
329.0
 31
0.0
  0
LINE
  5
278
330
274
100
AcDbEntity
  8
0
100
AcDbLine
 10
334.0
 20
341.2
 30
0.0
 11
334.0
 21
329.0
 31
0.0
  0
INSERT
  5
279
330
274
100
AcDbEntity
  8
COTAS
100
AcDbBlockReference
  2
_ARCHTICK
 10
322.0
 20
330.0
 30
0.0
 41
1.8
 42
1.8
 50
180.0
  0
INSERT
  5
27B
330
274
100
AcDbEntity
  8
COTAS
100
AcDbBlockReference
  2
_ARCHTICK
 10
334.0
 20
330.0
 30
0.0
 41
1.8
 42
1.8
  0
LINE
  5
27D
330
274
100
AcDbEntity
  8
0
100
AcDbLine
 10
322.0
 20
330.0
 30
0.0
 11
334.0
 21
330.0
 31
0.0
  0
MTEXT
  5
27E
330
274
100
AcDbEntity
  8
COTAS
 62
3
100
AcDbMText
 10
328.0
 20
331.7
 30
0.0
 40
2.2
 71
5
  1
0.60
  7
OpenSansCondensed-Light
  0
POINT
  5
27F
330
274
100
AcDbEntity
  8
Defpoints
100
AcDbPoint
 10
322.0
 20
330.0
 30
0.0
  0
POINT
  5
280
330
274
100
AcDbEntity
  8
Defpoints
100
AcDbPoint
 10
322.0
 20
342.0
 30
0.0
  0
POINT
  5
281
330
274
100
AcDbEntity
  8
Defpoints
100
AcDbPoint
 10
334.0
 20
342.0
 30
0.0
  0
ENDBLK
  5
276
330
274
100
AcDbEntity
  8
0
100
AcDbBlockEnd
  0
BLOCK
  5
284
330
283
100
AcDbEntity
  8
0
100
AcDbBlockBegin
  2
*D18
 70
1
 10
0.0
 20
0.0
 30
0.0
  3
*D18
  1

  0
LINE
  5
286
330
283
100
AcDbEntity
  8
0
100
AcDbLine
 10
334.0
 20
341.2
 30
0.0
 11
334.0
 21
329.0
 31
0.0
  0
LINE
  5
287
330
283
100
AcDbEntity
  8
0
100
AcDbLine
 10
358.0
 20
341.2
 30
0.0
 11
358.0
 21
329.0
 31
0.0
  0
INSERT
  5
288
330
283
100
AcDbEntity
  8
COTAS
100
AcDbBlockReference
  2
_ARCHTICK
 10
334.0
 20
330.0
 30
0.0
 41
1.8
 42
1.8
 50
180.0
  0
INSERT
  5
28A
330
283
100
AcDbEntity
  8
COTAS
100
AcDbBlockReference
  2
_ARCHTICK
 10
358.0
 20
330.0
 30
0.0
 41
1.8
 42
1.8
  0
LINE
  5
28C
330
283
100
AcDbEntity
  8
0
100
AcDbLine
 10
334.0
 20
330.0
 30
0.0
 11
358.0
 21
330.0
 31
0.0
  0
MTEXT
  5
28D
330
283
100
AcDbEntity
  8
COTAS
 62
3
100
AcDbMText
 10
346.0
 20
331.7
 30
0.0
 40
2.2
 71
5
  1
1.20
  7
OpenSansCondensed-Light
  0
POINT
  5
28E
330
283
100
AcDbEntity
  8
Defpoints
100
AcDbPoint
 10
334.0
 20
330.0
 30
0.0
  0
POINT
  5
28F
330
283
100
AcDbEntity
  8
Defpoints
100
AcDbPoint
 10
334.0
 20
342.0
 30
0.0
  0
POINT
  5
290
330
283
100
AcDbEntity
  8
Defpoints
100
AcDbPoint
 10
358.0
 20
342.0
 30
0.0
  0
ENDBLK
  5
285
330
283
100
AcDbEntity
  8
0
100
AcDbBlockEnd
  0
BLOCK
  5
293
330
292
100
AcDbEntity
  8
0
100
AcDbBlockBegin
  2
*D19
 70
1
 10
0.0
 20
0.0
 30
0.0
  3
*D19
  1

  0
LINE
  5
295
330
292
100
AcDbEntity
  8
0
100
AcDbLine
 10
358.0
 20
341.2
 30
0.0
 11
358.0
 21
329.0
 31
0.0
  0
LINE
  5
296
330
292
100
AcDbEntity
  8
0
100
AcDbLine
 10
402.6
 20
341.2
 30
0.0
 11
402.6
 21
329.0
 31
0.0
  0
INSERT
  5
297
330
292
100
AcDbEntity
  8
COTAS
100
AcDbBlockReference
  2
_ARCHTICK
 10
358.0
 20
330.0
 30
0.0
 41
1.8
 42
1.8
 50
180.0
  0
INSERT
  5
299
330
292
100
AcDbEntity
  8
COTAS
100
AcDbBlockReference
  2
_ARCHTICK
 10
402.6
 20
330.0
 30
0.0
 41
1.8
 42
1.8
  0
LINE
  5
29B
330
292
100
AcDbEntity
  8
0
100
AcDbLine
 10
358.0
 20
330.0
 30
0.0
 11
402.6
 21
330.0
 31
0.0
  0
MTEXT
  5
29C
330
292
100
AcDbEntity
  8
COTAS
 62
3
100
AcDbMText
 10
380.3
 20
331.7
 30
0.0
 40
2.2
 71
5
  1
2.23
  7
OpenSansCondensed-Light
  0
POINT
  5
29D
330
292
100
AcDbEntity
  8
Defpoints
100
AcDbPoint
 10
358.0
 20
330.0
 30
0.0
  0
POINT
  5
29E
330
292
100
AcDbEntity
  8
Defpoints
100
AcDbPoint
 10
358.0
 20
342.0
 30
0.0
  0
POINT
  5
29F
330
292
100
AcDbEntity
  8
Defpoints
100
AcDbPoint
 10
402.6
 20
342.0
 30
0.0
  0
ENDBLK
  5
294
330
292
100
AcDbEntity
  8
0
100
AcDbBlockEnd
  0
BLOCK
  5
2A2
330
2A1
100
AcDbEntity
  8
0
100
AcDbBlockBegin
  2
*D20
 70
1
 10
0.0
 20
0.0
 30
0.0
  3
*D20
  1

  0
LINE
  5
2A4
330
2A1
100
AcDbEntity
  8
0
100
AcDbLine
 10
402.6
 20
341.2
 30
0.0
 11
402.6
 21
329.0
 31
0.0
  0
LINE
  5
2A5
330
2A1
100
AcDbEntity
  8
0
100
AcDbLine
 10
418.6
 20
341.2
 30
0.0
 11
418.6
 21
329.0
 31
0.0
  0
INSERT
  5
2A6
330
2A1
100
AcDbEntity
  8
COTAS
100
AcDbBlockReference
  2
_ARCHTICK
 10
402.6
 20
330.0
 30
0.0
 41
1.8
 42
1.8
 50
180.0
  0
INSERT
  5
2A8
330
2A1
100
AcDbEntity
  8
COTAS
100
AcDbBlockReference
  2
_ARCHTICK
 10
418.6
 20
330.0
 30
0.0
 41
1.8
 42
1.8
  0
LINE
  5
2AA
330
2A1
100
AcDbEntity
  8
0
100
AcDbLine
 10
402.6
 20
330.0
 30
0.0
 11
418.6
 21
330.0
 31
0.0
  0
MTEXT
  5
2AB
330
2A1
100
AcDbEntity
  8
COTAS
 62
3
100
AcDbMText
 10
410.6
 20
331.7
 30
0.0
 40
2.2
 71
5
  1
0.80
  7
OpenSansCondensed-Light
  0
POINT
  5
2AC
330
2A1
100
AcDbEntity
  8
Defpoints
100
AcDbPoint
 10
402.6
 20
330.0
 30
0.0
  0
POINT
  5
2AD
330
2A1
100
AcDbEntity
  8
Defpoints
100
AcDbPoint
 10
402.6
 20
342.0
 30
0.0
  0
POINT
  5
2AE
330
2A1
100
AcDbEntity
  8
Defpoints
100
AcDbPoint
 10
418.6
 20
342.0
 30
0.0
  0
ENDBLK
  5
2A3
330
2A1
100
AcDbEntity
  8
0
100
AcDbBlockEnd
  0
BLOCK
  5
2B1
330
2B0
100
AcDbEntity
  8
0
100
AcDbBlockBegin
  2
*D21
 70
1
 10
0.0
 20
0.0
 30
0.0
  3
*D21
  1

  0
LINE
  5
2B3
330
2B0
100
AcDbEntity
  8
0
100
AcDbLine
 10
418.6
 20
341.2
 30
0.0
 11
418.6
 21
329.0
 31
0.0
  0
LINE
  5
2B4
330
2B0
100
AcDbEntity
  8
0
100
AcDbLine
 10
463.2
 20
341.2
 30
0.0
 11
463.2
 21
329.0
 31
0.0
  0
INSERT
  5
2B5
330
2B0
100
AcDbEntity
  8
COTAS
100
AcDbBlockReference
  2
_ARCHTICK
 10
418.6
 20
330.0
 30
0.0
 41
1.8
 42
1.8
 50
180.0
  0
INSERT
  5
2B7
330
2B0
100
AcDbEntity
  8
COTAS
100
AcDbBlockReference
  2
_ARCHTICK
 10
463.2
 20
330.0
 30
0.0
 41
1.8
 42
1.8
  0
LINE
  5
2B9
330
2B0
100
AcDbEntity
  8
0
100
AcDbLine
 10
418.6
 20
330.0
 30
0.0
 11
463.2
 21
330.0
 31
0.0
  0
MTEXT
  5
2BA
330
2B0
100
AcDbEntity
  8
COTAS
 62
3
100
AcDbMText
 10
440.9
 20
331.7
 30
0.0
 40
2.2
 71
5
  1
2.23
  7
OpenSansCondensed-Light
  0
POINT
  5
2BB
330
2B0
100
AcDbEntity
  8
Defpoints
100
AcDbPoint
 10
418.6
 20
330.0
 30
0.0
  0
POINT
  5
2BC
330
2B0
100
AcDbEntity
  8
Defpoints
100
AcDbPoint
 10
418.6
 20
342.0
 30
0.0
  0
POINT
  5
2BD
330
2B0
100
AcDbEntity
  8
Defpoints
100
AcDbPoint
 10
463.2
 20
342.0
 30
0.0
  0
ENDBLK
  5
2B2
330
2B0
100
AcDbEntity
  8
0
100
AcDbBlockEnd
  0
BLOCK
  5
2C0
330
2BF
100
AcDbEntity
  8
0
100
AcDbBlockBegin
  2
*D22
 70
1
 10
0.0
 20
0.0
 30
0.0
  3
*D22
  1

  0
LINE
  5
2C2
330
2BF
100
AcDbEntity
  8
0
100
AcDbLine
 10
463.2
 20
341.2
 30
0.0
 11
463.2
 21
329.0
 31
0.0
  0
LINE
  5
2C3
330
2BF
100
AcDbEntity
  8
0
100
AcDbLine
 10
487.2
 20
341.2
 30
0.0
 11
487.2
 21
329.0
 31
0.0
  0
INSERT
  5
2C4
330
2BF
100
AcDbEntity
  8
COTAS
100
AcDbBlockReference
  2
_ARCHTICK
 10
463.2
 20
330.0
 30
0.0
 41
1.8
 42
1.8
 50
180.0
  0
INSERT
  5
2C6
330
2BF
100
AcDbEntity
  8
COTAS
100
AcDbBlockReference
  2
_ARCHTICK
 10
487.2
 20
330.0
 30
0.0
 41
1.8
 42
1.8
  0
LINE
  5
2C8
330
2BF
100
AcDbEntity
  8
0
100
AcDbLine
 10
463.2
 20
330.0
 30
0.0
 11
487.2
 21
330.0
 31
0.0
  0
MTEXT
  5
2C9
330
2BF
100
AcDbEntity
  8
COTAS
 62
3
100
AcDbMText
 10
475.2
 20
331.7
 30
0.0
 40
2.2
 71
5
  1
1.20
  7
OpenSansCondensed-Light
  0
POINT
  5
2CA
330
2BF
100
AcDbEntity
  8
Defpoints
100
AcDbPoint
 10
463.2
 20
330.0
 30
0.0
  0
POINT
  5
2CB
330
2BF
100
AcDbEntity
  8
Defpoints
100
AcDbPoint
 10
463.2
 20
342.0
 30
0.0
  0
POINT
  5
2CC
330
2BF
100
AcDbEntity
  8
Defpoints
100
AcDbPoint
 10
487.2
 20
342.0
 30
0.0
  0
ENDBLK
  5
2C1
330
2BF
100
AcDbEntity
  8
0
100
AcDbBlockEnd
  0
BLOCK
  5
2CF
330
2CE
100
AcDbEntity
  8
0
100
AcDbBlockBegin
  2
*D23
 70
1
 10
0.0
 20
0.0
 30
0.0
  3
*D23
  1

  0
LINE
  5
2D1
330
2CE
100
AcDbEntity
  8
0
100
AcDbLine
 10
487.2
 20
341.2
 30
0.0
 11
487.2
 21
329.0
 31
0.0
  0
LINE
  5
2D2
330
2CE
100
AcDbEntity
  8
0
100
AcDbLine
 10
519.6
 20
341.2
 30
0.0
 11
519.6
 21
329.0
 31
0.0
  0
INSERT
  5
2D3
330
2CE
100
AcDbEntity
  8
COTAS
100
AcDbBlockReference
  2
_ARCHTICK
 10
487.2
 20
330.0
 30
0.0
 41
1.8
 42
1.8
 50
180.0
  0
INSERT
  5
2D5
330
2CE
100
AcDbEntity
  8
COTAS
100
AcDbBlockReference
  2
_ARCHTICK
 10
519.6
 20
330.0
 30
0.0
 41
1.8
 42
1.8
  0
LINE
  5
2D7
330
2CE
100
AcDbEntity
  8
0
100
AcDbLine
 10
487.2
 20
330.0
 30
0.0
 11
519.6
 21
330.0
 31
0.0
  0
MTEXT
  5
2D8
330
2CE
100
AcDbEntity
  8
COTAS
 62
3
100
AcDbMText
 10
503.4
 20
331.7
 30
0.0
 40
2.2
 71
5
  1
1.62
  7
OpenSansCondensed-Light
  0
POINT
  5
2D9
330
2CE
100
AcDbEntity
  8
Defpoints
100
AcDbPoint
 10
487.2
 20
330.0
 30
0.0
  0
POINT
  5
2DA
330
2CE
100
AcDbEntity
  8
Defpoints
100
AcDbPoint
 10
487.2
 20
342.0
 30
0.0
  0
POINT
  5
2DB
330
2CE
100
AcDbEntity
  8
Defpoints
100
AcDbPoint
 10
519.6
 20
342.0
 30
0.0
  0
ENDBLK
  5
2D0
330
2CE
100
AcDbEntity
  8
0
100
AcDbBlockEnd
  0
BLOCK
  5
2DE
330
2DD
100
AcDbEntity
  8
0
100
AcDbBlockBegin
  2
*D24
 70
1
 10
0.0
 20
0.0
 30
0.0
  3
*D24
  1

  0
LINE
  5
2E0
330
2DD
100
AcDbEntity
  8
0
100
AcDbLine
 10
322.0
 20
341.2
 30
0.0
 11
322.0
 21
317.0
 31
0.0
  0
LINE
  5
2E1
330
2DD
100
AcDbEntity
  8
0
100
AcDbLine
 10
519.6
 20
341.2
 30
0.0
 11
519.6
 21
317.0
 31
0.0
  0
INSERT
  5
2E2
330
2DD
100
AcDbEntity
  8
COTAS
100
AcDbBlockReference
  2
_ARCHTICK
 10
322.0
 20
318.0
 30
0.0
 41
1.8
 42
1.8
 50
180.0
  0
INSERT
  5
2E4
330
2DD
100
AcDbEntity
  8
COTAS
100
AcDbBlockReference
  2
_ARCHTICK
 10
519.6
 20
318.0
 30
0.0
 41
1.8
 42
1.8
  0
LINE
  5
2E6
330
2DD
100
AcDbEntity
  8
0
100
AcDbLine
 10
322.0
 20
318.0
 30
0.0
 11
519.6
 21
318.0
 31
0.0
  0
MTEXT
  5
2E7
330
2DD
100
AcDbEntity
  8
COTAS
 62
3
100
AcDbMText
 10
420.8
 20
319.7
 30
0.0
 40
2.2
 71
5
  1
9.88
  7
OpenSansCondensed-Light
  0
POINT
  5
2E8
330
2DD
100
AcDbEntity
  8
Defpoints
100
AcDbPoint
 10
322.0
 20
318.0
 30
0.0
  0
POINT
  5
2E9
330
2DD
100
AcDbEntity
  8
Defpoints
100
AcDbPoint
 10
322.0
 20
342.0
 30
0.0
  0
POINT
  5
2EA
330
2DD
100
AcDbEntity
  8
Defpoints
100
AcDbPoint
 10
519.6
 20
342.0
 30
0.0
  0
ENDBLK
  5
2DF
330
2DD
100
AcDbEntity
  8
0
100
AcDbBlockEnd
  0
BLOCK
  5
2ED
330
2EC
100
AcDbEntity
  8
0
100
AcDbBlockBegin
  2
*D25
 70
1
 10
0.0
 20
0.0
 30
0.0
  3
*D25
  1

  0
LINE
  5
2EF
330
2EC
100
AcDbEntity
  8
0
100
AcDbLine
 10
520.4
 20
342.0
 30
0.0
 11
532.6
 21
342.0
 31
0.0
  0
LINE
  5
2F0
330
2EC
100
AcDbEntity
  8
0
100
AcDbLine
 10
520.4
 20
350.0
 30
0.0
 11
532.6
 21
350.0
 31
0.0
  0
INSERT
  5
2F1
330
2EC
100
AcDbEntity
  8
COTAS
100
AcDbBlockReference
  2
_ARCHTICK
 10
531.6
 20
342.0
 30
0.0
 41
1.8
 42
1.8
 50
270.0
  0
INSERT
  5
2F3
330
2EC
100
AcDbEntity
  8
COTAS
100
AcDbBlockReference
  2
_ARCHTICK
 10
531.6
 20
350.0
 30
0.0
 41
1.8
 42
1.8
 50
90.0
  0
LINE
  5
2F5
330
2EC
100
AcDbEntity
  8
0
100
AcDbLine
 10
531.6
 20
342.0
 30
0.0
 11
531.6
 21
350.0
 31
0.0
  0
MTEXT
  5
2F6
330
2EC
100
AcDbEntity
  8
COTAS
 62
3
100
AcDbMText
 10
528.9
 20
346.0
 30
0.0
 40
2.2
 71
5
  1
0.40
  7
OpenSansCondensed-Light
 50
90.0
  0
POINT
  5
2F7
330
2EC
100
AcDbEntity
  8
Defpoints
100
AcDbPoint
 10
531.6
 20
342.0
 30
0.0
  0
POINT
  5
2F8
330
2EC
100
AcDbEntity
  8
Defpoints
100
AcDbPoint
 10
519.6
 20
342.0
 30
0.0
  0
POINT
  5
2F9
330
2EC
100
AcDbEntity
  8
Defpoints
100
AcDbPoint
 10
519.6
 20
350.0
 30
0.0
  0
ENDBLK
  5
2EE
330
2EC
100
AcDbEntity
  8
0
100
AcDbBlockEnd
  0
BLOCK
  5
2FC
330
2FB
100
AcDbEntity
  8
0
100
AcDbBlockBegin
  2
*D26
 70
1
 10
0.0
 20
0.0
 30
0.0
  3
*D26
  1

  0
LINE
  5
2FE
330
2FB
100
AcDbEntity
  8
0
100
AcDbLine
 10
520.4
 20
350.0
 30
0.0
 11
532.6
 21
350.0
 31
0.0
  0
LINE
  5
2FF
330
2FB
100
AcDbEntity
  8
0
100
AcDbLine
 10
520.4
 20
412.0
 30
0.0
 11
532.6
 21
412.0
 31
0.0
  0
INSERT
  5
300
330
2FB
100
AcDbEntity
  8
COTAS
100
AcDbBlockReference
  2
_ARCHTICK
 10
531.6
 20
350.0
 30
0.0
 41
1.8
 42
1.8
 50
270.0
  0
INSERT
  5
302
330
2FB
100
AcDbEntity
  8
COTAS
100
AcDbBlockReference
  2
_ARCHTICK
 10
531.6
 20
412.0
 30
0.0
 41
1.8
 42
1.8
 50
90.0
  0
LINE
  5
304
330
2FB
100
AcDbEntity
  8
0
100
AcDbLine
 10
531.6
 20
350.0
 30
0.0
 11
531.6
 21
412.0
 31
0.0
  0
MTEXT
  5
305
330
2FB
100
AcDbEntity
  8
COTAS
 62
3
100
AcDbMText
 10
529.9
 20
381.0
 30
0.0
 40
2.2
 71
5
  1
3.10
  7
OpenSansCondensed-Light
 50
90.0
  0
POINT
  5
306
330
2FB
100
AcDbEntity
  8
Defpoints
100
AcDbPoint
 10
531.6
 20
350.0
 30
0.0
  0
POINT
  5
307
330
2FB
100
AcDbEntity
  8
Defpoints
100
AcDbPoint
 10
519.6
 20
350.0
 30
0.0
  0
POINT
  5
308
330
2FB
100
AcDbEntity
  8
Defpoints
100
AcDbPoint
 10
519.6
 20
412.0
 30
0.0
  0
ENDBLK
  5
2FD
330
2FB
100
AcDbEntity
  8
0
100
AcDbBlockEnd
  0
BLOCK
  5
30B
330
30A
100
AcDbEntity
  8
0
100
AcDbBlockBegin
  2
*D27
 70
1
 10
0.0
 20
0.0
 30
0.0
  3
*D27
  1

  0
LINE
  5
30D
330
30A
100
AcDbEntity
  8
0
100
AcDbLine
 10
520.4
 20
412.0
 30
0.0
 11
532.6
 21
412.0
 31
0.0
  0
LINE
  5
30E
330
30A
100
AcDbEntity
  8
0
100
AcDbLine
 10
520.4
 20
418.0
 30
0.0
 11
532.6
 21
418.0
 31
0.0
  0
INSERT
  5
30F
330
30A
100
AcDbEntity
  8
COTAS
100
AcDbBlockReference
  2
_ARCHTICK
 10
531.6
 20
412.0
 30
0.0
 41
1.8
 42
1.8
 50
270.0
  0
INSERT
  5
311
330
30A
100
AcDbEntity
  8
COTAS
100
AcDbBlockReference
  2
_ARCHTICK
 10
531.6
 20
418.0
 30
0.0
 41
1.8
 42
1.8
 50
90.0
  0
LINE
  5
313
330
30A
100
AcDbEntity
  8
0
100
AcDbLine
 10
531.6
 20
412.0
 30
0.0
 11
531.6
 21
418.0
 31
0.0
  0
MTEXT
  5
314
330
30A
100
AcDbEntity
  8
COTAS
 62
3
100
AcDbMText
 10
528.9
 20
415.0
 30
0.0
 40
2.2
 71
5
  1
0.30
  7
OpenSansCondensed-Light
 50
90.0
  0
POINT
  5
315
330
30A
100
AcDbEntity
  8
Defpoints
100
AcDbPoint
 10
531.6
 20
412.0
 30
0.0
  0
POINT
  5
316
330
30A
100
AcDbEntity
  8
Defpoints
100
AcDbPoint
 10
519.6
 20
412.0
 30
0.0
  0
POINT
  5
317
330
30A
100
AcDbEntity
  8
Defpoints
100
AcDbPoint
 10
519.6
 20
418.0
 30
0.0
  0
ENDBLK
  5
30C
330
30A
100
AcDbEntity
  8
0
100
AcDbBlockEnd
  0
BLOCK
  5
31A
330
319
100
AcDbEntity
  8
0
100
AcDbBlockBegin
  2
*D28
 70
1
 10
0.0
 20
0.0
 30
0.0
  3
*D28
  1

  0
LINE
  5
31C
330
319
100
AcDbEntity
  8
0
100
AcDbLine
 10
520.4
 20
418.0
 30
0.0
 11
532.6
 21
418.0
 31
0.0
  0
LINE
  5
31D
330
319
100
AcDbEntity
  8
0
100
AcDbLine
 10
520.4
 20
478.0
 30
0.0
 11
532.6
 21
478.0
 31
0.0
  0
INSERT
  5
31E
330
319
100
AcDbEntity
  8
COTAS
100
AcDbBlockReference
  2
_ARCHTICK
 10
531.6
 20
418.0
 30
0.0
 41
1.8
 42
1.8
 50
270.0
  0
INSERT
  5
320
330
319
100
AcDbEntity
  8
COTAS
100
AcDbBlockReference
  2
_ARCHTICK
 10
531.6
 20
478.0
 30
0.0
 41
1.8
 42
1.8
 50
90.0
  0
LINE
  5
322
330
319
100
AcDbEntity
  8
0
100
AcDbLine
 10
531.6
 20
418.0
 30
0.0
 11
531.6
 21
478.0
 31
0.0
  0
MTEXT
  5
323
330
319
100
AcDbEntity
  8
COTAS
 62
3
100
AcDbMText
 10
529.9
 20
448.0
 30
0.0
 40
2.2
 71
5
  1
3.00
  7
OpenSansCondensed-Light
 50
90.0
  0
POINT
  5
324
330
319
100
AcDbEntity
  8
Defpoints
100
AcDbPoint
 10
531.6
 20
418.0
 30
0.0
  0
POINT
  5
325
330
319
100
AcDbEntity
  8
Defpoints
100
AcDbPoint
 10
519.6
 20
418.0
 30
0.0
  0
POINT
  5
326
330
319
100
AcDbEntity
  8
Defpoints
100
AcDbPoint
 10
519.6
 20
478.0
 30
0.0
  0
ENDBLK
  5
31B
330
319
100
AcDbEntity
  8
0
100
AcDbBlockEnd
  0
BLOCK
  5
329
330
328
100
AcDbEntity
  8
0
100
AcDbBlockBegin
  2
*D29
 70
1
 10
0.0
 20
0.0
 30
0.0
  3
*D29
  1

  0
LINE
  5
32B
330
328
100
AcDbEntity
  8
0
100
AcDbLine
 10
520.4
 20
478.0
 30
0.0
 11
532.6
 21
478.0
 31
0.0
  0
LINE
  5
32C
330
328
100
AcDbEntity
  8
0
100
AcDbLine
 10
520.4
 20
486.0
 30
0.0
 11
532.6
 21
486.0
 31
0.0
  0
INSERT
  5
32D
330
328
100
AcDbEntity
  8
COTAS
100
AcDbBlockReference
  2
_ARCHTICK
 10
531.6
 20
478.0
 30
0.0
 41
1.8
 42
1.8
 50
270.0
  0
INSERT
  5
32F
330
328
100
AcDbEntity
  8
COTAS
100
AcDbBlockReference
  2
_ARCHTICK
 10
531.6
 20
486.0
 30
0.0
 41
1.8
 42
1.8
 50
90.0
  0
LINE
  5
331
330
328
100
AcDbEntity
  8
0
100
AcDbLine
 10
531.6
 20
478.0
 30
0.0
 11
531.6
 21
486.0
 31
0.0
  0
MTEXT
  5
332
330
328
100
AcDbEntity
  8
COTAS
 62
3
100
AcDbMText
 10
528.9
 20
482.0
 30
0.0
 40
2.2
 71
5
  1
0.40
  7
OpenSansCondensed-Light
 50
90.0
  0
POINT
  5
333
330
328
100
AcDbEntity
  8
Defpoints
100
AcDbPoint
 10
531.6
 20
478.0
 30
0.0
  0
POINT
  5
334
330
328
100
AcDbEntity
  8
Defpoints
100
AcDbPoint
 10
519.6
 20
478.0
 30
0.0
  0
POINT
  5
335
330
328
100
AcDbEntity
  8
Defpoints
100
AcDbPoint
 10
519.6
 20
486.0
 30
0.0
  0
ENDBLK
  5
32A
330
328
100
AcDbEntity
  8
0
100
AcDbBlockEnd
  0
BLOCK
  5
338
330
337
100
AcDbEntity
  8
0
100
AcDbBlockBegin
  2
*D30
 70
1
 10
0.0
 20
0.0
 30
0.0
  3
*D30
  1

  0
LINE
  5
33A
330
337
100
AcDbEntity
  8
0
100
AcDbLine
 10
520.4
 20
486.0
 30
0.0
 11
532.6
 21
486.0
 31
0.0
  0
LINE
  5
33B
330
337
100
AcDbEntity
  8
0
100
AcDbLine
 10
520.4
 20
544.0
 30
0.0
 11
532.6
 21
544.0
 31
0.0
  0
INSERT
  5
33C
330
337
100
AcDbEntity
  8
COTAS
100
AcDbBlockReference
  2
_ARCHTICK
 10
531.6
 20
486.0
 30
0.0
 41
1.8
 42
1.8
 50
270.0
  0
INSERT
  5
33E
330
337
100
AcDbEntity
  8
COTAS
100
AcDbBlockReference
  2
_ARCHTICK
 10
531.6
 20
544.0
 30
0.0
 41
1.8
 42
1.8
 50
90.0
  0
LINE
  5
340
330
337
100
AcDbEntity
  8
0
100
AcDbLine
 10
531.6
 20
486.0
 30
0.0
 11
531.6
 21
544.0
 31
0.0
  0
MTEXT
  5
341
330
337
100
AcDbEntity
  8
COTAS
 62
3
100
AcDbMText
 10
529.9
 20
515.0
 30
0.0
 40
2.2
 71
5
  1
2.90
  7
OpenSansCondensed-Light
 50
90.0
  0
POINT
  5
342
330
337
100
AcDbEntity
  8
Defpoints
100
AcDbPoint
 10
531.6
 20
486.0
 30
0.0
  0
POINT
  5
343
330
337
100
AcDbEntity
  8
Defpoints
100
AcDbPoint
 10
519.6
 20
486.0
 30
0.0
  0
POINT
  5
344
330
337
100
AcDbEntity
  8
Defpoints
100
AcDbPoint
 10
519.6
 20
544.0
 30
0.0
  0
ENDBLK
  5
339
330
337
100
AcDbEntity
  8
0
100
AcDbBlockEnd
  0
BLOCK
  5
347
330
346
100
AcDbEntity
  8
0
100
AcDbBlockBegin
  2
*D31
 70
1
 10
0.0
 20
0.0
 30
0.0
  3
*D31
  1

  0
LINE
  5
349
330
346
100
AcDbEntity
  8
0
100
AcDbLine
 10
520.4
 20
342.0
 30
0.0
 11
544.6
 21
342.0
 31
0.0
  0
LINE
  5
34A
330
346
100
AcDbEntity
  8
0
100
AcDbLine
 10
520.4
 20
486.0
 30
0.0
 11
544.6
 21
486.0
 31
0.0
  0
INSERT
  5
34B
330
346
100
AcDbEntity
  8
COTAS
100
AcDbBlockReference
  2
_ARCHTICK
 10
543.6
 20
342.0
 30
0.0
 41
1.8
 42
1.8
 50
270.0
  0
INSERT
  5
34D
330
346
100
AcDbEntity
  8
COTAS
100
AcDbBlockReference
  2
_ARCHTICK
 10
543.6
 20
486.0
 30
0.0
 41
1.8
 42
1.8
 50
90.0
  0
LINE
  5
34F
330
346
100
AcDbEntity
  8
0
100
AcDbLine
 10
543.6
 20
342.0
 30
0.0
 11
543.6
 21
486.0
 31
0.0
  0
MTEXT
  5
350
330
346
100
AcDbEntity
  8
COTAS
 62
3
100
AcDbMText
 10
541.9
 20
414.0
 30
0.0
 40
2.2
 71
5
  1
7.20
  7
OpenSansCondensed-Light
 50
90.0
  0
POINT
  5
351
330
346
100
AcDbEntity
  8
Defpoints
100
AcDbPoint
 10
543.6
 20
342.0
 30
0.0
  0
POINT
  5
352
330
346
100
AcDbEntity
  8
Defpoints
100
AcDbPoint
 10
519.6
 20
342.0
 30
0.0
  0
POINT
  5
353
330
346
100
AcDbEntity
  8
Defpoints
100
AcDbPoint
 10
519.6
 20
486.0
 30
0.0
  0
ENDBLK
  5
348
330
346
100
AcDbEntity
  8
0
100
AcDbBlockEnd
  0
BLOCK
  5
356
330
355
100
AcDbEntity
  8
0
100
AcDbBlockBegin
  2
*D32
 70
1
 10
0.0
 20
0.0
 30
0.0
  3
*D32
  1

  0
LINE
  5
358
330
355
100
AcDbEntity
  8
0
100
AcDbLine
 10
352.7
 20
544.8
 30
0.0
 11
352.7
 21
557.0
 31
0.0
  0
LINE
  5
359
330
355
100
AcDbEntity
  8
0
100
AcDbLine
 10
488.9
 20
544.8
 30
0.0
 11
488.9
 21
557.0
 31
0.0
  0
INSERT
  5
35A
330
355
100
AcDbEntity
  8
COTAS
100
AcDbBlockReference
  2
_ARCHTICK
 10
352.7
 20
556.0
 30
0.0
 41
1.8
 42
1.8
 50
180.0
  0
INSERT
  5
35C
330
355
100
AcDbEntity
  8
COTAS
100
AcDbBlockReference
  2
_ARCHTICK
 10
488.9
 20
556.0
 30
0.0
 41
1.8
 42
1.8
  0
LINE
  5
35E
330
355
100
AcDbEntity
  8
0
100
AcDbLine
 10
352.7
 20
556.0
 30
0.0
 11
488.9
 21
556.0
 31
0.0
  0
MTEXT
  5
35F
330
355
100
AcDbEntity
  8
COTAS
 62
3
100
AcDbMText
 10
420.79999999999995
 20
557.7
 30
0.0
 40
2.2
 71
5
  1
6.81
  7
OpenSansCondensed-Light
  0
POINT
  5
360
330
355
100
AcDbEntity
  8
Defpoints
100
AcDbPoint
 10
352.7
 20
556.0
 30
0.0
  0
POINT
  5
361
330
355
100
AcDbEntity
  8
Defpoints
100
AcDbPoint
 10
352.7
 20
544.0
 30
0.0
  0
POINT
  5
362
330
355
100
AcDbEntity
  8
Defpoints
100
AcDbPoint
 10
488.9
 20
544.0
 30
0.0
  0
ENDBLK
  5
357
330
355
100
AcDbEntity
  8
0
100
AcDbBlockEnd
  0
BLOCK
  5
387
330
386
100
AcDbEntity
  8
0
100
AcDbBlockBegin
  2
*D33
 70
1
 10
0.0
 20
0.0
 30
0.0
  3
*D33
  1

  0
LINE
  5
389
330
386
100
AcDbEntity
  8
0
100
AcDbLine
 10
591.2
 20
342.0
 30
0.0
 11
579.0
 21
342.0
 31
0.0
  0
LINE
  5
38A
330
386
100
AcDbEntity
  8
0
100
AcDbLine
 10
591.2
 20
354.0
 30
0.0
 11
579.0
 21
354.0
 31
0.0
  0
INSERT
  5
38B
330
386
100
AcDbEntity
  8
COTAS
100
AcDbBlockReference
  2
_ARCHTICK
 10
580.0
 20
342.0
 30
0.0
 41
1.8
 42
1.8
 50
270.0
  0
INSERT
  5
38D
330
386
100
AcDbEntity
  8
COTAS
100
AcDbBlockReference
  2
_ARCHTICK
 10
580.0
 20
354.0
 30
0.0
 41
1.8
 42
1.8
 50
90.0
  0
LINE
  5
38F
330
386
100
AcDbEntity
  8
0
100
AcDbLine
 10
580.0
 20
342.0
 30
0.0
 11
580.0
 21
354.0
 31
0.0
  0
MTEXT
  5
390
330
386
100
AcDbEntity
  8
COTAS
 62
3
100
AcDbMText
 10
578.3
 20
348.0
 30
0.0
 40
2.2
 71
5
  1
0.60
  7
OpenSansCondensed-Light
 50
90.0
  0
POINT
  5
391
330
386
100
AcDbEntity
  8
Defpoints
100
AcDbPoint
 10
580.0
 20
342.0
 30
0.0
  0
POINT
  5
392
330
386
100
AcDbEntity
  8
Defpoints
100
AcDbPoint
 10
592.0
 20
342.0
 30
0.0
  0
POINT
  5
393
330
386
100
AcDbEntity
  8
Defpoints
100
AcDbPoint
 10
592.0
 20
354.0
 30
0.0
  0
ENDBLK
  5
388
330
386
100
AcDbEntity
  8
0
100
AcDbBlockEnd
  0
BLOCK
  5
396
330
395
100
AcDbEntity
  8
0
100
AcDbBlockBegin
  2
*D34
 70
1
 10
0.0
 20
0.0
 30
0.0
  3
*D34
  1

  0
LINE
  5
398
330
395
100
AcDbEntity
  8
0
100
AcDbLine
 10
591.2
 20
354.0
 30
0.0
 11
579.0
 21
354.0
 31
0.0
  0
LINE
  5
399
330
395
100
AcDbEntity
  8
0
100
AcDbLine
 10
591.2
 20
414.2
 30
0.0
 11
579.0
 21
414.2
 31
0.0
  0
INSERT
  5
39A
330
395
100
AcDbEntity
  8
COTAS
100
AcDbBlockReference
  2
_ARCHTICK
 10
580.0
 20
354.0
 30
0.0
 41
1.8
 42
1.8
 50
270.0
  0
INSERT
  5
39C
330
395
100
AcDbEntity
  8
COTAS
100
AcDbBlockReference
  2
_ARCHTICK
 10
580.0
 20
414.2
 30
0.0
 41
1.8
 42
1.8
 50
90.0
  0
LINE
  5
39E
330
395
100
AcDbEntity
  8
0
100
AcDbLine
 10
580.0
 20
354.0
 30
0.0
 11
580.0
 21
414.2
 31
0.0
  0
MTEXT
  5
39F
330
395
100
AcDbEntity
  8
COTAS
 62
3
100
AcDbMText
 10
578.3
 20
384.1
 30
0.0
 40
2.2
 71
5
  1
3.01
  7
OpenSansCondensed-Light
 50
90.0
  0
POINT
  5
3A0
330
395
100
AcDbEntity
  8
Defpoints
100
AcDbPoint
 10
580.0
 20
354.0
 30
0.0
  0
POINT
  5
3A1
330
395
100
AcDbEntity
  8
Defpoints
100
AcDbPoint
 10
592.0
 20
354.0
 30
0.0
  0
POINT
  5
3A2
330
395
100
AcDbEntity
  8
Defpoints
100
AcDbPoint
 10
592.0
 20
414.2
 30
0.0
  0
ENDBLK
  5
397
330
395
100
AcDbEntity
  8
0
100
AcDbBlockEnd
  0
BLOCK
  5
3A5
330
3A4
100
AcDbEntity
  8
0
100
AcDbBlockBegin
  2
*D35
 70
1
 10
0.0
 20
0.0
 30
0.0
  3
*D35
  1

  0
LINE
  5
3A7
330
3A4
100
AcDbEntity
  8
0
100
AcDbLine
 10
591.2
 20
414.2
 30
0.0
 11
579.0
 21
414.2
 31
0.0
  0
LINE
  5
3A8
330
3A4
100
AcDbEntity
  8
0
100
AcDbLine
 10
591.2
 20
419.2
 30
0.0
 11
579.0
 21
419.2
 31
0.0
  0
INSERT
  5
3A9
330
3A4
100
AcDbEntity
  8
COTAS
100
AcDbBlockReference
  2
_ARCHTICK
 10
580.0
 20
414.2
 30
0.0
 41
1.8
 42
1.8
 50
270.0
  0
INSERT
  5
3AB
330
3A4
100
AcDbEntity
  8
COTAS
100
AcDbBlockReference
  2
_ARCHTICK
 10
580.0
 20
419.2
 30
0.0
 41
1.8
 42
1.8
 50
90.0
  0
LINE
  5
3AD
330
3A4
100
AcDbEntity
  8
0
100
AcDbLine
 10
580.0
 20
414.2
 30
0.0
 11
580.0
 21
419.2
 31
0.0
  0
MTEXT
  5
3AE
330
3A4
100
AcDbEntity
  8
COTAS
 62
3
100
AcDbMText
 10
577.3
 20
416.7
 30
0.0
 40
2.2
 71
5
  1
0.25
  7
OpenSansCondensed-Light
 50
90.0
  0
POINT
  5
3AF
330
3A4
100
AcDbEntity
  8
Defpoints
100
AcDbPoint
 10
580.0
 20
414.2
 30
0.0
  0
POINT
  5
3B0
330
3A4
100
AcDbEntity
  8
Defpoints
100
AcDbPoint
 10
592.0
 20
414.2
 30
0.0
  0
POINT
  5
3B1
330
3A4
100
AcDbEntity
  8
Defpoints
100
AcDbPoint
 10
592.0
 20
419.2
 30
0.0
  0
ENDBLK
  5
3A6
330
3A4
100
AcDbEntity
  8
0
100
AcDbBlockEnd
  0
BLOCK
  5
3B4
330
3B3
100
AcDbEntity
  8
0
100
AcDbBlockBegin
  2
*D36
 70
1
 10
0.0
 20
0.0
 30
0.0
  3
*D36
  1

  0
LINE
  5
3B6
330
3B3
100
AcDbEntity
  8
0
100
AcDbLine
 10
591.2
 20
419.2
 30
0.0
 11
579.0
 21
419.2
 31
0.0
  0
LINE
  5
3B7
330
3B3
100
AcDbEntity
  8
0
100
AcDbLine
 10
591.2
 20
473.2
 30
0.0
 11
579.0
 21
473.2
 31
0.0
  0
INSERT
  5
3B8
330
3B3
100
AcDbEntity
  8
COTAS
100
AcDbBlockReference
  2
_ARCHTICK
 10
580.0
 20
419.2
 30
0.0
 41
1.8
 42
1.8
 50
270.0
  0
INSERT
  5
3BA
330
3B3
100
AcDbEntity
  8
COTAS
100
AcDbBlockReference
  2
_ARCHTICK
 10
580.0
 20
473.2
 30
0.0
 41
1.8
 42
1.8
 50
90.0
  0
LINE
  5
3BC
330
3B3
100
AcDbEntity
  8
0
100
AcDbLine
 10
580.0
 20
419.2
 30
0.0
 11
580.0
 21
473.2
 31
0.0
  0
MTEXT
  5
3BD
330
3B3
100
AcDbEntity
  8
COTAS
 62
3
100
AcDbMText
 10
578.3
 20
446.2
 30
0.0
 40
2.2
 71
5
  1
2.70
  7
OpenSansCondensed-Light
 50
90.0
  0
POINT
  5
3BE
330
3B3
100
AcDbEntity
  8
Defpoints
100
AcDbPoint
 10
580.0
 20
419.2
 30
0.0
  0
POINT
  5
3BF
330
3B3
100
AcDbEntity
  8
Defpoints
100
AcDbPoint
 10
592.0
 20
419.2
 30
0.0
  0
POINT
  5
3C0
330
3B3
100
AcDbEntity
  8
Defpoints
100
AcDbPoint
 10
592.0
 20
473.2
 30
0.0
  0
ENDBLK
  5
3B5
330
3B3
100
AcDbEntity
  8
0
100
AcDbBlockEnd
  0
BLOCK
  5
3C3
330
3C2
100
AcDbEntity
  8
0
100
AcDbBlockBegin
  2
*D37
 70
1
 10
0.0
 20
0.0
 30
0.0
  3
*D37
  1

  0
LINE
  5
3C5
330
3C2
100
AcDbEntity
  8
0
100
AcDbLine
 10
591.2
 20
473.2
 30
0.0
 11
579.0
 21
473.2
 31
0.0
  0
LINE
  5
3C6
330
3C2
100
AcDbEntity
  8
0
100
AcDbLine
 10
591.2
 20
478.2
 30
0.0
 11
579.0
 21
478.2
 31
0.0
  0
INSERT
  5
3C7
330
3C2
100
AcDbEntity
  8
COTAS
100
AcDbBlockReference
  2
_ARCHTICK
 10
580.0
 20
473.2
 30
0.0
 41
1.8
 42
1.8
 50
270.0
  0
INSERT
  5
3C9
330
3C2
100
AcDbEntity
  8
COTAS
100
AcDbBlockReference
  2
_ARCHTICK
 10
580.0
 20
478.2
 30
0.0
 41
1.8
 42
1.8
 50
90.0
  0
LINE
  5
3CB
330
3C2
100
AcDbEntity
  8
0
100
AcDbLine
 10
580.0
 20
473.2
 30
0.0
 11
580.0
 21
478.2
 31
0.0
  0
MTEXT
  5
3CC
330
3C2
100
AcDbEntity
  8
COTAS
 62
3
100
AcDbMText
 10
577.3
 20
475.7
 30
0.0
 40
2.2
 71
5
  1
0.25
  7
OpenSansCondensed-Light
 50
90.0
  0
POINT
  5
3CD
330
3C2
100
AcDbEntity
  8
Defpoints
100
AcDbPoint
 10
580.0
 20
473.2
 30
0.0
  0
POINT
  5
3CE
330
3C2
100
AcDbEntity
  8
Defpoints
100
AcDbPoint
 10
592.0
 20
473.2
 30
0.0
  0
POINT
  5
3CF
330
3C2
100
AcDbEntity
  8
Defpoints
100
AcDbPoint
 10
592.0
 20
478.2
 30
0.0
  0
ENDBLK
  5
3C4
330
3C2
100
AcDbEntity
  8
0
100
AcDbBlockEnd
  0
BLOCK
  5
3D2
330
3D1
100
AcDbEntity
  8
0
100
AcDbBlockBegin
  2
*D38
 70
1
 10
0.0
 20
0.0
 30
0.0
  3
*D38
  1

  0
LINE
  5
3D4
330
3D1
100
AcDbEntity
  8
0
100
AcDbLine
 10
591.2
 20
478.2
 30
0.0
 11
579.0
 21
478.2
 31
0.0
  0
LINE
  5
3D5
330
3D1
100
AcDbEntity
  8
0
100
AcDbLine
 10
591.2
 20
510.20000000000005
 30
0.0
 11
579.0
 21
510.20000000000005
 31
0.0
  0
INSERT
  5
3D6
330
3D1
100
AcDbEntity
  8
COTAS
100
AcDbBlockReference
  2
_ARCHTICK
 10
580.0
 20
478.2
 30
0.0
 41
1.8
 42
1.8
 50
270.0
  0
INSERT
  5
3D8
330
3D1
100
AcDbEntity
  8
COTAS
100
AcDbBlockReference
  2
_ARCHTICK
 10
580.0
 20
510.20000000000005
 30
0.0
 41
1.8
 42
1.8
 50
90.0
  0
LINE
  5
3DA
330
3D1
100
AcDbEntity
  8
0
100
AcDbLine
 10
580.0
 20
478.2
 30
0.0
 11
580.0
 21
510.20000000000005
 31
0.0
  0
MTEXT
  5
3DB
330
3D1
100
AcDbEntity
  8
COTAS
 62
3
100
AcDbMText
 10
578.3
 20
494.20000000000005
 30
0.0
 40
2.2
 71
5
  1
1.60
  7
OpenSansCondensed-Light
 50
90.0
  0
POINT
  5
3DC
330
3D1
100
AcDbEntity
  8
Defpoints
100
AcDbPoint
 10
580.0
 20
478.2
 30
0.0
  0
POINT
  5
3DD
330
3D1
100
AcDbEntity
  8
Defpoints
100
AcDbPoint
 10
592.0
 20
478.2
 30
0.0
  0
POINT
  5
3DE
330
3D1
100
AcDbEntity
  8
Defpoints
100
AcDbPoint
 10
592.0
 20
510.20000000000005
 30
0.0
  0
ENDBLK
  5
3D3
330
3D1
100
AcDbEntity
  8
0
100
AcDbBlockEnd
  0
BLOCK
  5
3E1
330
3E0
100
AcDbEntity
  8
0
100
AcDbBlockBegin
  2
*D39
 70
1
 10
0.0
 20
0.0
 30
0.0
  3
*D39
  1

  0
LINE
  5
3E3
330
3E0
100
AcDbEntity
  8
0
100
AcDbLine
 10
591.2
 20
342.0
 30
0.0
 11
567.0
 21
342.0
 31
0.0
  0
LINE
  5
3E4
330
3E0
100
AcDbEntity
  8
0
100
AcDbLine
 10
591.2
 20
510.20000000000005
 30
0.0
 11
567.0
 21
510.20000000000005
 31
0.0
  0
INSERT
  5
3E5
330
3E0
100
AcDbEntity
  8
COTAS
100
AcDbBlockReference
  2
_ARCHTICK
 10
568.0
 20
342.0
 30
0.0
 41
1.8
 42
1.8
 50
270.0
  0
INSERT
  5
3E7
330
3E0
100
AcDbEntity
  8
COTAS
100
AcDbBlockReference
  2
_ARCHTICK
 10
568.0
 20
510.20000000000005
 30
0.0
 41
1.8
 42
1.8
 50
90.0
  0
LINE
  5
3E9
330
3E0
100
AcDbEntity
  8
0
100
AcDbLine
 10
568.0
 20
342.0
 30
0.0
 11
568.0
 21
510.20000000000005
 31
0.0
  0
MTEXT
  5
3EA
330
3E0
100
AcDbEntity
  8
COTAS
 62
3
100
AcDbMText
 10
566.3
 20
426.1
 30
0.0
 40
2.2
 71
5
  1
8.41
  7
OpenSansCondensed-Light
 50
90.0
  0
POINT
  5
3EB
330
3E0
100
AcDbEntity
  8
Defpoints
100
AcDbPoint
 10
568.0
 20
342.0
 30
0.0
  0
POINT
  5
3EC
330
3E0
100
AcDbEntity
  8
Defpoints
100
AcDbPoint
 10
592.0
 20
342.0
 30
0.0
  0
POINT
  5
3ED
330
3E0
100
AcDbEntity
  8
Defpoints
100
AcDbPoint
 10
592.0
 20
510.20000000000005
 30
0.0
  0
ENDBLK
  5
3E2
330
3E0
100
AcDbEntity
  8
0
100
AcDbBlockEnd
  0
BLOCK
  5
3F0
330
3EF
100
AcDbEntity
  8
0
100
AcDbBlockBegin
  2
*D40
 70
1
 10
0.0
 20
0.0
 30
0.0
  3
*D40
  1

  0
LINE
  5
3F2
330
3EF
100
AcDbEntity
  8
0
100
AcDbLine
 10
592.0
 20
341.2
 30
0.0
 11
592.0
 21
329.0
 31
0.0
  0
LINE
  5
3F3
330
3EF
100
AcDbEntity
  8
0
100
AcDbLine
 10
600.0
 20
341.2
 30
0.0
 11
600.0
 21
329.0
 31
0.0
  0
INSERT
  5
3F4
330
3EF
100
AcDbEntity
  8
COTAS
100
AcDbBlockReference
  2
_ARCHTICK
 10
592.0
 20
330.0
 30
0.0
 41
1.8
 42
1.8
 50
180.0
  0
INSERT
  5
3F6
330
3EF
100
AcDbEntity
  8
COTAS
100
AcDbBlockReference
  2
_ARCHTICK
 10
600.0
 20
330.0
 30
0.0
 41
1.8
 42
1.8
  0
LINE
  5
3F8
330
3EF
100
AcDbEntity
  8
0
100
AcDbLine
 10
592.0
 20
330.0
 30
0.0
 11
600.0
 21
330.0
 31
0.0
  0
MTEXT
  5
3F9
330
3EF
100
AcDbEntity
  8
COTAS
 62
3
100
AcDbMText
 10
596.0
 20
332.7
 30
0.0
 40
2.2
 71
5
  1
0.40
  7
OpenSansCondensed-Light
  0
POINT
  5
3FA
330
3EF
100
AcDbEntity
  8
Defpoints
100
AcDbPoint
 10
592.0
 20
330.0
 30
0.0
  0
POINT
  5
3FB
330
3EF
100
AcDbEntity
  8
Defpoints
100
AcDbPoint
 10
592.0
 20
342.0
 30
0.0
  0
POINT
  5
3FC
330
3EF
100
AcDbEntity
  8
Defpoints
100
AcDbPoint
 10
600.0
 20
342.0
 30
0.0
  0
ENDBLK
  5
3F1
330
3EF
100
AcDbEntity
  8
0
100
AcDbBlockEnd
  0
BLOCK
  5
3FF
330
3FE
100
AcDbEntity
  8
0
100
AcDbBlockBegin
  2
*D41
 70
1
 10
0.0
 20
0.0
 30
0.0
  3
*D41
  1

  0
LINE
  5
401
330
3FE
100
AcDbEntity
  8
0
100
AcDbLine
 10
600.0
 20
341.2
 30
0.0
 11
600.0
 21
329.0
 31
0.0
  0
LINE
  5
402
330
3FE
100
AcDbEntity
  8
0
100
AcDbLine
 10
662.0
 20
341.2
 30
0.0
 11
662.0
 21
329.0
 31
0.0
  0
INSERT
  5
403
330
3FE
100
AcDbEntity
  8
COTAS
100
AcDbBlockReference
  2
_ARCHTICK
 10
600.0
 20
330.0
 30
0.0
 41
1.8
 42
1.8
 50
180.0
  0
INSERT
  5
405
330
3FE
100
AcDbEntity
  8
COTAS
100
AcDbBlockReference
  2
_ARCHTICK
 10
662.0
 20
330.0
 30
0.0
 41
1.8
 42
1.8
  0
LINE
  5
407
330
3FE
100
AcDbEntity
  8
0
100
AcDbLine
 10
600.0
 20
330.0
 30
0.0
 11
662.0
 21
330.0
 31
0.0
  0
MTEXT
  5
408
330
3FE
100
AcDbEntity
  8
COTAS
 62
3
100
AcDbMText
 10
631.0
 20
331.7
 30
0.0
 40
2.2
 71
5
  1
3.10
  7
OpenSansCondensed-Light
  0
POINT
  5
409
330
3FE
100
AcDbEntity
  8
Defpoints
100
AcDbPoint
 10
600.0
 20
330.0
 30
0.0
  0
POINT
  5
40A
330
3FE
100
AcDbEntity
  8
Defpoints
100
AcDbPoint
 10
600.0
 20
342.0
 30
0.0
  0
POINT
  5
40B
330
3FE
100
AcDbEntity
  8
Defpoints
100
AcDbPoint
 10
662.0
 20
342.0
 30
0.0
  0
ENDBLK
  5
400
330
3FE
100
AcDbEntity
  8
0
100
AcDbBlockEnd
  0
BLOCK
  5
40E
330
40D
100
AcDbEntity
  8
0
100
AcDbBlockBegin
  2
*D42
 70
1
 10
0.0
 20
0.0
 30
0.0
  3
*D42
  1

  0
LINE
  5
410
330
40D
100
AcDbEntity
  8
0
100
AcDbLine
 10
662.0
 20
341.2
 30
0.0
 11
662.0
 21
329.0
 31
0.0
  0
LINE
  5
411
330
40D
100
AcDbEntity
  8
0
100
AcDbLine
 10
668.0
 20
341.2
 30
0.0
 11
668.0
 21
329.0
 31
0.0
  0
INSERT
  5
412
330
40D
100
AcDbEntity
  8
COTAS
100
AcDbBlockReference
  2
_ARCHTICK
 10
662.0
 20
330.0
 30
0.0
 41
1.8
 42
1.8
 50
180.0
  0
INSERT
  5
414
330
40D
100
AcDbEntity
  8
COTAS
100
AcDbBlockReference
  2
_ARCHTICK
 10
668.0
 20
330.0
 30
0.0
 41
1.8
 42
1.8
  0
LINE
  5
416
330
40D
100
AcDbEntity
  8
0
100
AcDbLine
 10
662.0
 20
330.0
 30
0.0
 11
668.0
 21
330.0
 31
0.0
  0
MTEXT
  5
417
330
40D
100
AcDbEntity
  8
COTAS
 62
3
100
AcDbMText
 10
665.0
 20
332.7
 30
0.0
 40
2.2
 71
5
  1
0.30
  7
OpenSansCondensed-Light
  0
POINT
  5
418
330
40D
100
AcDbEntity
  8
Defpoints
100
AcDbPoint
 10
662.0
 20
330.0
 30
0.0
  0
POINT
  5
419
330
40D
100
AcDbEntity
  8
Defpoints
100
AcDbPoint
 10
662.0
 20
342.0
 30
0.0
  0
POINT
  5
41A
330
40D
100
AcDbEntity
  8
Defpoints
100
AcDbPoint
 10
668.0
 20
342.0
 30
0.0
  0
ENDBLK
  5
40F
330
40D
100
AcDbEntity
  8
0
100
AcDbBlockEnd
  0
BLOCK
  5
41D
330
41C
100
AcDbEntity
  8
0
100
AcDbBlockBegin
  2
*D43
 70
1
 10
0.0
 20
0.0
 30
0.0
  3
*D43
  1

  0
LINE
  5
41F
330
41C
100
AcDbEntity
  8
0
100
AcDbLine
 10
668.0
 20
341.2
 30
0.0
 11
668.0
 21
329.0
 31
0.0
  0
LINE
  5
420
330
41C
100
AcDbEntity
  8
0
100
AcDbLine
 10
728.0
 20
341.2
 30
0.0
 11
728.0
 21
329.0
 31
0.0
  0
INSERT
  5
421
330
41C
100
AcDbEntity
  8
COTAS
100
AcDbBlockReference
  2
_ARCHTICK
 10
668.0
 20
330.0
 30
0.0
 41
1.8
 42
1.8
 50
180.0
  0
INSERT
  5
423
330
41C
100
AcDbEntity
  8
COTAS
100
AcDbBlockReference
  2
_ARCHTICK
 10
728.0
 20
330.0
 30
0.0
 41
1.8
 42
1.8
  0
LINE
  5
425
330
41C
100
AcDbEntity
  8
0
100
AcDbLine
 10
668.0
 20
330.0
 30
0.0
 11
728.0
 21
330.0
 31
0.0
  0
MTEXT
  5
426
330
41C
100
AcDbEntity
  8
COTAS
 62
3
100
AcDbMText
 10
698.0
 20
331.7
 30
0.0
 40
2.2
 71
5
  1
3.00
  7
OpenSansCondensed-Light
  0
POINT
  5
427
330
41C
100
AcDbEntity
  8
Defpoints
100
AcDbPoint
 10
668.0
 20
330.0
 30
0.0
  0
POINT
  5
428
330
41C
100
AcDbEntity
  8
Defpoints
100
AcDbPoint
 10
668.0
 20
342.0
 30
0.0
  0
POINT
  5
429
330
41C
100
AcDbEntity
  8
Defpoints
100
AcDbPoint
 10
728.0
 20
342.0
 30
0.0
  0
ENDBLK
  5
41E
330
41C
100
AcDbEntity
  8
0
100
AcDbBlockEnd
  0
BLOCK
  5
42C
330
42B
100
AcDbEntity
  8
0
100
AcDbBlockBegin
  2
*D44
 70
1
 10
0.0
 20
0.0
 30
0.0
  3
*D44
  1

  0
LINE
  5
42E
330
42B
100
AcDbEntity
  8
0
100
AcDbLine
 10
728.0
 20
341.2
 30
0.0
 11
728.0
 21
329.0
 31
0.0
  0
LINE
  5
42F
330
42B
100
AcDbEntity
  8
0
100
AcDbLine
 10
736.0
 20
341.2
 30
0.0
 11
736.0
 21
329.0
 31
0.0
  0
INSERT
  5
430
330
42B
100
AcDbEntity
  8
COTAS
100
AcDbBlockReference
  2
_ARCHTICK
 10
728.0
 20
330.0
 30
0.0
 41
1.8
 42
1.8
 50
180.0
  0
INSERT
  5
432
330
42B
100
AcDbEntity
  8
COTAS
100
AcDbBlockReference
  2
_ARCHTICK
 10
736.0
 20
330.0
 30
0.0
 41
1.8
 42
1.8
  0
LINE
  5
434
330
42B
100
AcDbEntity
  8
0
100
AcDbLine
 10
728.0
 20
330.0
 30
0.0
 11
736.0
 21
330.0
 31
0.0
  0
MTEXT
  5
435
330
42B
100
AcDbEntity
  8
COTAS
 62
3
100
AcDbMText
 10
732.0
 20
332.7
 30
0.0
 40
2.2
 71
5
  1
0.40
  7
OpenSansCondensed-Light
  0
POINT
  5
436
330
42B
100
AcDbEntity
  8
Defpoints
100
AcDbPoint
 10
728.0
 20
330.0
 30
0.0
  0
POINT
  5
437
330
42B
100
AcDbEntity
  8
Defpoints
100
AcDbPoint
 10
728.0
 20
342.0
 30
0.0
  0
POINT
  5
438
330
42B
100
AcDbEntity
  8
Defpoints
100
AcDbPoint
 10
736.0
 20
342.0
 30
0.0
  0
ENDBLK
  5
42D
330
42B
100
AcDbEntity
  8
0
100
AcDbBlockEnd
  0
BLOCK
  5
43B
330
43A
100
AcDbEntity
  8
0
100
AcDbBlockBegin
  2
*D45
 70
1
 10
0.0
 20
0.0
 30
0.0
  3
*D45
  1

  0
LINE
  5
43D
330
43A
100
AcDbEntity
  8
0
100
AcDbLine
 10
736.0
 20
341.2
 30
0.0
 11
736.0
 21
329.0
 31
0.0
  0
LINE
  5
43E
330
43A
100
AcDbEntity
  8
0
100
AcDbLine
 10
794.0
 20
341.2
 30
0.0
 11
794.0
 21
329.0
 31
0.0
  0
INSERT
  5
43F
330
43A
100
AcDbEntity
  8
COTAS
100
AcDbBlockReference
  2
_ARCHTICK
 10
736.0
 20
330.0
 30
0.0
 41
1.8
 42
1.8
 50
180.0
  0
INSERT
  5
441
330
43A
100
AcDbEntity
  8
COTAS
100
AcDbBlockReference
  2
_ARCHTICK
 10
794.0
 20
330.0
 30
0.0
 41
1.8
 42
1.8
  0
LINE
  5
443
330
43A
100
AcDbEntity
  8
0
100
AcDbLine
 10
736.0
 20
330.0
 30
0.0
 11
794.0
 21
330.0
 31
0.0
  0
MTEXT
  5
444
330
43A
100
AcDbEntity
  8
COTAS
 62
3
100
AcDbMText
 10
765.0
 20
331.7
 30
0.0
 40
2.2
 71
5
  1
2.90
  7
OpenSansCondensed-Light
  0
POINT
  5
445
330
43A
100
AcDbEntity
  8
Defpoints
100
AcDbPoint
 10
736.0
 20
330.0
 30
0.0
  0
POINT
  5
446
330
43A
100
AcDbEntity
  8
Defpoints
100
AcDbPoint
 10
736.0
 20
342.0
 30
0.0
  0
POINT
  5
447
330
43A
100
AcDbEntity
  8
Defpoints
100
AcDbPoint
 10
794.0
 20
342.0
 30
0.0
  0
ENDBLK
  5
43C
330
43A
100
AcDbEntity
  8
0
100
AcDbBlockEnd
  0
BLOCK
  5
44A
330
449
100
AcDbEntity
  8
0
100
AcDbBlockBegin
  2
*D46
 70
1
 10
0.0
 20
0.0
 30
0.0
  3
*D46
  1

  0
LINE
  5
44C
330
449
100
AcDbEntity
  8
0
100
AcDbLine
 10
592.0
 20
341.2
 30
0.0
 11
592.0
 21
317.0
 31
0.0
  0
LINE
  5
44D
330
449
100
AcDbEntity
  8
0
100
AcDbLine
 10
794.0
 20
341.2
 30
0.0
 11
794.0
 21
317.0
 31
0.0
  0
INSERT
  5
44E
330
449
100
AcDbEntity
  8
COTAS
100
AcDbBlockReference
  2
_ARCHTICK
 10
592.0
 20
318.0
 30
0.0
 41
1.8
 42
1.8
 50
180.0
  0
INSERT
  5
450
330
449
100
AcDbEntity
  8
COTAS
100
AcDbBlockReference
  2
_ARCHTICK
 10
794.0
 20
318.0
 30
0.0
 41
1.8
 42
1.8
  0
LINE
  5
452
330
449
100
AcDbEntity
  8
0
100
AcDbLine
 10
592.0
 20
318.0
 30
0.0
 11
794.0
 21
318.0
 31
0.0
  0
MTEXT
  5
453
330
449
100
AcDbEntity
  8
COTAS
 62
3
100
AcDbMText
 10
693.0
 20
319.7
 30
0.0
 40
2.2
 71
5
  1
10.10
  7
OpenSansCondensed-Light
  0
POINT
  5
454
330
449
100
AcDbEntity
  8
Defpoints
100
AcDbPoint
 10
592.0
 20
318.0
 30
0.0
  0
POINT
  5
455
330
449
100
AcDbEntity
  8
Defpoints
100
AcDbPoint
 10
592.0
 20
342.0
 30
0.0
  0
POINT
  5
456
330
449
100
AcDbEntity
  8
Defpoints
100
AcDbPoint
 10
794.0
 20
342.0
 30
0.0
  0
ENDBLK
  5
44B
330
449
100
AcDbEntity
  8
0
100
AcDbBlockEnd
  0
BLOCK
  5
475
330
474
100
AcDbEntity
  8
0
100
AcDbBlockBegin
  2
*D47
 70
1
 10
0.0
 20
0.0
 30
0.0
  3
*D47
  1

  0
LINE
  5
477
330
474
100
AcDbEntity
  8
0
100
AcDbLine
 10
51.2
 20
56.0
 30
0.0
 11
39.0
 21
56.0
 31
0.0
  0
LINE
  5
478
330
474
100
AcDbEntity
  8
0
100
AcDbLine
 10
51.2
 20
68.0
 30
0.0
 11
39.0
 21
68.0
 31
0.0
  0
INSERT
  5
479
330
474
100
AcDbEntity
  8
COTAS
100
AcDbBlockReference
  2
_ARCHTICK
 10
40.0
 20
56.0
 30
0.0
 41
1.8
 42
1.8
 50
270.0
  0
INSERT
  5
47B
330
474
100
AcDbEntity
  8
COTAS
100
AcDbBlockReference
  2
_ARCHTICK
 10
40.0
 20
68.0
 30
0.0
 41
1.8
 42
1.8
 50
90.0
  0
LINE
  5
47D
330
474
100
AcDbEntity
  8
0
100
AcDbLine
 10
40.0
 20
56.0
 30
0.0
 11
40.0
 21
68.0
 31
0.0
  0
MTEXT
  5
47E
330
474
100
AcDbEntity
  8
COTAS
 62
3
100
AcDbMText
 10
38.3
 20
62.0
 30
0.0
 40
2.2
 71
5
  1
0.60
  7
OpenSansCondensed-Light
 50
90.0
  0
POINT
  5
47F
330
474
100
AcDbEntity
  8
Defpoints
100
AcDbPoint
 10
40.0
 20
56.0
 30
0.0
  0
POINT
  5
480
330
474
100
AcDbEntity
  8
Defpoints
100
AcDbPoint
 10
52.0
 20
56.0
 30
0.0
  0
POINT
  5
481
330
474
100
AcDbEntity
  8
Defpoints
100
AcDbPoint
 10
52.0
 20
68.0
 30
0.0
  0
ENDBLK
  5
476
330
474
100
AcDbEntity
  8
0
100
AcDbBlockEnd
  0
BLOCK
  5
484
330
483
100
AcDbEntity
  8
0
100
AcDbBlockBegin
  2
*D48
 70
1
 10
0.0
 20
0.0
 30
0.0
  3
*D48
  1

  0
LINE
  5
486
330
483
100
AcDbEntity
  8
0
100
AcDbLine
 10
51.2
 20
68.0
 30
0.0
 11
39.0
 21
68.0
 31
0.0
  0
LINE
  5
487
330
483
100
AcDbEntity
  8
0
100
AcDbLine
 10
51.2
 20
128.2
 30
0.0
 11
39.0
 21
128.2
 31
0.0
  0
INSERT
  5
488
330
483
100
AcDbEntity
  8
COTAS
100
AcDbBlockReference
  2
_ARCHTICK
 10
40.0
 20
68.0
 30
0.0
 41
1.8
 42
1.8
 50
270.0
  0
INSERT
  5
48A
330
483
100
AcDbEntity
  8
COTAS
100
AcDbBlockReference
  2
_ARCHTICK
 10
40.0
 20
128.2
 30
0.0
 41
1.8
 42
1.8
 50
90.0
  0
LINE
  5
48C
330
483
100
AcDbEntity
  8
0
100
AcDbLine
 10
40.0
 20
68.0
 30
0.0
 11
40.0
 21
128.2
 31
0.0
  0
MTEXT
  5
48D
330
483
100
AcDbEntity
  8
COTAS
 62
3
100
AcDbMText
 10
38.3
 20
98.1
 30
0.0
 40
2.2
 71
5
  1
3.01
  7
OpenSansCondensed-Light
 50
90.0
  0
POINT
  5
48E
330
483
100
AcDbEntity
  8
Defpoints
100
AcDbPoint
 10
40.0
 20
68.0
 30
0.0
  0
POINT
  5
48F
330
483
100
AcDbEntity
  8
Defpoints
100
AcDbPoint
 10
52.0
 20
68.0
 30
0.0
  0
POINT
  5
490
330
483
100
AcDbEntity
  8
Defpoints
100
AcDbPoint
 10
52.0
 20
128.2
 30
0.0
  0
ENDBLK
  5
485
330
483
100
AcDbEntity
  8
0
100
AcDbBlockEnd
  0
BLOCK
  5
493
330
492
100
AcDbEntity
  8
0
100
AcDbBlockBegin
  2
*D49
 70
1
 10
0.0
 20
0.0
 30
0.0
  3
*D49
  1

  0
LINE
  5
495
330
492
100
AcDbEntity
  8
0
100
AcDbLine
 10
51.2
 20
128.2
 30
0.0
 11
39.0
 21
128.2
 31
0.0
  0
LINE
  5
496
330
492
100
AcDbEntity
  8
0
100
AcDbLine
 10
51.2
 20
133.2
 30
0.0
 11
39.0
 21
133.2
 31
0.0
  0
INSERT
  5
497
330
492
100
AcDbEntity
  8
COTAS
100
AcDbBlockReference
  2
_ARCHTICK
 10
40.0
 20
128.2
 30
0.0
 41
1.8
 42
1.8
 50
270.0
  0
INSERT
  5
499
330
492
100
AcDbEntity
  8
COTAS
100
AcDbBlockReference
  2
_ARCHTICK
 10
40.0
 20
133.2
 30
0.0
 41
1.8
 42
1.8
 50
90.0
  0
LINE
  5
49B
330
492
100
AcDbEntity
  8
0
100
AcDbLine
 10
40.0
 20
128.2
 30
0.0
 11
40.0
 21
133.2
 31
0.0
  0
MTEXT
  5
49C
330
492
100
AcDbEntity
  8
COTAS
 62
3
100
AcDbMText
 10
37.3
 20
130.7
 30
0.0
 40
2.2
 71
5
  1
0.25
  7
OpenSansCondensed-Light
 50
90.0
  0
POINT
  5
49D
330
492
100
AcDbEntity
  8
Defpoints
100
AcDbPoint
 10
40.0
 20
128.2
 30
0.0
  0
POINT
  5
49E
330
492
100
AcDbEntity
  8
Defpoints
100
AcDbPoint
 10
52.0
 20
128.2
 30
0.0
  0
POINT
  5
49F
330
492
100
AcDbEntity
  8
Defpoints
100
AcDbPoint
 10
52.0
 20
133.2
 30
0.0
  0
ENDBLK
  5
494
330
492
100
AcDbEntity
  8
0
100
AcDbBlockEnd
  0
BLOCK
  5
4A2
330
4A1
100
AcDbEntity
  8
0
100
AcDbBlockBegin
  2
*D50
 70
1
 10
0.0
 20
0.0
 30
0.0
  3
*D50
  1

  0
LINE
  5
4A4
330
4A1
100
AcDbEntity
  8
0
100
AcDbLine
 10
51.2
 20
133.2
 30
0.0
 11
39.0
 21
133.2
 31
0.0
  0
LINE
  5
4A5
330
4A1
100
AcDbEntity
  8
0
100
AcDbLine
 10
51.2
 20
187.2
 30
0.0
 11
39.0
 21
187.2
 31
0.0
  0
INSERT
  5
4A6
330
4A1
100
AcDbEntity
  8
COTAS
100
AcDbBlockReference
  2
_ARCHTICK
 10
40.0
 20
133.2
 30
0.0
 41
1.8
 42
1.8
 50
270.0
  0
INSERT
  5
4A8
330
4A1
100
AcDbEntity
  8
COTAS
100
AcDbBlockReference
  2
_ARCHTICK
 10
40.0
 20
187.2
 30
0.0
 41
1.8
 42
1.8
 50
90.0
  0
LINE
  5
4AA
330
4A1
100
AcDbEntity
  8
0
100
AcDbLine
 10
40.0
 20
133.2
 30
0.0
 11
40.0
 21
187.2
 31
0.0
  0
MTEXT
  5
4AB
330
4A1
100
AcDbEntity
  8
COTAS
 62
3
100
AcDbMText
 10
38.3
 20
160.2
 30
0.0
 40
2.2
 71
5
  1
2.70
  7
OpenSansCondensed-Light
 50
90.0
  0
POINT
  5
4AC
330
4A1
100
AcDbEntity
  8
Defpoints
100
AcDbPoint
 10
40.0
 20
133.2
 30
0.0
  0
POINT
  5
4AD
330
4A1
100
AcDbEntity
  8
Defpoints
100
AcDbPoint
 10
52.0
 20
133.2
 30
0.0
  0
POINT
  5
4AE
330
4A1
100
AcDbEntity
  8
Defpoints
100
AcDbPoint
 10
52.0
 20
187.2
 30
0.0
  0
ENDBLK
  5
4A3
330
4A1
100
AcDbEntity
  8
0
100
AcDbBlockEnd
  0
BLOCK
  5
4B1
330
4B0
100
AcDbEntity
  8
0
100
AcDbBlockBegin
  2
*D51
 70
1
 10
0.0
 20
0.0
 30
0.0
  3
*D51
  1

  0
LINE
  5
4B3
330
4B0
100
AcDbEntity
  8
0
100
AcDbLine
 10
51.2
 20
187.2
 30
0.0
 11
39.0
 21
187.2
 31
0.0
  0
LINE
  5
4B4
330
4B0
100
AcDbEntity
  8
0
100
AcDbLine
 10
51.2
 20
192.2
 30
0.0
 11
39.0
 21
192.2
 31
0.0
  0
INSERT
  5
4B5
330
4B0
100
AcDbEntity
  8
COTAS
100
AcDbBlockReference
  2
_ARCHTICK
 10
40.0
 20
187.2
 30
0.0
 41
1.8
 42
1.8
 50
270.0
  0
INSERT
  5
4B7
330
4B0
100
AcDbEntity
  8
COTAS
100
AcDbBlockReference
  2
_ARCHTICK
 10
40.0
 20
192.2
 30
0.0
 41
1.8
 42
1.8
 50
90.0
  0
LINE
  5
4B9
330
4B0
100
AcDbEntity
  8
0
100
AcDbLine
 10
40.0
 20
187.2
 30
0.0
 11
40.0
 21
192.2
 31
0.0
  0
MTEXT
  5
4BA
330
4B0
100
AcDbEntity
  8
COTAS
 62
3
100
AcDbMText
 10
37.3
 20
189.7
 30
0.0
 40
2.2
 71
5
  1
0.25
  7
OpenSansCondensed-Light
 50
90.0
  0
POINT
  5
4BB
330
4B0
100
AcDbEntity
  8
Defpoints
100
AcDbPoint
 10
40.0
 20
187.2
 30
0.0
  0
POINT
  5
4BC
330
4B0
100
AcDbEntity
  8
Defpoints
100
AcDbPoint
 10
52.0
 20
187.2
 30
0.0
  0
POINT
  5
4BD
330
4B0
100
AcDbEntity
  8
Defpoints
100
AcDbPoint
 10
52.0
 20
192.2
 30
0.0
  0
ENDBLK
  5
4B2
330
4B0
100
AcDbEntity
  8
0
100
AcDbBlockEnd
  0
BLOCK
  5
4C0
330
4BF
100
AcDbEntity
  8
0
100
AcDbBlockBegin
  2
*D52
 70
1
 10
0.0
 20
0.0
 30
0.0
  3
*D52
  1

  0
LINE
  5
4C2
330
4BF
100
AcDbEntity
  8
0
100
AcDbLine
 10
51.2
 20
192.2
 30
0.0
 11
39.0
 21
192.2
 31
0.0
  0
LINE
  5
4C3
330
4BF
100
AcDbEntity
  8
0
100
AcDbLine
 10
51.2
 20
224.20000000000002
 30
0.0
 11
39.0
 21
224.20000000000002
 31
0.0
  0
INSERT
  5
4C4
330
4BF
100
AcDbEntity
  8
COTAS
100
AcDbBlockReference
  2
_ARCHTICK
 10
40.0
 20
192.2
 30
0.0
 41
1.8
 42
1.8
 50
270.0
  0
INSERT
  5
4C6
330
4BF
100
AcDbEntity
  8
COTAS
100
AcDbBlockReference
  2
_ARCHTICK
 10
40.0
 20
224.20000000000002
 30
0.0
 41
1.8
 42
1.8
 50
90.0
  0
LINE
  5
4C8
330
4BF
100
AcDbEntity
  8
0
100
AcDbLine
 10
40.0
 20
192.2
 30
0.0
 11
40.0
 21
224.20000000000002
 31
0.0
  0
MTEXT
  5
4C9
330
4BF
100
AcDbEntity
  8
COTAS
 62
3
100
AcDbMText
 10
38.3
 20
208.2
 30
0.0
 40
2.2
 71
5
  1
1.60
  7
OpenSansCondensed-Light
 50
90.0
  0
POINT
  5
4CA
330
4BF
100
AcDbEntity
  8
Defpoints
100
AcDbPoint
 10
40.0
 20
192.2
 30
0.0
  0
POINT
  5
4CB
330
4BF
100
AcDbEntity
  8
Defpoints
100
AcDbPoint
 10
52.0
 20
192.2
 30
0.0
  0
POINT
  5
4CC
330
4BF
100
AcDbEntity
  8
Defpoints
100
AcDbPoint
 10
52.0
 20
224.20000000000002
 30
0.0
  0
ENDBLK
  5
4C1
330
4BF
100
AcDbEntity
  8
0
100
AcDbBlockEnd
  0
BLOCK
  5
4CF
330
4CE
100
AcDbEntity
  8
0
100
AcDbBlockBegin
  2
*D53
 70
1
 10
0.0
 20
0.0
 30
0.0
  3
*D53
  1

  0
LINE
  5
4D1
330
4CE
100
AcDbEntity
  8
0
100
AcDbLine
 10
51.2
 20
56.0
 30
0.0
 11
27.0
 21
56.0
 31
0.0
  0
LINE
  5
4D2
330
4CE
100
AcDbEntity
  8
0
100
AcDbLine
 10
51.2
 20
224.20000000000002
 30
0.0
 11
27.0
 21
224.20000000000002
 31
0.0
  0
INSERT
  5
4D3
330
4CE
100
AcDbEntity
  8
COTAS
100
AcDbBlockReference
  2
_ARCHTICK
 10
28.0
 20
56.0
 30
0.0
 41
1.8
 42
1.8
 50
270.0
  0
INSERT
  5
4D5
330
4CE
100
AcDbEntity
  8
COTAS
100
AcDbBlockReference
  2
_ARCHTICK
 10
28.0
 20
224.20000000000002
 30
0.0
 41
1.8
 42
1.8
 50
90.0
  0
LINE
  5
4D7
330
4CE
100
AcDbEntity
  8
0
100
AcDbLine
 10
28.0
 20
56.0
 30
0.0
 11
28.0
 21
224.20000000000002
 31
0.0
  0
MTEXT
  5
4D8
330
4CE
100
AcDbEntity
  8
COTAS
 62
3
100
AcDbMText
 10
26.3
 20
140.10000000000002
 30
0.0
 40
2.2
 71
5
  1
8.41
  7
OpenSansCondensed-Light
 50
90.0
  0
POINT
  5
4D9
330
4CE
100
AcDbEntity
  8
Defpoints
100
AcDbPoint
 10
28.0
 20
56.0
 30
0.0
  0
POINT
  5
4DA
330
4CE
100
AcDbEntity
  8
Defpoints
100
AcDbPoint
 10
52.0
 20
56.0
 30
0.0
  0
POINT
  5
4DB
330
4CE
100
AcDbEntity
  8
Defpoints
100
AcDbPoint
 10
52.0
 20
224.20000000000002
 30
0.0
  0
ENDBLK
  5
4D0
330
4CE
100
AcDbEntity
  8
0
100
AcDbBlockEnd
  0
BLOCK
  5
4DE
330
4DD
100
AcDbEntity
  8
0
100
AcDbBlockBegin
  2
*D54
 70
1
 10
0.0
 20
0.0
 30
0.0
  3
*D54
  1

  0
LINE
  5
4E0
330
4DD
100
AcDbEntity
  8
0
100
AcDbLine
 10
52.0
 20
55.2
 30
0.0
 11
52.0
 21
43.0
 31
0.0
  0
LINE
  5
4E1
330
4DD
100
AcDbEntity
  8
0
100
AcDbLine
 10
60.0
 20
55.2
 30
0.0
 11
60.0
 21
43.0
 31
0.0
  0
INSERT
  5
4E2
330
4DD
100
AcDbEntity
  8
COTAS
100
AcDbBlockReference
  2
_ARCHTICK
 10
52.0
 20
44.0
 30
0.0
 41
1.8
 42
1.8
 50
180.0
  0
INSERT
  5
4E4
330
4DD
100
AcDbEntity
  8
COTAS
100
AcDbBlockReference
  2
_ARCHTICK
 10
60.0
 20
44.0
 30
0.0
 41
1.8
 42
1.8
  0
LINE
  5
4E6
330
4DD
100
AcDbEntity
  8
0
100
AcDbLine
 10
52.0
 20
44.0
 30
0.0
 11
60.0
 21
44.0
 31
0.0
  0
MTEXT
  5
4E7
330
4DD
100
AcDbEntity
  8
COTAS
 62
3
100
AcDbMText
 10
56.0
 20
46.7
 30
0.0
 40
2.2
 71
5
  1
0.40
  7
OpenSansCondensed-Light
  0
POINT
  5
4E8
330
4DD
100
AcDbEntity
  8
Defpoints
100
AcDbPoint
 10
52.0
 20
44.0
 30
0.0
  0
POINT
  5
4E9
330
4DD
100
AcDbEntity
  8
Defpoints
100
AcDbPoint
 10
52.0
 20
56.0
 30
0.0
  0
POINT
  5
4EA
330
4DD
100
AcDbEntity
  8
Defpoints
100
AcDbPoint
 10
60.0
 20
56.0
 30
0.0
  0
ENDBLK
  5
4DF
330
4DD
100
AcDbEntity
  8
0
100
AcDbBlockEnd
  0
BLOCK
  5
4ED
330
4EC
100
AcDbEntity
  8
0
100
AcDbBlockBegin
  2
*D55
 70
1
 10
0.0
 20
0.0
 30
0.0
  3
*D55
  1

  0
LINE
  5
4EF
330
4EC
100
AcDbEntity
  8
0
100
AcDbLine
 10
60.0
 20
55.2
 30
0.0
 11
60.0
 21
43.0
 31
0.0
  0
LINE
  5
4F0
330
4EC
100
AcDbEntity
  8
0
100
AcDbLine
 10
104.0
 20
55.2
 30
0.0
 11
104.0
 21
43.0
 31
0.0
  0
INSERT
  5
4F1
330
4EC
100
AcDbEntity
  8
COTAS
100
AcDbBlockReference
  2
_ARCHTICK
 10
60.0
 20
44.0
 30
0.0
 41
1.8
 42
1.8
 50
180.0
  0
INSERT
  5
4F3
330
4EC
100
AcDbEntity
  8
COTAS
100
AcDbBlockReference
  2
_ARCHTICK
 10
104.0
 20
44.0
 30
0.0
 41
1.8
 42
1.8
  0
LINE
  5
4F5
330
4EC
100
AcDbEntity
  8
0
100
AcDbLine
 10
60.0
 20
44.0
 30
0.0
 11
104.0
 21
44.0
 31
0.0
  0
MTEXT
  5
4F6
330
4EC
100
AcDbEntity
  8
COTAS
 62
3
100
AcDbMText
 10
82.0
 20
45.7
 30
0.0
 40
2.2
 71
5
  1
2.20
  7
OpenSansCondensed-Light
  0
POINT
  5
4F7
330
4EC
100
AcDbEntity
  8
Defpoints
100
AcDbPoint
 10
60.0
 20
44.0
 30
0.0
  0
POINT
  5
4F8
330
4EC
100
AcDbEntity
  8
Defpoints
100
AcDbPoint
 10
60.0
 20
56.0
 30
0.0
  0
POINT
  5
4F9
330
4EC
100
AcDbEntity
  8
Defpoints
100
AcDbPoint
 10
104.0
 20
56.0
 30
0.0
  0
ENDBLK
  5
4EE
330
4EC
100
AcDbEntity
  8
0
100
AcDbBlockEnd
  0
BLOCK
  5
4FC
330
4FB
100
AcDbEntity
  8
0
100
AcDbBlockBegin
  2
*D56
 70
1
 10
0.0
 20
0.0
 30
0.0
  3
*D56
  1

  0
LINE
  5
4FE
330
4FB
100
AcDbEntity
  8
0
100
AcDbLine
 10
104.0
 20
55.2
 30
0.0
 11
104.0
 21
43.0
 31
0.0
  0
LINE
  5
4FF
330
4FB
100
AcDbEntity
  8
0
100
AcDbLine
 10
122.0
 20
55.2
 30
0.0
 11
122.0
 21
43.0
 31
0.0
  0
INSERT
  5
500
330
4FB
100
AcDbEntity
  8
COTAS
100
AcDbBlockReference
  2
_ARCHTICK
 10
104.0
 20
44.0
 30
0.0
 41
1.8
 42
1.8
 50
180.0
  0
INSERT
  5
502
330
4FB
100
AcDbEntity
  8
COTAS
100
AcDbBlockReference
  2
_ARCHTICK
 10
122.0
 20
44.0
 30
0.0
 41
1.8
 42
1.8
  0
LINE
  5
504
330
4FB
100
AcDbEntity
  8
0
100
AcDbLine
 10
104.0
 20
44.0
 30
0.0
 11
122.0
 21
44.0
 31
0.0
  0
MTEXT
  5
505
330
4FB
100
AcDbEntity
  8
COTAS
 62
3
100
AcDbMText
 10
113.0
 20
45.7
 30
0.0
 40
2.2
 71
5
  1
0.90
  7
OpenSansCondensed-Light
  0
POINT
  5
506
330
4FB
100
AcDbEntity
  8
Defpoints
100
AcDbPoint
 10
104.0
 20
44.0
 30
0.0
  0
POINT
  5
507
330
4FB
100
AcDbEntity
  8
Defpoints
100
AcDbPoint
 10
104.0
 20
56.0
 30
0.0
  0
POINT
  5
508
330
4FB
100
AcDbEntity
  8
Defpoints
100
AcDbPoint
 10
122.0
 20
56.0
 30
0.0
  0
ENDBLK
  5
4FD
330
4FB
100
AcDbEntity
  8
0
100
AcDbBlockEnd
  0
BLOCK
  5
50B
330
50A
100
AcDbEntity
  8
0
100
AcDbBlockBegin
  2
*D57
 70
1
 10
0.0
 20
0.0
 30
0.0
  3
*D57
  1

  0
LINE
  5
50D
330
50A
100
AcDbEntity
  8
0
100
AcDbLine
 10
122.0
 20
55.2
 30
0.0
 11
122.0
 21
43.0
 31
0.0
  0
LINE
  5
50E
330
50A
100
AcDbEntity
  8
0
100
AcDbLine
 10
164.0
 20
55.2
 30
0.0
 11
164.0
 21
43.0
 31
0.0
  0
INSERT
  5
50F
330
50A
100
AcDbEntity
  8
COTAS
100
AcDbBlockReference
  2
_ARCHTICK
 10
122.0
 20
44.0
 30
0.0
 41
1.8
 42
1.8
 50
180.0
  0
INSERT
  5
511
330
50A
100
AcDbEntity
  8
COTAS
100
AcDbBlockReference
  2
_ARCHTICK
 10
164.0
 20
44.0
 30
0.0
 41
1.8
 42
1.8
  0
LINE
  5
513
330
50A
100
AcDbEntity
  8
0
100
AcDbLine
 10
122.0
 20
44.0
 30
0.0
 11
164.0
 21
44.0
 31
0.0
  0
MTEXT
  5
514
330
50A
100
AcDbEntity
  8
COTAS
 62
3
100
AcDbMText
 10
143.0
 20
45.7
 30
0.0
 40
2.2
 71
5
  1
2.10
  7
OpenSansCondensed-Light
  0
POINT
  5
515
330
50A
100
AcDbEntity
  8
Defpoints
100
AcDbPoint
 10
122.0
 20
44.0
 30
0.0
  0
POINT
  5
516
330
50A
100
AcDbEntity
  8
Defpoints
100
AcDbPoint
 10
122.0
 20
56.0
 30
0.0
  0
POINT
  5
517
330
50A
100
AcDbEntity
  8
Defpoints
100
AcDbPoint
 10
164.0
 20
56.0
 30
0.0
  0
ENDBLK
  5
50C
330
50A
100
AcDbEntity
  8
0
100
AcDbBlockEnd
  0
BLOCK
  5
51A
330
519
100
AcDbEntity
  8
0
100
AcDbBlockBegin
  2
*D58
 70
1
 10
0.0
 20
0.0
 30
0.0
  3
*D58
  1

  0
LINE
  5
51C
330
519
100
AcDbEntity
  8
0
100
AcDbLine
 10
164.0
 20
55.2
 30
0.0
 11
164.0
 21
43.0
 31
0.0
  0
LINE
  5
51D
330
519
100
AcDbEntity
  8
0
100
AcDbLine
 10
182.0
 20
55.2
 30
0.0
 11
182.0
 21
43.0
 31
0.0
  0
INSERT
  5
51E
330
519
100
AcDbEntity
  8
COTAS
100
AcDbBlockReference
  2
_ARCHTICK
 10
164.0
 20
44.0
 30
0.0
 41
1.8
 42
1.8
 50
180.0
  0
INSERT
  5
520
330
519
100
AcDbEntity
  8
COTAS
100
AcDbBlockReference
  2
_ARCHTICK
 10
182.0
 20
44.0
 30
0.0
 41
1.8
 42
1.8
  0
LINE
  5
522
330
519
100
AcDbEntity
  8
0
100
AcDbLine
 10
164.0
 20
44.0
 30
0.0
 11
182.0
 21
44.0
 31
0.0
  0
MTEXT
  5
523
330
519
100
AcDbEntity
  8
COTAS
 62
3
100
AcDbMText
 10
173.0
 20
45.7
 30
0.0
 40
2.2
 71
5
  1
0.90
  7
OpenSansCondensed-Light
  0
POINT
  5
524
330
519
100
AcDbEntity
  8
Defpoints
100
AcDbPoint
 10
164.0
 20
44.0
 30
0.0
  0
POINT
  5
525
330
519
100
AcDbEntity
  8
Defpoints
100
AcDbPoint
 10
164.0
 20
56.0
 30
0.0
  0
POINT
  5
526
330
519
100
AcDbEntity
  8
Defpoints
100
AcDbPoint
 10
182.0
 20
56.0
 30
0.0
  0
ENDBLK
  5
51B
330
519
100
AcDbEntity
  8
0
100
AcDbBlockEnd
  0
BLOCK
  5
529
330
528
100
AcDbEntity
  8
0
100
AcDbBlockBegin
  2
*D59
 70
1
 10
0.0
 20
0.0
 30
0.0
  3
*D59
  1

  0
LINE
  5
52B
330
528
100
AcDbEntity
  8
0
100
AcDbLine
 10
182.0
 20
55.2
 30
0.0
 11
182.0
 21
43.0
 31
0.0
  0
LINE
  5
52C
330
528
100
AcDbEntity
  8
0
100
AcDbLine
 10
241.60000000000002
 20
55.2
 30
0.0
 11
241.60000000000002
 21
43.0
 31
0.0
  0
INSERT
  5
52D
330
528
100
AcDbEntity
  8
COTAS
100
AcDbBlockReference
  2
_ARCHTICK
 10
182.0
 20
44.0
 30
0.0
 41
1.8
 42
1.8
 50
180.0
  0
INSERT
  5
52F
330
528
100
AcDbEntity
  8
COTAS
100
AcDbBlockReference
  2
_ARCHTICK
 10
241.60000000000002
 20
44.0
 30
0.0
 41
1.8
 42
1.8
  0
LINE
  5
531
330
528
100
AcDbEntity
  8
0
100
AcDbLine
 10
182.0
 20
44.0
 30
0.0
 11
241.60000000000002
 21
44.0
 31
0.0
  0
MTEXT
  5
532
330
528
100
AcDbEntity
  8
COTAS
 62
3
100
AcDbMText
 10
211.8
 20
45.7
 30
0.0
 40
2.2
 71
5
  1
2.98
  7
OpenSansCondensed-Light
  0
POINT
  5
533
330
528
100
AcDbEntity
  8
Defpoints
100
AcDbPoint
 10
182.0
 20
44.0
 30
0.0
  0
POINT
  5
534
330
528
100
AcDbEntity
  8
Defpoints
100
AcDbPoint
 10
182.0
 20
56.0
 30
0.0
  0
POINT
  5
535
330
528
100
AcDbEntity
  8
Defpoints
100
AcDbPoint
 10
241.60000000000002
 20
56.0
 30
0.0
  0
ENDBLK
  5
52A
330
528
100
AcDbEntity
  8
0
100
AcDbBlockEnd
  0
BLOCK
  5
538
330
537
100
AcDbEntity
  8
0
100
AcDbBlockBegin
  2
*D60
 70
1
 10
0.0
 20
0.0
 30
0.0
  3
*D60
  1

  0
LINE
  5
53A
330
537
100
AcDbEntity
  8
0
100
AcDbLine
 10
241.60000000000002
 20
55.2
 30
0.0
 11
241.60000000000002
 21
43.0
 31
0.0
  0
LINE
  5
53B
330
537
100
AcDbEntity
  8
0
100
AcDbLine
 10
249.60000000000002
 20
55.2
 30
0.0
 11
249.60000000000002
 21
43.0
 31
0.0
  0
INSERT
  5
53C
330
537
100
AcDbEntity
  8
COTAS
100
AcDbBlockReference
  2
_ARCHTICK
 10
241.60000000000002
 20
44.0
 30
0.0
 41
1.8
 42
1.8
 50
180.0
  0
INSERT
  5
53E
330
537
100
AcDbEntity
  8
COTAS
100
AcDbBlockReference
  2
_ARCHTICK
 10
249.60000000000002
 20
44.0
 30
0.0
 41
1.8
 42
1.8
  0
LINE
  5
540
330
537
100
AcDbEntity
  8
0
100
AcDbLine
 10
241.60000000000002
 20
44.0
 30
0.0
 11
249.60000000000002
 21
44.0
 31
0.0
  0
MTEXT
  5
541
330
537
100
AcDbEntity
  8
COTAS
 62
3
100
AcDbMText
 10
245.60000000000002
 20
46.7
 30
0.0
 40
2.2
 71
5
  1
0.40
  7
OpenSansCondensed-Light
  0
POINT
  5
542
330
537
100
AcDbEntity
  8
Defpoints
100
AcDbPoint
 10
241.60000000000002
 20
44.0
 30
0.0
  0
POINT
  5
543
330
537
100
AcDbEntity
  8
Defpoints
100
AcDbPoint
 10
241.60000000000002
 20
56.0
 30
0.0
  0
POINT
  5
544
330
537
100
AcDbEntity
  8
Defpoints
100
AcDbPoint
 10
249.60000000000002
 20
56.0
 30
0.0
  0
ENDBLK
  5
539
330
537
100
AcDbEntity
  8
0
100
AcDbBlockEnd
  0
BLOCK
  5
547
330
546
100
AcDbEntity
  8
0
100
AcDbBlockBegin
  2
*D61
 70
1
 10
0.0
 20
0.0
 30
0.0
  3
*D61
  1

  0
LINE
  5
549
330
546
100
AcDbEntity
  8
0
100
AcDbLine
 10
52.0
 20
55.2
 30
0.0
 11
52.0
 21
31.0
 31
0.0
  0
LINE
  5
54A
330
546
100
AcDbEntity
  8
0
100
AcDbLine
 10
249.60000000000002
 20
55.2
 30
0.0
 11
249.60000000000002
 21
31.0
 31
0.0
  0
INSERT
  5
54B
330
546
100
AcDbEntity
  8
COTAS
100
AcDbBlockReference
  2
_ARCHTICK
 10
52.0
 20
32.0
 30
0.0
 41
1.8
 42
1.8
 50
180.0
  0
INSERT
  5
54D
330
546
100
AcDbEntity
  8
COTAS
100
AcDbBlockReference
  2
_ARCHTICK
 10
249.60000000000002
 20
32.0
 30
0.0
 41
1.8
 42
1.8
  0
LINE
  5
54F
330
546
100
AcDbEntity
  8
0
100
AcDbLine
 10
52.0
 20
32.0
 30
0.0
 11
249.60000000000002
 21
32.0
 31
0.0
  0
MTEXT
  5
550
330
546
100
AcDbEntity
  8
COTAS
 62
3
100
AcDbMText
 10
150.8
 20
33.7
 30
0.0
 40
2.2
 71
5
  1
9.88
  7
OpenSansCondensed-Light
  0
POINT
  5
551
330
546
100
AcDbEntity
  8
Defpoints
100
AcDbPoint
 10
52.0
 20
32.0
 30
0.0
  0
POINT
  5
552
330
546
100
AcDbEntity
  8
Defpoints
100
AcDbPoint
 10
52.0
 20
56.0
 30
0.0
  0
POINT
  5
553
330
546
100
AcDbEntity
  8
Defpoints
100
AcDbPoint
 10
249.60000000000002
 20
56.0
 30
0.0
  0
ENDBLK
  5
548
330
546
100
AcDbEntity
  8
0
100
AcDbBlockEnd
  0
ENDSEC
  0
SECTION
  2
ENTITIES
  0
LWPOLYLINE
  5
A2
330
17
100
AcDbEntity
  8
MARCO
100
AcDbPolyline
 90
4
 70
1
 10
0.0
 20
0.0
 10
841.0
 20
0.0
 10
841.0
 20
594.0
 10
0.0
 20
594.0
  0
LWPOLYLINE
  5
A3
330
17
100
AcDbEntity
  8
MARCO
100
AcDbPolyline
 90
4
 70
1
 10
8.0
 20
8.0
 10
833.0
 20
8.0
 10
833.0
 20
586.0
 10
8.0
 20
586.0
  0
LWPOLYLINE
  5
A4
330
17
100
AcDbEntity
  8
muros_PB
100
AcDbPolyline
 90
8
 70
1
 10
52.0
 20
486.0
 10
82.0
 20
486.0
 10
82.0
 20
478.0
 10
60.0
 20
478.0
 10
60.0
 20
350.0
 10
64.0
 20
350.0
 10
64.0
 20
342.0
 10
52.0
 20
342.0
  0
HATCH
  5
A5
330
17
100
AcDbEntity
  8
RAYADO_MURO
 62
7
100
AcDbHatch
 10
0.0
 20
0.0
 30
0.0
210
0.0
220
0.0
230
1.0
  2
ANSI31
 70
0
 71
0
 91
1
 92
3
 72
0
 73
1
 93
8
 10
52.0
 20
486.0
 10
82.0
 20
486.0
 10
82.0
 20
478.0
 10
60.0
 20
478.0
 10
60.0
 20
350.0
 10
64.0
 20
350.0
 10
64.0
 20
342.0
 10
52.0
 20
342.0
 97
0
 75
1
 76
1
 52
45.0
 41
0.6
 77
0
 78
1
 53
90.0
 43
0.0
 44
0.0
 45
-1.905
 46
0.0
 79
0
 98
0
  0
LWPOLYLINE
  5
A6
330
17
100
AcDbEntity
  8
muros_PB
100
AcDbPolyline
 90
4
 70
1
 10
88.0
 20
350.0
 10
88.0
 20
342.0
 10
132.60000000000002
 20
342.0
 10
132.60000000000002
 20
350.0
  0
HATCH
  5
A7
330
17
100
AcDbEntity
  8
RAYADO_MURO
 62
7
100
AcDbHatch
 10
0.0
 20
0.0
 30
0.0
210
0.0
220
0.0
230
1.0
  2
ANSI31
 70
0
 71
0
 91
1
 92
3
 72
0
 73
1
 93
4
 10
88.0
 20
350.0
 10
88.0
 20
342.0
 10
132.60000000000002
 20
342.0
 10
132.60000000000002
 20
350.0
 97
0
 75
1
 76
1
 52
45.0
 41
0.6
 77
0
 78
1
 53
90.0
 43
0.0
 44
0.0
 45
-1.905
 46
0.0
 79
0
 98
0
  0
LWPOLYLINE
  5
A8
330
17
100
AcDbEntity
  8
muros_PB
100
AcDbPolyline
 90
4
 70
1
 10
148.6
 20
350.0
 10
148.6
 20
342.0
 10
193.2
 20
342.0
 10
193.2
 20
350.0
  0
HATCH
  5
A9
330
17
100
AcDbEntity
  8
RAYADO_MURO
 62
7
100
AcDbHatch
 10
0.0
 20
0.0
 30
0.0
210
0.0
220
0.0
230
1.0
  2
ANSI31
 70
0
 71
0
 91
1
 92
3
 72
0
 73
1
 93
4
 10
148.6
 20
350.0
 10
148.6
 20
342.0
 10
193.2
 20
342.0
 10
193.2
 20
350.0
 97
0
 75
1
 76
1
 52
45.0
 41
0.6
 77
0
 78
1
 53
90.0
 43
0.0
 44
0.0
 45
-1.905
 46
0.0
 79
0
 98
0
  0
LWPOLYLINE
  5
AA
330
17
100
AcDbEntity
  8
muros_PB
100
AcDbPolyline
 90
8
 70
1
 10
217.2
 20
350.0
 10
217.2
 20
342.0
 10
249.60000000000002
 20
342.0
 10
249.60000000000002
 20
486.0
 10
174.0
 20
486.0
 10
174.0
 20
478.0
 10
241.59999999999997
 20
478.0
 10
241.60000000000002
 20
350.0
  0
HATCH
  5
AB
330
17
100
AcDbEntity
  8
RAYADO_MURO
 62
7
100
AcDbHatch
 10
0.0
 20
0.0
 30
0.0
210
0.0
220
0.0
230
1.0
  2
ANSI31
 70
0
 71
0
 91
1
 92
3
 72
0
 73
1
 93
8
 10
217.2
 20
350.0
 10
217.2
 20
342.0
 10
249.60000000000002
 20
342.0
 10
249.60000000000002
 20
486.0
 10
174.0
 20
486.0
 10
174.0
 20
478.0
 10
241.59999999999997
 20
478.0
 10
241.60000000000002
 20
350.0
 97
0
 75
1
 76
1
 52
45.0
 41
0.6
 77
0
 78
1
 53
90.0
 43
0.0
 44
0.0
 45
-1.905
 46
0.0
 79
0
 98
0
  0
LWPOLYLINE
  5
AC
330
17
100
AcDbEntity
  8
muros_PB
100
AcDbPolyline
 90
4
 70
1
 10
106.0
 20
486.0
 10
154.0
 20
486.0
 10
154.0
 20
478.0
 10
106.0
 20
478.0
  0
HATCH
  5
AD
330
17
100
AcDbEntity
  8
RAYADO_MURO
 62
7
100
AcDbHatch
 10
0.0
 20
0.0
 30
0.0
210
0.0
220
0.0
230
1.0
  2
ANSI31
 70
0
 71
0
 91
1
 92
3
 72
0
 73
1
 93
4
 10
106.0
 20
486.0
 10
154.0
 20
486.0
 10
154.0
 20
478.0
 10
106.0
 20
478.0
 97
0
 75
1
 76
1
 52
45.0
 41
0.6
 77
0
 78
1
 53
90.0
 43
0.0
 44
0.0
 45
-1.905
 46
0.0
 79
0
 98
0
  0
LWPOLYLINE
  5
AE
330
17
100
AcDbEntity
  8
MURO_CENTRAL
100
AcDbPolyline
 90
4
 70
1
 10
60.0
 20
418.0
 10
104.0
 20
418.0
 10
104.0
 20
412.0
 10
60.0
 20
412.0
  0
HATCH
  5
AF
330
17
100
AcDbEntity
  8
RAYADO_MURO_CENTRAL
 62
7
100
AcDbHatch
 10
0.0
 20
0.0
 30
0.0
210
0.0
220
0.0
230
1.0
  2
ANSI37
 70
0
 71
0
 91
1
 92
3
 72
0
 73
1
 93
4
 10
60.0
 20
418.0
 10
104.0
 20
418.0
 10
104.0
 20
412.0
 10
60.0
 20
412.0
 97
0
 75
1
 76
1
 52
45.0
 41
0.6
 77
0
 78
2
 53
90.0
 43
0.0
 44
0.0
 45
-1.905
 46
0.0
 79
0
 53
180.0
 43
0.0
 44
0.0
 45
0.0
 46
-1.905
 79
0
 98
0
  0
LWPOLYLINE
  5
B0
330
17
100
AcDbEntity
  8
MURO_CENTRAL
100
AcDbPolyline
 90
4
 70
1
 10
122.0
 20
418.0
 10
122.0
 20
412.0
 10
164.0
 20
412.0
 10
164.0
 20
418.0
  0
HATCH
  5
B1
330
17
100
AcDbEntity
  8
RAYADO_MURO_CENTRAL
 62
7
100
AcDbHatch
 10
0.0
 20
0.0
 30
0.0
210
0.0
220
0.0
230
1.0
  2
ANSI37
 70
0
 71
0
 91
1
 92
3
 72
0
 73
1
 93
4
 10
122.0
 20
418.0
 10
122.0
 20
412.0
 10
164.0
 20
412.0
 10
164.0
 20
418.0
 97
0
 75
1
 76
1
 52
45.0
 41
0.6
 77
0
 78
2
 53
90.0
 43
0.0
 44
0.0
 45
-1.905
 46
0.0
 79
0
 53
180.0
 43
0.0
 44
0.0
 45
0.0
 46
-1.905
 79
0
 98
0
  0
LWPOLYLINE
  5
B2
330
17
100
AcDbEntity
  8
MURO_CENTRAL
100
AcDbPolyline
 90
4
 70
1
 10
182.0
 20
418.0
 10
182.0
 20
412.0
 10
241.59999999999997
 20
412.0
 10
241.60000000000002
 20
418.0
  0
HATCH
  5
B3
330
17
100
AcDbEntity
  8
RAYADO_MURO_CENTRAL
 62
7
100
AcDbHatch
 10
0.0
 20
0.0
 30
0.0
210
0.0
220
0.0
230
1.0
  2
ANSI37
 70
0
 71
0
 91
1
 92
3
 72
0
 73
1
 93
4
 10
182.0
 20
418.0
 10
182.0
 20
412.0
 10
241.59999999999997
 20
412.0
 10
241.60000000000002
 20
418.0
 97
0
 75
1
 76
1
 52
45.0
 41
0.6
 77
0
 78
2
 53
90.0
 43
0.0
 44
0.0
 45
-1.905
 46
0.0
 79
0
 53
180.0
 43
0.0
 44
0.0
 45
0.0
 46
-1.905
 79
0
 98
0
  0
LWPOLYLINE
  5
B4
330
17
100
AcDbEntity
  8
tabiques
100
AcDbPolyline
 90
4
 70
1
 10
116.0
 20
412.0
 10
118.0
 20
412.0
 10
118.0
 20
382.0
 10
116.0
 20
382.0
  0
HATCH
  5
B5
330
17
100
AcDbEntity
  8
RAYADO_OTROS
 62
7
100
AcDbHatch
 10
0.0
 20
0.0
 30
0.0
210
0.0
220
0.0
230
1.0
  2
SOLID
 70
1
 71
0
 91
1
 92
3
 72
0
 73
1
 93
4
 10
116.0
 20
412.0
 10
118.0
 20
412.0
 10
118.0
 20
382.0
 10
116.0
 20
382.0
 97
0
 75
1
 76
1
 98
0
  0
LWPOLYLINE
  5
B6
330
17
100
AcDbEntity
  8
tabiques
100
AcDbPolyline
 90
4
 70
1
 10
116.0
 20
366.0
 10
118.0
 20
366.0
 10
118.0
 20
350.0
 10
116.0
 20
350.0
  0
HATCH
  5
B7
330
17
100
AcDbEntity
  8
RAYADO_OTROS
 62
7
100
AcDbHatch
 10
0.0
 20
0.0
 30
0.0
210
0.0
220
0.0
230
1.0
  2
SOLID
 70
1
 71
0
 91
1
 92
3
 72
0
 73
1
 93
4
 10
116.0
 20
366.0
 10
118.0
 20
366.0
 10
118.0
 20
350.0
 10
116.0
 20
350.0
 97
0
 75
1
 76
1
 98
0
  0
LWPOLYLINE
  5
B8
330
17
100
AcDbEntity
  8
tabiques
100
AcDbPolyline
 90
4
 70
1
 10
156.0
 20
412.0
 10
158.0
 20
412.0
 10
158.0
 20
382.0
 10
156.0
 20
382.0
  0
HATCH
  5
B9
330
17
100
AcDbEntity
  8
RAYADO_OTROS
 62
7
100
AcDbHatch
 10
0.0
 20
0.0
 30
0.0
210
0.0
220
0.0
230
1.0
  2
SOLID
 70
1
 71
0
 91
1
 92
3
 72
0
 73
1
 93
4
 10
156.0
 20
412.0
 10
158.0
 20
412.0
 10
158.0
 20
382.0
 10
156.0
 20
382.0
 97
0
 75
1
 76
1
 98
0
  0
LWPOLYLINE
  5
BA
330
17
100
AcDbEntity
  8
tabiques
100
AcDbPolyline
 90
4
 70
1
 10
156.0
 20
366.0
 10
158.0
 20
366.0
 10
158.0
 20
350.0
 10
156.0
 20
350.0
  0
HATCH
  5
BB
330
17
100
AcDbEntity
  8
RAYADO_OTROS
 62
7
100
AcDbHatch
 10
0.0
 20
0.0
 30
0.0
210
0.0
220
0.0
230
1.0
  2
SOLID
 70
1
 71
0
 91
1
 92
3
 72
0
 73
1
 93
4
 10
156.0
 20
366.0
 10
158.0
 20
366.0
 10
158.0
 20
350.0
 10
156.0
 20
350.0
 97
0
 75
1
 76
1
 98
0
  0
LWPOLYLINE
  5
BC
330
17
100
AcDbEntity
  8
tabiques
100
AcDbPolyline
 90
4
 70
1
 10
60.0
 20
458.0
 10
104.00000000000001
 20
458.0
 10
104.0
 20
456.0
 10
60.0
 20
456.0
  0
HATCH
  5
BD
330
17
100
AcDbEntity
  8
RAYADO_OTROS
 62
7
100
AcDbHatch
 10
0.0
 20
0.0
 30
0.0
210
0.0
220
0.0
230
1.0
  2
SOLID
 70
1
 71
0
 91
1
 92
3
 72
0
 73
1
 93
4
 10
60.0
 20
458.0
 10
104.00000000000001
 20
458.0
 10
104.0
 20
456.0
 10
60.0
 20
456.0
 97
0
 75
1
 76
1
 98
0
  0
LWPOLYLINE
  5
BE
330
17
100
AcDbEntity
  8
escalera
100
AcDbPolyline
 90
4
 70
1
 10
68.0
 20
478.0
 10
90.0
 20
478.0
 10
90.0
 20
443.625
 10
68.0
 20
443.625
  0
LWPOLYLINE
  5
BF
330
17
100
AcDbEntity
  8
pilares
100
AcDbPolyline
 90
4
 70
1
 10
82.70000000000002
 20
544.0
 10
88.70000000000002
 20
544.0
 10
88.70000000000002
 20
538.0
 10
82.70000000000002
 20
538.0
  0
HATCH
  5
C0
330
17
100
AcDbEntity
  8
RAYADO_OTROS
 62
7
100
AcDbHatch
 10
0.0
 20
0.0
 30
0.0
210
0.0
220
0.0
230
1.0
  2
SOLID
 70
1
 71
0
 91
1
 92
3
 72
0
 73
1
 93
4
 10
82.70000000000002
 20
544.0
 10
88.70000000000002
 20
544.0
 10
88.70000000000002
 20
538.0
 10
82.70000000000002
 20
538.0
 97
0
 75
1
 76
1
 98
0
  0
LWPOLYLINE
  5
C1
330
17
100
AcDbEntity
  8
pilares
100
AcDbPolyline
 90
4
 70
1
 10
212.9
 20
544.0
 10
218.9
 20
544.0
 10
218.9
 20
538.0
 10
212.9
 20
538.0
  0
HATCH
  5
C2
330
17
100
AcDbEntity
  8
RAYADO_OTROS
 62
7
100
AcDbHatch
 10
0.0
 20
0.0
 30
0.0
210
0.0
220
0.0
230
1.0
  2
SOLID
 70
1
 71
0
 91
1
 92
3
 72
0
 73
1
 93
4
 10
212.9
 20
544.0
 10
218.9
 20
544.0
 10
218.9
 20
538.0
 10
212.9
 20
538.0
 97
0
 75
1
 76
1
 98
0
  0
LWPOLYLINE
  5
C3
330
17
100
AcDbEntity
  8
pilares
100
AcDbPolyline
 90
4
 70
1
 10
82.70000000000002
 20
492.0
 10
88.70000000000002
 20
492.0
 10
88.70000000000002
 20
486.0
 10
82.70000000000002
 20
486.0
  0
HATCH
  5
C4
330
17
100
AcDbEntity
  8
RAYADO_OTROS
 62
7
100
AcDbHatch
 10
0.0
 20
0.0
 30
0.0
210
0.0
220
0.0
230
1.0
  2
SOLID
 70
1
 71
0
 91
1
 92
3
 72
0
 73
1
 93
4
 10
82.70000000000002
 20
492.0
 10
88.70000000000002
 20
492.0
 10
88.70000000000002
 20
486.0
 10
82.70000000000002
 20
486.0
 97
0
 75
1
 76
1
 98
0
  0
LWPOLYLINE
  5
C5
330
17
100
AcDbEntity
  8
pilares
100
AcDbPolyline
 90
4
 70
1
 10
212.9
 20
492.0
 10
218.9
 20
492.0
 10
218.9
 20
486.0
 10
212.9
 20
486.0
  0
HATCH
  5
C6
330
17
100
AcDbEntity
  8
RAYADO_OTROS
 62
7
100
AcDbHatch
 10
0.0
 20
0.0
 30
0.0
210
0.0
220
0.0
230
1.0
  2
SOLID
 70
1
 71
0
 91
1
 92
3
 72
0
 73
1
 93
4
 10
212.9
 20
492.0
 10
218.9
 20
492.0
 10
218.9
 20
486.0
 10
212.9
 20
486.0
 97
0
 75
1
 76
1
 98
0
  0
LINE
  5
C7
330
17
100
AcDbEntity
  8
HUECOS
100
AcDbLine
 10
64.0
 20
342.0
 30
0.0
 11
64.0
 21
350.0
 31
0.0
  0
LINE
  5
C8
330
17
100
AcDbEntity
  8
HUECOS
100
AcDbLine
 10
88.0
 20
342.0
 30
0.0
 11
88.0
 21
350.0
 31
0.0
  0
LINE
  5
C9
330
17
100
AcDbEntity
  8
CARPINTERIA
100
AcDbLine
 10
64.0
 20
344.8
 30
0.0
 11
88.0
 21
344.8
 31
0.0
  0
LINE
  5
CA
330
17
100
AcDbEntity
  8
CARPINTERIA
100
AcDbLine
 10
64.0
 20
347.2
 30
0.0
 11
88.0
 21
347.2
 31
0.0
  0
TEXT
  5
CB
330
17
100
AcDbEntity
  8
TEXTO
100
AcDbText
 10
76.0
 20
335.0
 30
0.0
 40
1.8
  1
V1
 72
1
 11
76.0
 21
335.0
 31
0.0
100
AcDbText
 73
2
  0
LINE
  5
CC
330
17
100
AcDbEntity
  8
HUECOS
100
AcDbLine
 10
132.60000000000002
 20
342.0
 30
0.0
 11
132.60000000000002
 21
350.0
 31
0.0
  0
LINE
  5
CD
330
17
100
AcDbEntity
  8
HUECOS
100
AcDbLine
 10
148.6
 20
342.0
 30
0.0
 11
148.6
 21
350.0
 31
0.0
  0
LINE
  5
CE
330
17
100
AcDbEntity
  8
CARPINTERIA
100
AcDbLine
 10
132.60000000000002
 20
344.8
 30
0.0
 11
148.6
 21
344.8
 31
0.0
  0
LINE
  5
CF
330
17
100
AcDbEntity
  8
CARPINTERIA
100
AcDbLine
 10
132.60000000000002
 20
347.2
 30
0.0
 11
148.6
 21
347.2
 31
0.0
  0
TEXT
  5
D0
330
17
100
AcDbEntity
  8
TEXTO
100
AcDbText
 10
140.60000000000002
 20
335.0
 30
0.0
 40
1.8
  1
V1
 72
1
 11
140.60000000000002
 21
335.0
 31
0.0
100
AcDbText
 73
2
  0
LINE
  5
D1
330
17
100
AcDbEntity
  8
HUECOS
100
AcDbLine
 10
193.2
 20
342.0
 30
0.0
 11
193.2
 21
350.0
 31
0.0
  0
LINE
  5
D2
330
17
100
AcDbEntity
  8
HUECOS
100
AcDbLine
 10
217.2
 20
342.0
 30
0.0
 11
217.2
 21
350.0
 31
0.0
  0
LINE
  5
D3
330
17
100
AcDbEntity
  8
CARPINTERIA
100
AcDbLine
 10
193.2
 20
344.8
 30
0.0
 11
217.2
 21
344.8
 31
0.0
  0
LINE
  5
D4
330
17
100
AcDbEntity
  8
CARPINTERIA
100
AcDbLine
 10
193.2
 20
347.2
 30
0.0
 11
217.2
 21
347.2
 31
0.0
  0
TEXT
  5
D5
330
17
100
AcDbEntity
  8
TEXTO
100
AcDbText
 10
205.2
 20
335.0
 30
0.0
 40
1.8
  1
V1
 72
1
 11
205.2
 21
335.0
 31
0.0
100
AcDbText
 73
2
  0
LINE
  5
D6
330
17
100
AcDbEntity
  8
HUECOS
100
AcDbLine
 10
82.0
 20
478.0
 30
0.0
 11
82.0
 21
486.0
 31
0.0
  0
LINE
  5
D7
330
17
100
AcDbEntity
  8
HUECOS
100
AcDbLine
 10
106.0
 20
478.0
 30
0.0
 11
106.0
 21
486.0
 31
0.0
  0
LINE
  5
D8
330
17
100
AcDbEntity
  8
CARPINTERIA
100
AcDbLine
 10
82.0
 20
480.79999999999995
 30
0.0
 11
106.0
 21
480.79999999999995
 31
0.0
  0
LINE
  5
D9
330
17
100
AcDbEntity
  8
CARPINTERIA
100
AcDbLine
 10
82.0
 20
483.20000000000005
 30
0.0
 11
106.0
 21
483.20000000000005
 31
0.0
  0
TEXT
  5
DA
330
17
100
AcDbEntity
  8
TEXTO
100
AcDbText
 10
94.0
 20
493.0
 30
0.0
 40
1.8
  1
V2
 72
1
 11
94.0
 21
493.0
 31
0.0
100
AcDbText
 73
2
  0
LINE
  5
DB
330
17
100
AcDbEntity
  8
HUECOS
100
AcDbLine
 10
154.0
 20
478.0
 30
0.0
 11
154.0
 21
486.0
 31
0.0
  0
LINE
  5
DC
330
17
100
AcDbEntity
  8
HUECOS
100
AcDbLine
 10
174.0
 20
478.0
 30
0.0
 11
174.0
 21
486.0
 31
0.0
  0
LINE
  5
DD
330
17
100
AcDbEntity
  8
CARPINTERIA
100
AcDbLine
 10
154.0
 20
478.0
 30
0.0
 11
154.0
 21
458.0
 31
0.0
  0
ARC
  5
DE
330
17
100
AcDbEntity
  8
CARPINTERIA
100
AcDbCircle
 10
154.0
 20
478.0
 30
0.0
 40
20.0
100
AcDbArc
 50
-90.0
 51
0.0
  0
TEXT
  5
DF
330
17
100
AcDbEntity
  8
TEXTO
100
AcDbText
 10
164.0
 20
493.0
 30
0.0
 40
1.8
  1
P0
 72
1
 11
164.0
 21
493.0
 31
0.0
100
AcDbText
 73
2
  0
LINE
  5
E0
330
17
100
AcDbEntity
  8
HUECOS
100
AcDbLine
 10
104.0
 20
412.0
 30
0.0
 11
104.0
 21
418.0
 31
0.0
  0
LINE
  5
E1
330
17
100
AcDbEntity
  8
HUECOS
100
AcDbLine
 10
122.0
 20
412.0
 30
0.0
 11
122.0
 21
418.0
 31
0.0
  0
LINE
  5
E2
330
17
100
AcDbEntity
  8
CARPINTERIA
100
AcDbLine
 10
104.0
 20
418.0
 30
0.0
 11
104.0
 21
436.0
 31
0.0
  0
ARC
  5
E3
330
17
100
AcDbEntity
  8
CARPINTERIA
100
AcDbCircle
 10
104.0
 20
418.0
 30
0.0
 40
18.0
100
AcDbArc
 50
0.0
 51
90.0
  0
TEXT
  5
E4
330
17
100
AcDbEntity
  8
TEXTO
100
AcDbText
 10
113.0
 20
424.0
 30
0.0
 40
1.8
  1
P1
 72
1
 11
113.0
 21
424.0
 31
0.0
100
AcDbText
 73
2
  0
LINE
  5
E5
330
17
100
AcDbEntity
  8
HUECOS
100
AcDbLine
 10
164.0
 20
412.0
 30
0.0
 11
164.0
 21
418.0
 31
0.0
  0
LINE
  5
E6
330
17
100
AcDbEntity
  8
HUECOS
100
AcDbLine
 10
182.0
 20
412.0
 30
0.0
 11
182.0
 21
418.0
 31
0.0
  0
LINE
  5
E7
330
17
100
AcDbEntity
  8
CARPINTERIA
100
AcDbLine
 10
182.0
 20
412.0
 30
0.0
 11
182.0
 21
394.0
 31
0.0
  0
ARC
  5
E8
330
17
100
AcDbEntity
  8
CARPINTERIA
100
AcDbCircle
 10
182.0
 20
412.0
 30
0.0
 40
18.0
100
AcDbArc
 50
180.0
 51
-90.0
  0
TEXT
  5
E9
330
17
100
AcDbEntity
  8
TEXTO
100
AcDbText
 10
173.0
 20
406.0
 30
0.0
 40
1.8
  1
P1
 72
1
 11
173.0
 21
406.0
 31
0.0
100
AcDbText
 73
2
  0
LINE
  5
EA
330
17
100
AcDbEntity
  8
HUECOS
100
AcDbLine
 10
116.0
 20
366.0
 30
0.0
 11
118.0
 21
366.0
 31
0.0
  0
LINE
  5
EB
330
17
100
AcDbEntity
  8
HUECOS
100
AcDbLine
 10
116.0
 20
382.0
 30
0.0
 11
118.0
 21
382.0
 31
0.0
  0
LINE
  5
EC
330
17
100
AcDbEntity
  8
CARPINTERIA
100
AcDbLine
 10
118.0
 20
366.0
 30
0.0
 11
134.0
 21
366.0
 31
0.0
  0
ARC
  5
ED
330
17
100
AcDbEntity
  8
CARPINTERIA
100
AcDbCircle
 10
118.0
 20
366.0
 30
0.0
 40
16.0
100
AcDbArc
 50
0.0
 51
90.0
  0
TEXT
  5
EE
330
17
100
AcDbEntity
  8
TEXTO
100
AcDbText
 10
124.0
 20
374.0
 30
0.0
 40
1.8
  1
P2
 72
1
 11
124.0
 21
374.0
 31
0.0
100
AcDbText
 73
2
  0
LINE
  5
EF
330
17
100
AcDbEntity
  8
HUECOS
100
AcDbLine
 10
156.0
 20
366.0
 30
0.0
 11
158.0
 21
366.0
 31
0.0
  0
LINE
  5
F0
330
17
100
AcDbEntity
  8
HUECOS
100
AcDbLine
 10
156.0
 20
382.0
 30
0.0
 11
158.0
 21
382.0
 31
0.0
  0
LINE
  5
F1
330
17
100
AcDbEntity
  8
CARPINTERIA
100
AcDbLine
 10
156.0
 20
382.0
 30
0.0
 11
140.0
 21
382.0
 31
0.0
  0
ARC
  5
F2
330
17
100
AcDbEntity
  8
CARPINTERIA
100
AcDbCircle
 10
156.0
 20
382.0
 30
0.0
 40
16.0
100
AcDbArc
 50
180.0
 51
-90.0
  0
TEXT
  5
F3
330
17
100
AcDbEntity
  8
TEXTO
100
AcDbText
 10
150.0
 20
374.0
 30
0.0
 40
1.8
  1
P2
 72
1
 11
150.0
 21
374.0
 31
0.0
100
AcDbText
 73
2
  0
LINE
  5
F4
330
17
100
AcDbEntity
  8
escalera
100
AcDbLine
 10
68.0
 20
428.0
 30
0.0
 11
90.0
 21
428.0
 31
0.0
  0
LINE
  5
F5
330
17
100
AcDbEntity
  8
escalera
100
AcDbLine
 10
68.0
 20
431.125
 30
0.0
 11
90.0
 21
431.125
 31
0.0
  0
LINE
  5
F6
330
17
100
AcDbEntity
  8
escalera
100
AcDbLine
 10
68.0
 20
434.25
 30
0.0
 11
90.0
 21
434.25
 31
0.0
  0
LINE
  5
F7
330
17
100
AcDbEntity
  8
escalera
100
AcDbLine
 10
68.0
 20
437.375
 30
0.0
 11
90.0
 21
437.375
 31
0.0
  0
LINE
  5
F8
330
17
100
AcDbEntity
  8
escalera
100
AcDbLine
 10
68.0
 20
440.5
 30
0.0
 11
90.0
 21
440.5
 31
0.0
  0
LINE
  5
F9
330
17
100
AcDbEntity
  8
escalera
100
AcDbLine
 10
68.0
 20
443.625
 30
0.0
 11
90.0
 21
443.625
 31
0.0
  0
LINE
  5
FA
330
17
100
AcDbEntity
  8
escalera
100
AcDbLine
 10
68.0
 20
446.75
 30
0.0
 11
90.0
 21
446.75
 31
0.0
  0
LINE
  5
FB
330
17
100
AcDbEntity
  8
escalera
100
AcDbLine
 10
68.0
 20
449.875
 30
0.0
 11
90.0
 21
449.875
 31
0.0
  0
LINE
  5
FC
330
17
100
AcDbEntity
  8
escalera
100
AcDbLine
 10
68.0
 20
453.0
 30
0.0
 11
90.0
 21
453.0
 31
0.0
  0
LINE
  5
FD
330
17
100
AcDbEntity
  8
escalera
100
AcDbLine
 10
68.0
 20
456.125
 30
0.0
 11
90.0
 21
456.125
 31
0.0
  0
LINE
  5
FE
330
17
100
AcDbEntity
  8
escalera
100
AcDbLine
 10
68.0
 20
459.25
 30
0.0
 11
90.0
 21
459.25
 31
0.0
  0
LINE
  5
FF
330
17
100
AcDbEntity
  8
escalera
100
AcDbLine
 10
68.0
 20
462.375
 30
0.0
 11
90.0
 21
462.375
 31
0.0
  0
LINE
  5
100
330
17
100
AcDbEntity
  8
escalera
100
AcDbLine
 10
68.0
 20
465.5
 30
0.0
 11
90.0
 21
465.5
 31
0.0
  0
LINE
  5
101
330
17
100
AcDbEntity
  8
escalera
100
AcDbLine
 10
68.0
 20
468.625
 30
0.0
 11
90.0
 21
468.625
 31
0.0
  0
LINE
  5
102
330
17
100
AcDbEntity
  8
escalera
100
AcDbLine
 10
68.0
 20
471.75
 30
0.0
 11
90.0
 21
471.75
 31
0.0
  0
LINE
  5
103
330
17
100
AcDbEntity
  8
escalera
100
AcDbLine
 10
68.0
 20
474.875
 30
0.0
 11
90.0
 21
474.875
 31
0.0
  0
LINE
  5
104
330
17
100
AcDbEntity
  8
escalera
100
AcDbLine
 10
68.0
 20
478.0
 30
0.0
 11
90.0
 21
478.0
 31
0.0
  0
TEXT
  5
105
330
17
100
AcDbEntity
  8
TEXTO
100
AcDbText
 10
79.0
 20
453.0
 30
0.0
 40
2.0
  1
ESC.
 72
1
 11
79.0
 21
453.0
 31
0.0
100
AcDbText
 73
2
  0
TEXT
  5
106
330
17
100
AcDbEntity
  8
TEXTO
100
AcDbText
 10
88.0
 20
388.0
 30
0.0
 40
2.4
  1
Despacho
 72
1
 11
88.0
 21
388.0
 31
0.0
100
AcDbText
 73
2
  0
TEXT
  5
107
330
17
100
AcDbEntity
  8
TEXTO
100
AcDbText
 10
88.0
 20
378.0
 30
0.0
 40
1.8
  1
2.80 x 3.10 m  |  8.68 m²
 72
1
 11
88.0
 21
378.0
 31
0.0
100
AcDbText
 73
2
  0
TEXT
  5
108
330
17
100
AcDbEntity
  8
TEXTO
100
AcDbText
 10
137.0
 20
388.0
 30
0.0
 40
2.4
  1
Baño
 72
1
 11
137.0
 21
388.0
 31
0.0
100
AcDbText
 73
2
  0
TEXT
  5
109
330
17
100
AcDbEntity
  8
TEXTO
100
AcDbText
 10
137.0
 20
378.0
 30
0.0
 40
1.8
  1
1.90 x 3.10 m  |  5.89 m²
 72
1
 11
137.0
 21
378.0
 31
0.0
100
AcDbText
 73
2
  0
TEXT
  5
10A
330
17
100
AcDbEntity
  8
TEXTO
100
AcDbText
 10
199.8
 20
388.0
 30
0.0
 40
2.4
  1
Dormitorio
 72
1
 11
199.8
 21
388.0
 31
0.0
100
AcDbText
 73
2
  0
TEXT
  5
10B
330
17
100
AcDbEntity
  8
TEXTO
100
AcDbText
 10
199.8
 20
378.0
 30
0.0
 40
1.8
  1
4.18 x 3.10 m  |  12.96 m²
 72
1
 11
199.8
 21
378.0
 31
0.0
100
AcDbText
 73
2
  0
TEXT
  5
10C
330
17
100
AcDbEntity
  8
TEXTO
100
AcDbText
 10
162.8
 20
455.0
 30
0.0
 40
2.4
  1
Salón-cocina-escalera
 72
1
 11
162.8
 21
455.0
 31
0.0
100
AcDbText
 73
2
  0
TEXT
  5
10D
330
17
100
AcDbEntity
  8
TEXTO
100
AcDbText
 10
162.8
 20
445.0
 30
0.0
 40
1.8
  1
9.08 x 3.00 m  |  27.24 m²
 72
1
 11
162.8
 21
445.0
 31
0.0
100
AcDbText
 73
2
  0
TEXT
  5
10E
330
17
100
AcDbEntity
  8
TEXTO
100
AcDbText
 10
150.8
 20
522.0
 30
0.0
 40
2.4
  1
Porche
 72
1
 11
150.8
 21
522.0
 31
0.0
100
AcDbText
 73
2
  0
TEXT
  5
10F
330
17
100
AcDbEntity
  8
TEXTO
100
AcDbText
 10
150.8
 20
512.0
 30
0.0
 40
1.8
  1
6.81 x 2.90 m  |  19.75 m²
 72
1
 11
150.8
 21
512.0
 31
0.0
100
AcDbText
 73
2
  0
DIMENSION
  5
110
330
17
100
AcDbEntity
  8
COTAS
100
AcDbDimension
280
0
  2
*D1
  3
EZDXF
 10
52.0
 20
330.0
 30
0.0
 11
58.0
 21
331.7
 31
0.0
 70
32
 71
5
  1
0.60
100
AcDbAlignedDimension
 13
52.0
 23
342.0
 33
0.0
 14
64.0
 24
342.0
 34
0.0
 50
0.0
100
AcDbRotatedDimension
1001
ACAD
1000
DSTYLE
1002
{
1070
140
1040
2.2
1070
41
1040
1.8
1070
44
1040
1.0
1070
42
1040
0.8
1070
147
1040
0.6
1070
77
1070
1
1070
178
1070
3
1002
}
  0
DIMENSION
  5
11F
330
17
100
AcDbEntity
  8
COTAS
100
AcDbDimension
280
0
  2
*D2
  3
EZDXF
 10
64.0
 20
330.0
 30
0.0
 11
76.0
 21
331.7
 31
0.0
 70
32
 71
5
  1
1.20
100
AcDbAlignedDimension
 13
64.0
 23
342.0
 33
0.0
 14
88.0
 24
342.0
 34
0.0
 50
0.0
100
AcDbRotatedDimension
1001
ACAD
1000
DSTYLE
1002
{
1070
140
1040
2.2
1070
41
1040
1.8
1070
44
1040
1.0
1070
42
1040
0.8
1070
147
1040
0.6
1070
77
1070
1
1070
178
1070
3
1002
}
  0
DIMENSION
  5
12E
330
17
100
AcDbEntity
  8
COTAS
100
AcDbDimension
280
0
  2
*D3
  3
EZDXF
 10
88.0
 20
330.0
 30
0.0
 11
110.30000000000001
 21
331.7
 31
0.0
 70
32
 71
5
  1
2.23
100
AcDbAlignedDimension
 13
88.0
 23
342.0
 33
0.0
 14
132.60000000000002
 24
342.0
 34
0.0
 50
0.0
100
AcDbRotatedDimension
1001
ACAD
1000
DSTYLE
1002
{
1070
140
1040
2.2
1070
41
1040
1.8
1070
44
1040
1.0
1070
42
1040
0.8
1070
147
1040
0.6
1070
77
1070
1
1070
178
1070
3
1002
}
  0
DIMENSION
  5
13D
330
17
100
AcDbEntity
  8
COTAS
100
AcDbDimension
280
0
  2
*D4
  3
EZDXF
 10
132.60000000000002
 20
330.0
 30
0.0
 11
140.60000000000002
 21
331.7
 31
0.0
 70
32
 71
5
  1
0.80
100
AcDbAlignedDimension
 13
132.60000000000002
 23
342.0
 33
0.0
 14
148.6
 24
342.0
 34
0.0
 50
0.0
100
AcDbRotatedDimension
1001
ACAD
1000
DSTYLE
1002
{
1070
140
1040
2.2
1070
41
1040
1.8
1070
44
1040
1.0
1070
42
1040
0.8
1070
147
1040
0.6
1070
77
1070
1
1070
178
1070
3
1002
}
  0
DIMENSION
  5
14C
330
17
100
AcDbEntity
  8
COTAS
100
AcDbDimension
280
0
  2
*D5
  3
EZDXF
 10
148.6
 20
330.0
 30
0.0
 11
170.89999999999998
 21
331.7
 31
0.0
 70
32
 71
5
  1
2.23
100
AcDbAlignedDimension
 13
148.6
 23
342.0
 33
0.0
 14
193.2
 24
342.0
 34
0.0
 50
0.0
100
AcDbRotatedDimension
1001
ACAD
1000
DSTYLE
1002
{
1070
140
1040
2.2
1070
41
1040
1.8
1070
44
1040
1.0
1070
42
1040
0.8
1070
147
1040
0.6
1070
77
1070
1
1070
178
1070
3
1002
}
  0
DIMENSION
  5
15B
330
17
100
AcDbEntity
  8
COTAS
100
AcDbDimension
280
0
  2
*D6
  3
EZDXF
 10
193.2
 20
330.0
 30
0.0
 11
205.2
 21
331.7
 31
0.0
 70
32
 71
5
  1
1.20
100
AcDbAlignedDimension
 13
193.2
 23
342.0
 33
0.0
 14
217.2
 24
342.0
 34
0.0
 50
0.0
100
AcDbRotatedDimension
1001
ACAD
1000
DSTYLE
1002
{
1070
140
1040
2.2
1070
41
1040
1.8
1070
44
1040
1.0
1070
42
1040
0.8
1070
147
1040
0.6
1070
77
1070
1
1070
178
1070
3
1002
}
  0
DIMENSION
  5
16A
330
17
100
AcDbEntity
  8
COTAS
100
AcDbDimension
280
0
  2
*D7
  3
EZDXF
 10
217.2
 20
330.0
 30
0.0
 11
233.4
 21
331.7
 31
0.0
 70
32
 71
5
  1
1.62
100
AcDbAlignedDimension
 13
217.2
 23
342.0
 33
0.0
 14
249.60000000000002
 24
342.0
 34
0.0
 50
0.0
100
AcDbRotatedDimension
1001
ACAD
1000
DSTYLE
1002
{
1070
140
1040
2.2
1070
41
1040
1.8
1070
44
1040
1.0
1070
42
1040
0.8
1070
147
1040
0.6
1070
77
1070
1
1070
178
1070
3
1002
}
  0
DIMENSION
  5
179
330
17
100
AcDbEntity
  8
COTAS
100
AcDbDimension
280
0
  2
*D8
  3
EZDXF
 10
52.0
 20
318.0
 30
0.0
 11
150.8
 21
319.7
 31
0.0
 70
32
 71
5
  1
9.88
100
AcDbAlignedDimension
 13
52.0
 23
342.0
 33
0.0
 14
249.60000000000002
 24
342.0
 34
0.0
 50
0.0
100
AcDbRotatedDimension
1001
ACAD
1000
DSTYLE
1002
{
1070
140
1040
2.2
1070
41
1040
1.8
1070
44
1040
1.0
1070
42
1040
0.8
1070
147
1040
0.6
1070
77
1070
1
1070
178
1070
3
1002
}
  0
DIMENSION
  5
188
330
17
100
AcDbEntity
  8
COTAS
100
AcDbDimension
280
0
  2
*D9
  3
EZDXF
 10
261.6
 20
342.0
 30
0.0
 11
258.90000000000003
 21
346.0
 31
0.0
 70
32
 71
5
  1
0.40
100
AcDbAlignedDimension
 13
249.60000000000002
 23
342.0
 33
0.0
 14
249.60000000000002
 24
350.0
 34
0.0
 50
90.0
100
AcDbRotatedDimension
1001
ACAD
1000
DSTYLE
1002
{
1070
140
1040
2.2
1070
41
1040
1.8
1070
44
1040
1.0
1070
42
1040
0.8
1070
147
1040
0.6
1070
77
1070
1
1070
178
1070
3
1002
}
  0
DIMENSION
  5
197
330
17
100
AcDbEntity
  8
COTAS
100
AcDbDimension
280
0
  2
*D10
  3
EZDXF
 10
261.6
 20
350.0
 30
0.0
 11
259.90000000000003
 21
381.0
 31
0.0
 70
32
 71
5
  1
3.10
100
AcDbAlignedDimension
 13
249.60000000000002
 23
350.0
 33
0.0
 14
249.60000000000002
 24
412.0
 34
0.0
 50
90.0
100
AcDbRotatedDimension
1001
ACAD
1000
DSTYLE
1002
{
1070
140
1040
2.2
1070
41
1040
1.8
1070
44
1040
1.0
1070
42
1040
0.8
1070
147
1040
0.6
1070
77
1070
1
1070
178
1070
3
1002
}
  0
DIMENSION
  5
1A6
330
17
100
AcDbEntity
  8
COTAS
100
AcDbDimension
280
0
  2
*D11
  3
EZDXF
 10
261.6
 20
412.0
 30
0.0
 11
258.90000000000003
 21
415.0
 31
0.0
 70
32
 71
5
  1
0.30
100
AcDbAlignedDimension
 13
249.60000000000002
 23
412.0
 33
0.0
 14
249.60000000000002
 24
418.0
 34
0.0
 50
90.0
100
AcDbRotatedDimension
1001
ACAD
1000
DSTYLE
1002
{
1070
140
1040
2.2
1070
41
1040
1.8
1070
44
1040
1.0
1070
42
1040
0.8
1070
147
1040
0.6
1070
77
1070
1
1070
178
1070
3
1002
}
  0
DIMENSION
  5
1B5
330
17
100
AcDbEntity
  8
COTAS
100
AcDbDimension
280
0
  2
*D12
  3
EZDXF
 10
261.6
 20
418.0
 30
0.0
 11
259.90000000000003
 21
448.0
 31
0.0
 70
32
 71
5
  1
3.00
100
AcDbAlignedDimension
 13
249.60000000000002
 23
418.0
 33
0.0
 14
249.60000000000002
 24
478.0
 34
0.0
 50
90.0
100
AcDbRotatedDimension
1001
ACAD
1000
DSTYLE
1002
{
1070
140
1040
2.2
1070
41
1040
1.8
1070
44
1040
1.0
1070
42
1040
0.8
1070
147
1040
0.6
1070
77
1070
1
1070
178
1070
3
1002
}
  0
DIMENSION
  5
1C4
330
17
100
AcDbEntity
  8
COTAS
100
AcDbDimension
280
0
  2
*D13
  3
EZDXF
 10
261.6
 20
478.0
 30
0.0
 11
258.90000000000003
 21
482.0
 31
0.0
 70
32
 71
5
  1
0.40
100
AcDbAlignedDimension
 13
249.60000000000002
 23
478.0
 33
0.0
 14
249.60000000000002
 24
486.0
 34
0.0
 50
90.0
100
AcDbRotatedDimension
1001
ACAD
1000
DSTYLE
1002
{
1070
140
1040
2.2
1070
41
1040
1.8
1070
44
1040
1.0
1070
42
1040
0.8
1070
147
1040
0.6
1070
77
1070
1
1070
178
1070
3
1002
}
  0
DIMENSION
  5
1D3
330
17
100
AcDbEntity
  8
COTAS
100
AcDbDimension
280
0
  2
*D14
  3
EZDXF
 10
261.6
 20
486.0
 30
0.0
 11
259.90000000000003
 21
515.0
 31
0.0
 70
32
 71
5
  1
2.90
100
AcDbAlignedDimension
 13
249.60000000000002
 23
486.0
 33
0.0
 14
249.60000000000002
 24
544.0
 34
0.0
 50
90.0
100
AcDbRotatedDimension
1001
ACAD
1000
DSTYLE
1002
{
1070
140
1040
2.2
1070
41
1040
1.8
1070
44
1040
1.0
1070
42
1040
0.8
1070
147
1040
0.6
1070
77
1070
1
1070
178
1070
3
1002
}
  0
DIMENSION
  5
1E2
330
17
100
AcDbEntity
  8
COTAS
100
AcDbDimension
280
0
  2
*D15
  3
EZDXF
 10
273.6
 20
342.0
 30
0.0
 11
271.90000000000003
 21
414.0
 31
0.0
 70
32
 71
5
  1
7.20
100
AcDbAlignedDimension
 13
249.60000000000002
 23
342.0
 33
0.0
 14
249.60000000000002
 24
486.0
 34
0.0
 50
90.0
100
AcDbRotatedDimension
1001
ACAD
1000
DSTYLE
1002
{
1070
140
1040
2.2
1070
41
1040
1.8
1070
44
1040
1.0
1070
42
1040
0.8
1070
147
1040
0.6
1070
77
1070
1
1070
178
1070
3
1002
}
  0
DIMENSION
  5
1F1
330
17
100
AcDbEntity
  8
COTAS
100
AcDbDimension
280
0
  2
*D16
  3
EZDXF
 10
82.70000000000002
 20
556.0
 30
0.0
 11
150.8
 21
557.7
 31
0.0
 70
32
 71
5
  1
6.81
100
AcDbAlignedDimension
 13
82.70000000000002
 23
544.0
 33
0.0
 14
218.9
 24
544.0
 34
0.0
 50
0.0
100
AcDbRotatedDimension
1001
ACAD
1000
DSTYLE
1002
{
1070
140
1040
2.2
1070
41
1040
1.8
1070
44
1040
1.0
1070
42
1040
0.8
1070
147
1040
0.6
1070
77
1070
1
1070
178
1070
3
1002
}
  0
LINE
  5
200
330
17
100
AcDbEntity
  8
COTAS
100
AcDbLine
 10
240.0
 20
512.0
 30
0.0
 11
240.0
 21
532.0
 31
0.0
  0
TEXT
  5
201
330
17
100
AcDbEntity
  8
TEXTO
100
AcDbText
 10
240.0
 20
538.0
 30
0.0
 40
3.0
  1
N
 72
1
 11
240.0
 21
538.0
 31
0.0
100
AcDbText
 73
2
  0
LINE
  5
202
330
17
100
AcDbEntity
  8
COTAS
100
AcDbLine
 10
240.0
 20
532.0
 30
0.0
 11
237.0
 21
524.0
 31
0.0
  0
LINE
  5
203
330
17
100
AcDbEntity
  8
COTAS
100
AcDbLine
 10
240.0
 20
532.0
 30
0.0
 11
243.0
 21
524.0
 31
0.0
  0
LINE
  5
204
330
17
100
AcDbEntity
  8
CORTES
100
AcDbLine
 10
141.0
 20
335.0
 30
0.0
 11
141.0
 21
551.0
 31
0.0
  0
LINE
  5
205
330
17
100
AcDbEntity
  8
CORTES
100
AcDbLine
 10
45.0
 20
415.0
 30
0.0
 11
256.6
 21
415.0
 31
0.0
  0
TEXT
  5
206
330
17
100
AcDbEntity
  8
CORTES
100
AcDbText
 10
141.0
 20
330.0
 30
0.0
 40
3.0
  1
A
 72
1
 11
141.0
 21
330.0
 31
0.0
100
AcDbText
 73
2
  0
TEXT
  5
207
330
17
100
AcDbEntity
  8
CORTES
100
AcDbText
 10
141.0
 20
556.0
 30
0.0
 40
3.0
  1
A'
 72
1
 11
141.0
 21
556.0
 31
0.0
100
AcDbText
 73
2
  0
TEXT
  5
208
330
17
100
AcDbEntity
  8
CORTES
100
AcDbText
 10
40.0
 20
415.0
 30
0.0
 40
3.0
  1
B
 72
1
 11
40.0
 21
415.0
 31
0.0
100
AcDbText
 73
2
  0
TEXT
  5
209
330
17
100
AcDbEntity
  8
CORTES
100
AcDbText
 10
261.6
 20
415.0
 30
0.0
 40
3.0
  1
B'
 72
1
 11
261.6
 21
415.0
 31
0.0
100
AcDbText
 73
2
  0
LINE
  5
20A
330
17
100
AcDbEntity
  8
CORTES
100
AcDbLine
 10
141.0
 20
335.0
 30
0.0
 11
133.0
 21
335.0
 31
0.0
  0
LINE
  5
20B
330
17
100
AcDbEntity
  8
CORTES
100
AcDbLine
 10
141.0
 20
551.0
 30
0.0
 11
133.0
 21
551.0
 31
0.0
  0
LINE
  5
20C
330
17
100
AcDbEntity
  8
CORTES
100
AcDbLine
 10
45.0
 20
415.0
 30
0.0
 11
45.0
 21
423.0
 31
0.0
  0
LINE
  5
20D
330
17
100
AcDbEntity
  8
CORTES
100
AcDbLine
 10
256.6
 20
415.0
 30
0.0
 11
256.6
 21
423.0
 31
0.0
  0
TEXT
  5
20E
330
17
100
AcDbEntity
  8
TEXTO
100
AcDbText
 10
150.8
 20
302.0
 30
0.0
 40
4.0
  1
PLANTA BAJA  esc. 1/50
 72
1
 11
150.8
 21
302.0
 31
0.0
100
AcDbText
 73
2
  0
LWPOLYLINE
  5
20F
330
17
100
AcDbEntity
  8
muros_PA
100
AcDbPolyline
 90
8
 70
1
 10
322.0
 20
486.0
 10
386.0
 20
486.0
 10
386.0
 20
478.0
 10
330.0
 20
478.0
 10
330.0
 20
350.0
 10
334.0
 20
350.0
 10
334.0
 20
342.0
 10
322.0
 20
342.0
  0
HATCH
  5
210
330
17
100
AcDbEntity
  8
RAYADO_MURO
 62
7
100
AcDbHatch
 10
0.0
 20
0.0
 30
0.0
210
0.0
220
0.0
230
1.0
  2
ANSI31
 70
0
 71
0
 91
1
 92
3
 72
0
 73
1
 93
8
 10
322.0
 20
486.0
 10
386.0
 20
486.0
 10
386.0
 20
478.0
 10
330.0
 20
478.0
 10
330.0
 20
350.0
 10
334.0
 20
350.0
 10
334.0
 20
342.0
 10
322.0
 20
342.0
 97
0
 75
1
 76
1
 52
45.0
 41
0.6
 77
0
 78
1
 53
90.0
 43
0.0
 44
0.0
 45
-1.905
 46
0.0
 79
0
 98
0
  0
LWPOLYLINE
  5
211
330
17
100
AcDbEntity
  8
muros_PA
100
AcDbPolyline
 90
4
 70
1
 10
358.0
 20
350.0
 10
358.0
 20
342.0
 10
402.6
 20
342.0
 10
402.6
 20
350.0
  0
HATCH
  5
212
330
17
100
AcDbEntity
  8
RAYADO_MURO
 62
7
100
AcDbHatch
 10
0.0
 20
0.0
 30
0.0
210
0.0
220
0.0
230
1.0
  2
ANSI31
 70
0
 71
0
 91
1
 92
3
 72
0
 73
1
 93
4
 10
358.0
 20
350.0
 10
358.0
 20
342.0
 10
402.6
 20
342.0
 10
402.6
 20
350.0
 97
0
 75
1
 76
1
 52
45.0
 41
0.6
 77
0
 78
1
 53
90.0
 43
0.0
 44
0.0
 45
-1.905
 46
0.0
 79
0
 98
0
  0
LWPOLYLINE
  5
213
330
17
100
AcDbEntity
  8
muros_PA
100
AcDbPolyline
 90
4
 70
1
 10
418.6
 20
350.0
 10
418.6
 20
342.0
 10
463.2
 20
342.0
 10
463.2
 20
350.0
  0
HATCH
  5
214
330
17
100
AcDbEntity
  8
RAYADO_MURO
 62
7
100
AcDbHatch
 10
0.0
 20
0.0
 30
0.0
210
0.0
220
0.0
230
1.0
  2
ANSI31
 70
0
 71
0
 91
1
 92
3
 72
0
 73
1
 93
4
 10
418.6
 20
350.0
 10
418.6
 20
342.0
 10
463.2
 20
342.0
 10
463.2
 20
350.0
 97
0
 75
1
 76
1
 52
45.0
 41
0.6
 77
0
 78
1
 53
90.0
 43
0.0
 44
0.0
 45
-1.905
 46
0.0
 79
0
 98
0
  0
LWPOLYLINE
  5
215
330
17
100
AcDbEntity
  8
muros_PA
100
AcDbPolyline
 90
8
 70
1
 10
487.2
 20
350.0
 10
487.2
 20
342.0
 10
519.6
 20
342.0
 10
519.6
 20
486.0
 10
466.0
 20
486.0
 10
466.0
 20
478.0
 10
511.59999999999997
 20
478.0
 10
511.6
 20
350.0
  0
HATCH
  5
216
330
17
100
AcDbEntity
  8
RAYADO_MURO
 62
7
100
AcDbHatch
 10
0.0
 20
0.0
 30
0.0
210
0.0
220
0.0
230
1.0
  2
ANSI31
 70
0
 71
0
 91
1
 92
3
 72
0
 73
1
 93
8
 10
487.2
 20
350.0
 10
487.2
 20
342.0
 10
519.6
 20
342.0
 10
519.6
 20
486.0
 10
466.0
 20
486.0
 10
466.0
 20
478.0
 10
511.59999999999997
 20
478.0
 10
511.6
 20
350.0
 97
0
 75
1
 76
1
 52
45.0
 41
0.6
 77
0
 78
1
 53
90.0
 43
0.0
 44
0.0
 45
-1.905
 46
0.0
 79
0
 98
0
  0
LWPOLYLINE
  5
217
330
17
100
AcDbEntity
  8
muros_PA
100
AcDbPolyline
 90
4
 70
1
 10
410.0
 20
486.0
 10
442.0
 20
486.0
 10
442.0
 20
478.0
 10
410.0
 20
478.0
  0
HATCH
  5
218
330
17
100
AcDbEntity
  8
RAYADO_MURO
 62
7
100
AcDbHatch
 10
0.0
 20
0.0
 30
0.0
210
0.0
220
0.0
230
1.0
  2
ANSI31
 70
0
 71
0
 91
1
 92
3
 72
0
 73
1
 93
4
 10
410.0
 20
486.0
 10
442.0
 20
486.0
 10
442.0
 20
478.0
 10
410.0
 20
478.0
 97
0
 75
1
 76
1
 52
45.0
 41
0.6
 77
0
 78
1
 53
90.0
 43
0.0
 44
0.0
 45
-1.905
 46
0.0
 79
0
 98
0
  0
LWPOLYLINE
  5
219
330
17
100
AcDbEntity
  8
MURO_CENTRAL
100
AcDbPolyline
 90
4
 70
1
 10
330.0
 20
418.0
 10
374.0
 20
418.0
 10
374.0
 20
412.0
 10
330.0
 20
412.0
  0
HATCH
  5
21A
330
17
100
AcDbEntity
  8
RAYADO_MURO_CENTRAL
 62
7
100
AcDbHatch
 10
0.0
 20
0.0
 30
0.0
210
0.0
220
0.0
230
1.0
  2
ANSI37
 70
0
 71
0
 91
1
 92
3
 72
0
 73
1
 93
4
 10
330.0
 20
418.0
 10
374.0
 20
418.0
 10
374.0
 20
412.0
 10
330.0
 20
412.0
 97
0
 75
1
 76
1
 52
45.0
 41
0.6
 77
0
 78
2
 53
90.0
 43
0.0
 44
0.0
 45
-1.905
 46
0.0
 79
0
 53
180.0
 43
0.0
 44
0.0
 45
0.0
 46
-1.905
 79
0
 98
0
  0
LWPOLYLINE
  5
21B
330
17
100
AcDbEntity
  8
MURO_CENTRAL
100
AcDbPolyline
 90
4
 70
1
 10
392.0
 20
418.0
 10
392.0
 20
412.0
 10
434.0
 20
412.0
 10
434.0
 20
418.0
  0
HATCH
  5
21C
330
17
100
AcDbEntity
  8
RAYADO_MURO_CENTRAL
 62
7
100
AcDbHatch
 10
0.0
 20
0.0
 30
0.0
210
0.0
220
0.0
230
1.0
  2
ANSI37
 70
0
 71
0
 91
1
 92
3
 72
0
 73
1
 93
4
 10
392.0
 20
418.0
 10
392.0
 20
412.0
 10
434.0
 20
412.0
 10
434.0
 20
418.0
 97
0
 75
1
 76
1
 52
45.0
 41
0.6
 77
0
 78
2
 53
90.0
 43
0.0
 44
0.0
 45
-1.905
 46
0.0
 79
0
 53
180.0
 43
0.0
 44
0.0
 45
0.0
 46
-1.905
 79
0
 98
0
  0
LWPOLYLINE
  5
21D
330
17
100
AcDbEntity
  8
MURO_CENTRAL
100
AcDbPolyline
 90
4
 70
1
 10
452.0
 20
418.0
 10
452.0
 20
412.0
 10
511.59999999999997
 20
412.0
 10
511.6
 20
418.0
  0
HATCH
  5
21E
330
17
100
AcDbEntity
  8
RAYADO_MURO_CENTRAL
 62
7
100
AcDbHatch
 10
0.0
 20
0.0
 30
0.0
210
0.0
220
0.0
230
1.0
  2
ANSI37
 70
0
 71
0
 91
1
 92
3
 72
0
 73
1
 93
4
 10
452.0
 20
418.0
 10
452.0
 20
412.0
 10
511.59999999999997
 20
412.0
 10
511.6
 20
418.0
 97
0
 75
1
 76
1
 52
45.0
 41
0.6
 77
0
 78
2
 53
90.0
 43
0.0
 44
0.0
 45
-1.905
 46
0.0
 79
0
 53
180.0
 43
0.0
 44
0.0
 45
0.0
 46
-1.905
 79
0
 98
0
  0
LWPOLYLINE
  5
21F
330
17
100
AcDbEntity
  8
tabiques
100
AcDbPolyline
 90
4
 70
1
 10
386.0
 20
412.0
 10
388.0
 20
412.0
 10
388.0
 20
382.0
 10
386.0
 20
382.0
  0
HATCH
  5
220
330
17
100
AcDbEntity
  8
RAYADO_OTROS
 62
7
100
AcDbHatch
 10
0.0
 20
0.0
 30
0.0
210
0.0
220
0.0
230
1.0
  2
SOLID
 70
1
 71
0
 91
1
 92
3
 72
0
 73
1
 93
4
 10
386.0
 20
412.0
 10
388.0
 20
412.0
 10
388.0
 20
382.0
 10
386.0
 20
382.0
 97
0
 75
1
 76
1
 98
0
  0
LWPOLYLINE
  5
221
330
17
100
AcDbEntity
  8
tabiques
100
AcDbPolyline
 90
4
 70
1
 10
386.0
 20
366.0
 10
388.0
 20
366.0
 10
388.0
 20
350.0
 10
386.0
 20
350.0
  0
HATCH
  5
222
330
17
100
AcDbEntity
  8
RAYADO_OTROS
 62
7
100
AcDbHatch
 10
0.0
 20
0.0
 30
0.0
210
0.0
220
0.0
230
1.0
  2
SOLID
 70
1
 71
0
 91
1
 92
3
 72
0
 73
1
 93
4
 10
386.0
 20
366.0
 10
388.0
 20
366.0
 10
388.0
 20
350.0
 10
386.0
 20
350.0
 97
0
 75
1
 76
1
 98
0
  0
LWPOLYLINE
  5
223
330
17
100
AcDbEntity
  8
tabiques
100
AcDbPolyline
 90
4
 70
1
 10
426.0
 20
412.0
 10
428.0
 20
412.0
 10
428.0
 20
382.0
 10
426.0
 20
382.0
  0
HATCH
  5
224
330
17
100
AcDbEntity
  8
RAYADO_OTROS
 62
7
100
AcDbHatch
 10
0.0
 20
0.0
 30
0.0
210
0.0
220
0.0
230
1.0
  2
SOLID
 70
1
 71
0
 91
1
 92
3
 72
0
 73
1
 93
4
 10
426.0
 20
412.0
 10
428.0
 20
412.0
 10
428.0
 20
382.0
 10
426.0
 20
382.0
 97
0
 75
1
 76
1
 98
0
  0
LWPOLYLINE
  5
225
330
17
100
AcDbEntity
  8
tabiques
100
AcDbPolyline
 90
4
 70
1
 10
426.0
 20
366.0
 10
428.0
 20
366.0
 10
428.0
 20
350.0
 10
426.0
 20
350.0
  0
HATCH
  5
226
330
17
100
AcDbEntity
  8
RAYADO_OTROS
 62
7
100
AcDbHatch
 10
0.0
 20
0.0
 30
0.0
210
0.0
220
0.0
230
1.0
  2
SOLID
 70
1
 71
0
 91
1
 92
3
 72
0
 73
1
 93
4
 10
426.0
 20
366.0
 10
428.0
 20
366.0
 10
428.0
 20
350.0
 10
426.0
 20
350.0
 97
0
 75
1
 76
1
 98
0
  0
LWPOLYLINE
  5
227
330
17
100
AcDbEntity
  8
tabiques
100
AcDbPolyline
 90
4
 70
1
 10
424.0
 20
478.0
 10
426.0
 20
478.0
 10
426.0
 20
458.0
 10
424.0
 20
458.0
  0
HATCH
  5
228
330
17
100
AcDbEntity
  8
RAYADO_OTROS
 62
7
100
AcDbHatch
 10
0.0
 20
0.0
 30
0.0
210
0.0
220
0.0
230
1.0
  2
SOLID
 70
1
 71
0
 91
1
 92
3
 72
0
 73
1
 93
4
 10
424.0
 20
478.0
 10
426.0
 20
478.0
 10
426.0
 20
458.0
 10
424.0
 20
458.0
 97
0
 75
1
 76
1
 98
0
  0
LWPOLYLINE
  5
229
330
17
100
AcDbEntity
  8
tabiques
100
AcDbPolyline
 90
4
 70
1
 10
424.0
 20
442.0
 10
426.0
 20
442.0
 10
426.0
 20
418.0
 10
424.0
 20
418.0
  0
HATCH
  5
22A
330
17
100
AcDbEntity
  8
RAYADO_OTROS
 62
7
100
AcDbHatch
 10
0.0
 20
0.0
 30
0.0
210
0.0
220
0.0
230
1.0
  2
SOLID
 70
1
 71
0
 91
1
 92
3
 72
0
 73
1
 93
4
 10
424.0
 20
442.0
 10
426.0
 20
442.0
 10
426.0
 20
418.0
 10
424.0
 20
418.0
 97
0
 75
1
 76
1
 98
0
  0
LINE
  5
22B
330
17
100
AcDbEntity
  8
HUECOS
100
AcDbLine
 10
334.0
 20
342.0
 30
0.0
 11
334.0
 21
350.0
 31
0.0
  0
LINE
  5
22C
330
17
100
AcDbEntity
  8
HUECOS
100
AcDbLine
 10
358.0
 20
342.0
 30
0.0
 11
358.0
 21
350.0
 31
0.0
  0
LINE
  5
22D
330
17
100
AcDbEntity
  8
CARPINTERIA
100
AcDbLine
 10
334.0
 20
350.0
 30
0.0
 11
334.0
 21
362.0
 31
0.0
  0
ARC
  5
22E
330
17
100
AcDbEntity
  8
CARPINTERIA
100
AcDbCircle
 10
334.0
 20
350.0
 30
0.0
 40
12.0
100
AcDbArc
 50
0.0
 51
90.0
  0
LINE
  5
22F
330
17
100
AcDbEntity
  8
CARPINTERIA
100
AcDbLine
 10
358.0
 20
350.0
 30
0.0
 11
358.0
 21
362.0
 31
0.0
  0
ARC
  5
230
330
17
100
AcDbEntity
  8
CARPINTERIA
100
AcDbCircle
 10
358.0
 20
350.0
 30
0.0
 40
12.0
100
AcDbArc
 50
90.0
 51
180.0
  0
TEXT
  5
231
330
17
100
AcDbEntity
  8
TEXTO
100
AcDbText
 10
346.0
 20
335.0
 30
0.0
 40
1.8
  1
B1
 72
1
 11
346.0
 21
335.0
 31
0.0
100
AcDbText
 73
2
  0
LINE
  5
232
330
17
100
AcDbEntity
  8
HUECOS
100
AcDbLine
 10
402.6
 20
342.0
 30
0.0
 11
402.6
 21
350.0
 31
0.0
  0
LINE
  5
233
330
17
100
AcDbEntity
  8
HUECOS
100
AcDbLine
 10
418.6
 20
342.0
 30
0.0
 11
418.6
 21
350.0
 31
0.0
  0
LINE
  5
234
330
17
100
AcDbEntity
  8
CARPINTERIA
100
AcDbLine
 10
402.6
 20
344.8
 30
0.0
 11
418.6
 21
344.8
 31
0.0
  0
LINE
  5
235
330
17
100
AcDbEntity
  8
CARPINTERIA
100
AcDbLine
 10
402.6
 20
347.2
 30
0.0
 11
418.6
 21
347.2
 31
0.0
  0
TEXT
  5
236
330
17
100
AcDbEntity
  8
TEXTO
100
AcDbText
 10
410.6
 20
335.0
 30
0.0
 40
1.8
  1
V1
 72
1
 11
410.6
 21
335.0
 31
0.0
100
AcDbText
 73
2
  0
LINE
  5
237
330
17
100
AcDbEntity
  8
HUECOS
100
AcDbLine
 10
463.2
 20
342.0
 30
0.0
 11
463.2
 21
350.0
 31
0.0
  0
LINE
  5
238
330
17
100
AcDbEntity
  8
HUECOS
100
AcDbLine
 10
487.2
 20
342.0
 30
0.0
 11
487.2
 21
350.0
 31
0.0
  0
LINE
  5
239
330
17
100
AcDbEntity
  8
CARPINTERIA
100
AcDbLine
 10
463.2
 20
350.0
 30
0.0
 11
463.2
 21
362.0
 31
0.0
  0
ARC
  5
23A
330
17
100
AcDbEntity
  8
CARPINTERIA
100
AcDbCircle
 10
463.2
 20
350.0
 30
0.0
 40
12.0
100
AcDbArc
 50
0.0
 51
90.0
  0
LINE
  5
23B
330
17
100
AcDbEntity
  8
CARPINTERIA
100
AcDbLine
 10
487.2
 20
350.0
 30
0.0
 11
487.2
 21
362.0
 31
0.0
  0
ARC
  5
23C
330
17
100
AcDbEntity
  8
CARPINTERIA
100
AcDbCircle
 10
487.2
 20
350.0
 30
0.0
 40
12.0
100
AcDbArc
 50
90.0
 51
180.0
  0
TEXT
  5
23D
330
17
100
AcDbEntity
  8
TEXTO
100
AcDbText
 10
475.2
 20
335.0
 30
0.0
 40
1.8
  1
B1
 72
1
 11
475.2
 21
335.0
 31
0.0
100
AcDbText
 73
2
  0
LINE
  5
23E
330
17
100
AcDbEntity
  8
HUECOS
100
AcDbLine
 10
386.0
 20
478.0
 30
0.0
 11
386.0
 21
486.0
 31
0.0
  0
LINE
  5
23F
330
17
100
AcDbEntity
  8
HUECOS
100
AcDbLine
 10
410.0
 20
478.0
 30
0.0
 11
410.0
 21
486.0
 31
0.0
  0
LINE
  5
240
330
17
100
AcDbEntity
  8
CARPINTERIA
100
AcDbLine
 10
386.0
 20
478.0
 30
0.0
 11
386.0
 21
466.0
 31
0.0
  0
ARC
  5
241
330
17
100
AcDbEntity
  8
CARPINTERIA
100
AcDbCircle
 10
386.0
 20
478.0
 30
0.0
 40
12.0
100
AcDbArc
 50
-90.0
 51
0.0
  0
LINE
  5
242
330
17
100
AcDbEntity
  8
CARPINTERIA
100
AcDbLine
 10
410.0
 20
478.0
 30
0.0
 11
410.0
 21
466.0
 31
0.0
  0
ARC
  5
243
330
17
100
AcDbEntity
  8
CARPINTERIA
100
AcDbCircle
 10
410.0
 20
478.0
 30
0.0
 40
12.0
100
AcDbArc
 50
180.0
 51
-90.0
  0
TEXT
  5
244
330
17
100
AcDbEntity
  8
TEXTO
100
AcDbText
 10
398.0
 20
493.0
 30
0.0
 40
1.8
  1
B1
 72
1
 11
398.0
 21
493.0
 31
0.0
100
AcDbText
 73
2
  0
LINE
  5
245
330
17
100
AcDbEntity
  8
HUECOS
100
AcDbLine
 10
442.0
 20
478.0
 30
0.0
 11
442.0
 21
486.0
 31
0.0
  0
LINE
  5
246
330
17
100
AcDbEntity
  8
HUECOS
100
AcDbLine
 10
466.0
 20
478.0
 30
0.0
 11
466.0
 21
486.0
 31
0.0
  0
LINE
  5
247
330
17
100
AcDbEntity
  8
CARPINTERIA
100
AcDbLine
 10
442.0
 20
478.0
 30
0.0
 11
442.0
 21
466.0
 31
0.0
  0
ARC
  5
248
330
17
100
AcDbEntity
  8
CARPINTERIA
100
AcDbCircle
 10
442.0
 20
478.0
 30
0.0
 40
12.0
100
AcDbArc
 50
-90.0
 51
0.0
  0
LINE
  5
249
330
17
100
AcDbEntity
  8
CARPINTERIA
100
AcDbLine
 10
466.0
 20
478.0
 30
0.0
 11
466.0
 21
466.0
 31
0.0
  0
ARC
  5
24A
330
17
100
AcDbEntity
  8
CARPINTERIA
100
AcDbCircle
 10
466.0
 20
478.0
 30
0.0
 40
12.0
100
AcDbArc
 50
180.0
 51
-90.0
  0
TEXT
  5
24B
330
17
100
AcDbEntity
  8
TEXTO
100
AcDbText
 10
454.0
 20
493.0
 30
0.0
 40
1.8
  1
B1
 72
1
 11
454.0
 21
493.0
 31
0.0
100
AcDbText
 73
2
  0
LINE
  5
24C
330
17
100
AcDbEntity
  8
HUECOS
100
AcDbLine
 10
374.0
 20
412.0
 30
0.0
 11
374.0
 21
418.0
 31
0.0
  0
LINE
  5
24D
330
17
100
AcDbEntity
  8
HUECOS
100
AcDbLine
 10
392.0
 20
412.0
 30
0.0
 11
392.0
 21
418.0
 31
0.0
  0
LINE
  5
24E
330
17
100
AcDbEntity
  8
CARPINTERIA
100
AcDbLine
 10
374.0
 20
418.0
 30
0.0
 11
374.0
 21
436.0
 31
0.0
  0
ARC
  5
24F
330
17
100
AcDbEntity
  8
CARPINTERIA
100
AcDbCircle
 10
374.0
 20
418.0
 30
0.0
 40
18.0
100
AcDbArc
 50
0.0
 51
90.0
  0
TEXT
  5
250
330
17
100
AcDbEntity
  8
TEXTO
100
AcDbText
 10
383.0
 20
424.0
 30
0.0
 40
1.8
  1
P1
 72
1
 11
383.0
 21
424.0
 31
0.0
100
AcDbText
 73
2
  0
LINE
  5
251
330
17
100
AcDbEntity
  8
HUECOS
100
AcDbLine
 10
434.0
 20
412.0
 30
0.0
 11
434.0
 21
418.0
 31
0.0
  0
LINE
  5
252
330
17
100
AcDbEntity
  8
HUECOS
100
AcDbLine
 10
452.0
 20
412.0
 30
0.0
 11
452.0
 21
418.0
 31
0.0
  0
LINE
  5
253
330
17
100
AcDbEntity
  8
CARPINTERIA
100
AcDbLine
 10
452.0
 20
412.0
 30
0.0
 11
452.0
 21
394.0
 31
0.0
  0
ARC
  5
254
330
17
100
AcDbEntity
  8
CARPINTERIA
100
AcDbCircle
 10
452.0
 20
412.0
 30
0.0
 40
18.0
100
AcDbArc
 50
180.0
 51
-90.0
  0
TEXT
  5
255
330
17
100
AcDbEntity
  8
TEXTO
100
AcDbText
 10
443.0
 20
406.0
 30
0.0
 40
1.8
  1
P1
 72
1
 11
443.0
 21
406.0
 31
0.0
100
AcDbText
 73
2
  0
LINE
  5
256
330
17
100
AcDbEntity
  8
HUECOS
100
AcDbLine
 10
386.0
 20
366.0
 30
0.0
 11
388.0
 21
366.0
 31
0.0
  0
LINE
  5
257
330
17
100
AcDbEntity
  8
HUECOS
100
AcDbLine
 10
386.0
 20
382.0
 30
0.0
 11
388.0
 21
382.0
 31
0.0
  0
LINE
  5
258
330
17
100
AcDbEntity
  8
CARPINTERIA
100
AcDbLine
 10
388.0
 20
366.0
 30
0.0
 11
404.0
 21
366.0
 31
0.0
  0
ARC
  5
259
330
17
100
AcDbEntity
  8
CARPINTERIA
100
AcDbCircle
 10
388.0
 20
366.0
 30
0.0
 40
16.0
100
AcDbArc
 50
0.0
 51
90.0
  0
TEXT
  5
25A
330
17
100
AcDbEntity
  8
TEXTO
100
AcDbText
 10
394.0
 20
374.0
 30
0.0
 40
1.8
  1
P2
 72
1
 11
394.0
 21
374.0
 31
0.0
100
AcDbText
 73
2
  0
LINE
  5
25B
330
17
100
AcDbEntity
  8
HUECOS
100
AcDbLine
 10
426.0
 20
366.0
 30
0.0
 11
428.0
 21
366.0
 31
0.0
  0
LINE
  5
25C
330
17
100
AcDbEntity
  8
HUECOS
100
AcDbLine
 10
426.0
 20
382.0
 30
0.0
 11
428.0
 21
382.0
 31
0.0
  0
LINE
  5
25D
330
17
100
AcDbEntity
  8
CARPINTERIA
100
AcDbLine
 10
426.0
 20
382.0
 30
0.0
 11
410.0
 21
382.0
 31
0.0
  0
ARC
  5
25E
330
17
100
AcDbEntity
  8
CARPINTERIA
100
AcDbCircle
 10
426.0
 20
382.0
 30
0.0
 40
16.0
100
AcDbArc
 50
180.0
 51
-90.0
  0
TEXT
  5
25F
330
17
100
AcDbEntity
  8
TEXTO
100
AcDbText
 10
420.0
 20
374.0
 30
0.0
 40
1.8
  1
P2
 72
1
 11
420.0
 21
374.0
 31
0.0
100
AcDbText
 73
2
  0
LINE
  5
260
330
17
100
AcDbEntity
  8
HUECOS
100
AcDbLine
 10
424.0
 20
442.0
 30
0.0
 11
426.0
 21
442.0
 31
0.0
  0
LINE
  5
261
330
17
100
AcDbEntity
  8
HUECOS
100
AcDbLine
 10
424.0
 20
458.0
 30
0.0
 11
426.0
 21
458.0
 31
0.0
  0
LINE
  5
262
330
17
100
AcDbEntity
  8
CARPINTERIA
100
AcDbLine
 10
426.0
 20
442.0
 30
0.0
 11
442.0
 21
442.0
 31
0.0
  0
ARC
  5
263
330
17
100
AcDbEntity
  8
CARPINTERIA
100
AcDbCircle
 10
426.0
 20
442.0
 30
0.0
 40
16.0
100
AcDbArc
 50
0.0
 51
90.0
  0
TEXT
  5
264
330
17
100
AcDbEntity
  8
TEXTO
100
AcDbText
 10
432.0
 20
450.0
 30
0.0
 40
1.8
  1
P2
 72
1
 11
432.0
 21
450.0
 31
0.0
100
AcDbText
 73
2
  0
LWPOLYLINE
  5
265
330
17
100
AcDbEntity
  8
ESCALERA_ALTA
100
AcDbPolyline
 90
4
 70
1
 10
338.0
 20
428.0
 10
360.0
 20
428.0
 10
360.0
 20
478.0
 10
338.0
 20
478.0
  0
TEXT
  5
266
330
17
100
AcDbEntity
  8
TEXTO
100
AcDbText
 10
349.0
 20
453.0
 30
0.0
 40
2.0
  1
ESC.
 72
1
 11
349.0
 21
453.0
 31
0.0
100
AcDbText
 73
2
  0
TEXT
  5
267
330
17
100
AcDbEntity
  8
TEXTO
100
AcDbText
 10
358.0
 20
388.0
 30
0.0
 40
2.4
  1
Dormitorio 1
 72
1
 11
358.0
 21
388.0
 31
0.0
100
AcDbText
 73
2
  0
TEXT
  5
268
330
17
100
AcDbEntity
  8
TEXTO
100
AcDbText
 10
358.0
 20
378.0
 30
0.0
 40
1.8
  1
2.80 x 3.10 m  |  8.68 m²
 72
1
 11
358.0
 21
378.0
 31
0.0
100
AcDbText
 73
2
  0
TEXT
  5
269
330
17
100
AcDbEntity
  8
TEXTO
100
AcDbText
 10
407.0
 20
388.0
 30
0.0
 40
2.4
  1
Baño
 72
1
 11
407.0
 21
388.0
 31
0.0
100
AcDbText
 73
2
  0
TEXT
  5
26A
330
17
100
AcDbEntity
  8
TEXTO
100
AcDbText
 10
407.0
 20
378.0
 30
0.0
 40
1.8
  1
1.90 x 3.10 m  |  5.89 m²
 72
1
 11
407.0
 21
378.0
 31
0.0
100
AcDbText
 73
2
  0
TEXT
  5
26B
330
17
100
AcDbEntity
  8
TEXTO
100
AcDbText
 10
469.8
 20
388.0
 30
0.0
 40
2.4
  1
Dormitorio 2
 72
1
 11
469.8
 21
388.0
 31
0.0
100
AcDbText
 73
2
  0
TEXT
  5
26C
330
17
100
AcDbEntity
  8
TEXTO
100
AcDbText
 10
469.8
 20
378.0
 30
0.0
 40
1.8
  1
4.18 x 3.10 m  |  12.96 m²
 72
1
 11
469.8
 21
378.0
 31
0.0
100
AcDbText
 73
2
  0
TEXT
  5
26D
330
17
100
AcDbEntity
  8
TEXTO
100
AcDbText
 10
389.0
 20
455.0
 30
0.0
 40
2.4
  1
Estar-escalera
 72
1
 11
389.0
 21
455.0
 31
0.0
100
AcDbText
 73
2
  0
TEXT
  5
26E
330
17
100
AcDbEntity
  8
TEXTO
100
AcDbText
 10
389.0
 20
445.0
 30
0.0
 40
1.8
  1
4.70 x 3.00 m  |  14.10 m²
 72
1
 11
389.0
 21
445.0
 31
0.0
100
AcDbText
 73
2
  0
TEXT
  5
26F
330
17
100
AcDbEntity
  8
TEXTO
100
AcDbText
 10
468.8
 20
455.0
 30
0.0
 40
2.4
  1
Dormitorio 3
 72
1
 11
468.8
 21
455.0
 31
0.0
100
AcDbText
 73
2
  0
TEXT
  5
270
330
17
100
AcDbEntity
  8
TEXTO
100
AcDbText
 10
468.8
 20
445.0
 30
0.0
 40
1.8
  1
4.28 x 3.00 m  |  12.84 m²
 72
1
 11
468.8
 21
445.0
 31
0.0
100
AcDbText
 73
2
  0
TEXT
  5
271
330
17
100
AcDbEntity
  8
TEXTO
100
AcDbText
 10
420.8
 20
522.0
 30
0.0
 40
2.4
  1
Terraza
 72
1
 11
420.8
 21
522.0
 31
0.0
100
AcDbText
 73
2
  0
TEXT
  5
272
330
17
100
AcDbEntity
  8
TEXTO
100
AcDbText
 10
420.8
 20
512.0
 30
0.0
 40
1.8
  1
6.81 x 2.90 m  |  19.75 m²
 72
1
 11
420.8
 21
512.0
 31
0.0
100
AcDbText
 73
2
  0
DIMENSION
  5
273
330
17
100
AcDbEntity
  8
COTAS
100
AcDbDimension
280
0
  2
*D17
  3
EZDXF
 10
322.0
 20
330.0
 30
0.0
 11
328.0
 21
331.7
 31
0.0
 70
32
 71
5
  1
0.60
100
AcDbAlignedDimension
 13
322.0
 23
342.0
 33
0.0
 14
334.0
 24
342.0
 34
0.0
 50
0.0
100
AcDbRotatedDimension
1001
ACAD
1000
DSTYLE
1002
{
1070
140
1040
2.2
1070
41
1040
1.8
1070
44
1040
1.0
1070
42
1040
0.8
1070
147
1040
0.6
1070
77
1070
1
1070
178
1070
3
1002
}
  0
DIMENSION
  5
282
330
17
100
AcDbEntity
  8
COTAS
100
AcDbDimension
280
0
  2
*D18
  3
EZDXF
 10
334.0
 20
330.0
 30
0.0
 11
346.0
 21
331.7
 31
0.0
 70
32
 71
5
  1
1.20
100
AcDbAlignedDimension
 13
334.0
 23
342.0
 33
0.0
 14
358.0
 24
342.0
 34
0.0
 50
0.0
100
AcDbRotatedDimension
1001
ACAD
1000
DSTYLE
1002
{
1070
140
1040
2.2
1070
41
1040
1.8
1070
44
1040
1.0
1070
42
1040
0.8
1070
147
1040
0.6
1070
77
1070
1
1070
178
1070
3
1002
}
  0
DIMENSION
  5
291
330
17
100
AcDbEntity
  8
COTAS
100
AcDbDimension
280
0
  2
*D19
  3
EZDXF
 10
358.0
 20
330.0
 30
0.0
 11
380.3
 21
331.7
 31
0.0
 70
32
 71
5
  1
2.23
100
AcDbAlignedDimension
 13
358.0
 23
342.0
 33
0.0
 14
402.6
 24
342.0
 34
0.0
 50
0.0
100
AcDbRotatedDimension
1001
ACAD
1000
DSTYLE
1002
{
1070
140
1040
2.2
1070
41
1040
1.8
1070
44
1040
1.0
1070
42
1040
0.8
1070
147
1040
0.6
1070
77
1070
1
1070
178
1070
3
1002
}
  0
DIMENSION
  5
2A0
330
17
100
AcDbEntity
  8
COTAS
100
AcDbDimension
280
0
  2
*D20
  3
EZDXF
 10
402.6
 20
330.0
 30
0.0
 11
410.6
 21
331.7
 31
0.0
 70
32
 71
5
  1
0.80
100
AcDbAlignedDimension
 13
402.6
 23
342.0
 33
0.0
 14
418.6
 24
342.0
 34
0.0
 50
0.0
100
AcDbRotatedDimension
1001
ACAD
1000
DSTYLE
1002
{
1070
140
1040
2.2
1070
41
1040
1.8
1070
44
1040
1.0
1070
42
1040
0.8
1070
147
1040
0.6
1070
77
1070
1
1070
178
1070
3
1002
}
  0
DIMENSION
  5
2AF
330
17
100
AcDbEntity
  8
COTAS
100
AcDbDimension
280
0
  2
*D21
  3
EZDXF
 10
418.6
 20
330.0
 30
0.0
 11
440.9
 21
331.7
 31
0.0
 70
32
 71
5
  1
2.23
100
AcDbAlignedDimension
 13
418.6
 23
342.0
 33
0.0
 14
463.2
 24
342.0
 34
0.0
 50
0.0
100
AcDbRotatedDimension
1001
ACAD
1000
DSTYLE
1002
{
1070
140
1040
2.2
1070
41
1040
1.8
1070
44
1040
1.0
1070
42
1040
0.8
1070
147
1040
0.6
1070
77
1070
1
1070
178
1070
3
1002
}
  0
DIMENSION
  5
2BE
330
17
100
AcDbEntity
  8
COTAS
100
AcDbDimension
280
0
  2
*D22
  3
EZDXF
 10
463.2
 20
330.0
 30
0.0
 11
475.2
 21
331.7
 31
0.0
 70
32
 71
5
  1
1.20
100
AcDbAlignedDimension
 13
463.2
 23
342.0
 33
0.0
 14
487.2
 24
342.0
 34
0.0
 50
0.0
100
AcDbRotatedDimension
1001
ACAD
1000
DSTYLE
1002
{
1070
140
1040
2.2
1070
41
1040
1.8
1070
44
1040
1.0
1070
42
1040
0.8
1070
147
1040
0.6
1070
77
1070
1
1070
178
1070
3
1002
}
  0
DIMENSION
  5
2CD
330
17
100
AcDbEntity
  8
COTAS
100
AcDbDimension
280
0
  2
*D23
  3
EZDXF
 10
487.2
 20
330.0
 30
0.0
 11
503.4
 21
331.7
 31
0.0
 70
32
 71
5
  1
1.62
100
AcDbAlignedDimension
 13
487.2
 23
342.0
 33
0.0
 14
519.6
 24
342.0
 34
0.0
 50
0.0
100
AcDbRotatedDimension
1001
ACAD
1000
DSTYLE
1002
{
1070
140
1040
2.2
1070
41
1040
1.8
1070
44
1040
1.0
1070
42
1040
0.8
1070
147
1040
0.6
1070
77
1070
1
1070
178
1070
3
1002
}
  0
DIMENSION
  5
2DC
330
17
100
AcDbEntity
  8
COTAS
100
AcDbDimension
280
0
  2
*D24
  3
EZDXF
 10
322.0
 20
318.0
 30
0.0
 11
420.8
 21
319.7
 31
0.0
 70
32
 71
5
  1
9.88
100
AcDbAlignedDimension
 13
322.0
 23
342.0
 33
0.0
 14
519.6
 24
342.0
 34
0.0
 50
0.0
100
AcDbRotatedDimension
1001
ACAD
1000
DSTYLE
1002
{
1070
140
1040
2.2
1070
41
1040
1.8
1070
44
1040
1.0
1070
42
1040
0.8
1070
147
1040
0.6
1070
77
1070
1
1070
178
1070
3
1002
}
  0
DIMENSION
  5
2EB
330
17
100
AcDbEntity
  8
COTAS
100
AcDbDimension
280
0
  2
*D25
  3
EZDXF
 10
531.6
 20
342.0
 30
0.0
 11
528.9
 21
346.0
 31
0.0
 70
32
 71
5
  1
0.40
100
AcDbAlignedDimension
 13
519.6
 23
342.0
 33
0.0
 14
519.6
 24
350.0
 34
0.0
 50
90.0
100
AcDbRotatedDimension
1001
ACAD
1000
DSTYLE
1002
{
1070
140
1040
2.2
1070
41
1040
1.8
1070
44
1040
1.0
1070
42
1040
0.8
1070
147
1040
0.6
1070
77
1070
1
1070
178
1070
3
1002
}
  0
DIMENSION
  5
2FA
330
17
100
AcDbEntity
  8
COTAS
100
AcDbDimension
280
0
  2
*D26
  3
EZDXF
 10
531.6
 20
350.0
 30
0.0
 11
529.9
 21
381.0
 31
0.0
 70
32
 71
5
  1
3.10
100
AcDbAlignedDimension
 13
519.6
 23
350.0
 33
0.0
 14
519.6
 24
412.0
 34
0.0
 50
90.0
100
AcDbRotatedDimension
1001
ACAD
1000
DSTYLE
1002
{
1070
140
1040
2.2
1070
41
1040
1.8
1070
44
1040
1.0
1070
42
1040
0.8
1070
147
1040
0.6
1070
77
1070
1
1070
178
1070
3
1002
}
  0
DIMENSION
  5
309
330
17
100
AcDbEntity
  8
COTAS
100
AcDbDimension
280
0
  2
*D27
  3
EZDXF
 10
531.6
 20
412.0
 30
0.0
 11
528.9
 21
415.0
 31
0.0
 70
32
 71
5
  1
0.30
100
AcDbAlignedDimension
 13
519.6
 23
412.0
 33
0.0
 14
519.6
 24
418.0
 34
0.0
 50
90.0
100
AcDbRotatedDimension
1001
ACAD
1000
DSTYLE
1002
{
1070
140
1040
2.2
1070
41
1040
1.8
1070
44
1040
1.0
1070
42
1040
0.8
1070
147
1040
0.6
1070
77
1070
1
1070
178
1070
3
1002
}
  0
DIMENSION
  5
318
330
17
100
AcDbEntity
  8
COTAS
100
AcDbDimension
280
0
  2
*D28
  3
EZDXF
 10
531.6
 20
418.0
 30
0.0
 11
529.9
 21
448.0
 31
0.0
 70
32
 71
5
  1
3.00
100
AcDbAlignedDimension
 13
519.6
 23
418.0
 33
0.0
 14
519.6
 24
478.0
 34
0.0
 50
90.0
100
AcDbRotatedDimension
1001
ACAD
1000
DSTYLE
1002
{
1070
140
1040
2.2
1070
41
1040
1.8
1070
44
1040
1.0
1070
42
1040
0.8
1070
147
1040
0.6
1070
77
1070
1
1070
178
1070
3
1002
}
  0
DIMENSION
  5
327
330
17
100
AcDbEntity
  8
COTAS
100
AcDbDimension
280
0
  2
*D29
  3
EZDXF
 10
531.6
 20
478.0
 30
0.0
 11
528.9
 21
482.0
 31
0.0
 70
32
 71
5
  1
0.40
100
AcDbAlignedDimension
 13
519.6
 23
478.0
 33
0.0
 14
519.6
 24
486.0
 34
0.0
 50
90.0
100
AcDbRotatedDimension
1001
ACAD
1000
DSTYLE
1002
{
1070
140
1040
2.2
1070
41
1040
1.8
1070
44
1040
1.0
1070
42
1040
0.8
1070
147
1040
0.6
1070
77
1070
1
1070
178
1070
3
1002
}
  0
DIMENSION
  5
336
330
17
100
AcDbEntity
  8
COTAS
100
AcDbDimension
280
0
  2
*D30
  3
EZDXF
 10
531.6
 20
486.0
 30
0.0
 11
529.9
 21
515.0
 31
0.0
 70
32
 71
5
  1
2.90
100
AcDbAlignedDimension
 13
519.6
 23
486.0
 33
0.0
 14
519.6
 24
544.0
 34
0.0
 50
90.0
100
AcDbRotatedDimension
1001
ACAD
1000
DSTYLE
1002
{
1070
140
1040
2.2
1070
41
1040
1.8
1070
44
1040
1.0
1070
42
1040
0.8
1070
147
1040
0.6
1070
77
1070
1
1070
178
1070
3
1002
}
  0
DIMENSION
  5
345
330
17
100
AcDbEntity
  8
COTAS
100
AcDbDimension
280
0
  2
*D31
  3
EZDXF
 10
543.6
 20
342.0
 30
0.0
 11
541.9
 21
414.0
 31
0.0
 70
32
 71
5
  1
7.20
100
AcDbAlignedDimension
 13
519.6
 23
342.0
 33
0.0
 14
519.6
 24
486.0
 34
0.0
 50
90.0
100
AcDbRotatedDimension
1001
ACAD
1000
DSTYLE
1002
{
1070
140
1040
2.2
1070
41
1040
1.8
1070
44
1040
1.0
1070
42
1040
0.8
1070
147
1040
0.6
1070
77
1070
1
1070
178
1070
3
1002
}
  0
DIMENSION
  5
354
330
17
100
AcDbEntity
  8
COTAS
100
AcDbDimension
280
0
  2
*D32
  3
EZDXF
 10
352.7
 20
556.0
 30
0.0
 11
420.79999999999995
 21
557.7
 31
0.0
 70
32
 71
5
  1
6.81
100
AcDbAlignedDimension
 13
352.7
 23
544.0
 33
0.0
 14
488.9
 24
544.0
 34
0.0
 50
0.0
100
AcDbRotatedDimension
1001
ACAD
1000
DSTYLE
1002
{
1070
140
1040
2.2
1070
41
1040
1.8
1070
44
1040
1.0
1070
42
1040
0.8
1070
147
1040
0.6
1070
77
1070
1
1070
178
1070
3
1002
}
  0
LINE
  5
363
330
17
100
AcDbEntity
  8
COTAS
100
AcDbLine
 10
510.0
 20
512.0
 30
0.0
 11
510.0
 21
532.0
 31
0.0
  0
TEXT
  5
364
330
17
100
AcDbEntity
  8
TEXTO
100
AcDbText
 10
510.0
 20
538.0
 30
0.0
 40
3.0
  1
N
 72
1
 11
510.0
 21
538.0
 31
0.0
100
AcDbText
 73
2
  0
LINE
  5
365
330
17
100
AcDbEntity
  8
COTAS
100
AcDbLine
 10
510.0
 20
532.0
 30
0.0
 11
507.0
 21
524.0
 31
0.0
  0
LINE
  5
366
330
17
100
AcDbEntity
  8
COTAS
100
AcDbLine
 10
510.0
 20
532.0
 30
0.0
 11
513.0
 21
524.0
 31
0.0
  0
TEXT
  5
367
330
17
100
AcDbEntity
  8
TEXTO
100
AcDbText
 10
420.8
 20
302.0
 30
0.0
 40
4.0
  1
PLANTA ALTA  esc. 1/50
 72
1
 11
420.8
 21
302.0
 31
0.0
100
AcDbText
 73
2
  0
LWPOLYLINE
  5
368
330
17
100
AcDbEntity
  8
cimentacion
100
AcDbPolyline
 90
4
 70
1
 10
585.0
 20
354.0
 10
607.0
 20
354.0
 10
607.0
 20
342.0
 10
585.0
 20
342.0
  0
HATCH
  5
369
330
17
100
AcDbEntity
  8
RAYADO_OTROS
 62
8
100
AcDbHatch
 10
0.0
 20
0.0
 30
0.0
210
0.0
220
0.0
230
1.0
  2
SOLID
 70
1
 71
0
 91
1
 92
3
 72
0
 73
1
 93
4
 10
585.0
 20
354.0
 10
607.0
 20
354.0
 10
607.0
 20
342.0
 10
585.0
 20
342.0
 97
0
 75
1
 76
1
 98
0
  0
LWPOLYLINE
  5
36A
330
17
100
AcDbEntity
  8
cimentacion
100
AcDbPolyline
 90
4
 70
1
 10
654.0
 20
354.0
 10
676.0
 20
354.0
 10
676.0
 20
342.0
 10
654.0
 20
342.0
  0
HATCH
  5
36B
330
17
100
AcDbEntity
  8
RAYADO_OTROS
 62
8
100
AcDbHatch
 10
0.0
 20
0.0
 30
0.0
210
0.0
220
0.0
230
1.0
  2
SOLID
 70
1
 71
0
 91
1
 92
3
 72
0
 73
1
 93
4
 10
654.0
 20
354.0
 10
676.0
 20
354.0
 10
676.0
 20
342.0
 10
654.0
 20
342.0
 97
0
 75
1
 76
1
 98
0
  0
LWPOLYLINE
  5
36C
330
17
100
AcDbEntity
  8
cimentacion
100
AcDbPolyline
 90
4
 70
1
 10
721.0
 20
354.0
 10
743.0
 20
354.0
 10
743.0
 20
342.0
 10
721.0
 20
342.0
  0
HATCH
  5
36D
330
17
100
AcDbEntity
  8
RAYADO_OTROS
 62
8
100
AcDbHatch
 10
0.0
 20
0.0
 30
0.0
210
0.0
220
0.0
230
1.0
  2
SOLID
 70
1
 71
0
 91
1
 92
3
 72
0
 73
1
 93
4
 10
721.0
 20
354.0
 10
743.0
 20
354.0
 10
743.0
 20
342.0
 10
721.0
 20
342.0
 97
0
 75
1
 76
1
 98
0
  0
LWPOLYLINE
  5
36E
330
17
100
AcDbEntity
  8
muros_PB
100
AcDbPolyline
 90
4
 70
1
 10
592.0
 20
414.2
 10
600.0
 20
414.2
 10
600.0
 20
398.0
 10
592.0
 20
398.0
  0
HATCH
  5
36F
330
17
100
AcDbEntity
  8
RAYADO_MURO
 62
7
100
AcDbHatch
 10
0.0
 20
0.0
 30
0.0
210
0.0
220
0.0
230
1.0
  2
ANSI31
 70
0
 71
0
 91
1
 92
3
 72
0
 73
1
 93
4
 10
592.0
 20
414.2
 10
600.0
 20
414.2
 10
600.0
 20
398.0
 10
592.0
 20
398.0
 97
0
 75
1
 76
1
 52
45.0
 41
0.6
 77
0
 78
1
 53
90.0
 43
0.0
 44
0.0
 45
-1.905
 46
0.0
 79
0
 98
0
  0
LWPOLYLINE
  5
370
330
17
100
AcDbEntity
  8
muros_PB
100
AcDbPolyline
 90
4
 70
1
 10
592.0
 20
372.0
 10
600.0
 20
372.0
 10
600.0
 20
354.0
 10
592.0
 20
354.0
  0
HATCH
  5
371
330
17
100
AcDbEntity
  8
RAYADO_MURO
 62
7
100
AcDbHatch
 10
0.0
 20
0.0
 30
0.0
210
0.0
220
0.0
230
1.0
  2
ANSI31
 70
0
 71
0
 91
1
 92
3
 72
0
 73
1
 93
4
 10
592.0
 20
372.0
 10
600.0
 20
372.0
 10
600.0
 20
354.0
 10
592.0
 20
354.0
 97
0
 75
1
 76
1
 52
45.0
 41
0.6
 77
0
 78
1
 53
90.0
 43
0.0
 44
0.0
 45
-1.905
 46
0.0
 79
0
 98
0
  0
LWPOLYLINE
  5
372
330
17
100
AcDbEntity
  8
muros_PB
100
AcDbPolyline
 90
4
 70
1
 10
728.0
 20
414.2
 10
736.0
 20
414.2
 10
736.0
 20
354.0
 10
728.0
 20
354.0
  0
HATCH
  5
373
330
17
100
AcDbEntity
  8
RAYADO_MURO
 62
7
100
AcDbHatch
 10
0.0
 20
0.0
 30
0.0
210
0.0
220
0.0
230
1.0
  2
ANSI31
 70
0
 71
0
 91
1
 92
3
 72
0
 73
1
 93
4
 10
728.0
 20
414.2
 10
736.0
 20
414.2
 10
736.0
 20
354.0
 10
728.0
 20
354.0
 97
0
 75
1
 76
1
 52
45.0
 41
0.6
 77
0
 78
1
 53
90.0
 43
0.0
 44
0.0
 45
-1.905
 46
0.0
 79
0
 98
0
  0
LWPOLYLINE
  5
374
330
17
100
AcDbEntity
  8
muros_PA
100
AcDbPolyline
 90
4
 70
1
 10
592.0
 20
473.2
 10
600.0
 20
473.2
 10
600.0
 20
463.2
 10
592.0
 20
463.2
  0
HATCH
  5
375
330
17
100
AcDbEntity
  8
RAYADO_MURO
 62
7
100
AcDbHatch
 10
0.0
 20
0.0
 30
0.0
210
0.0
220
0.0
230
1.0
  2
ANSI31
 70
0
 71
0
 91
1
 92
3
 72
0
 73
1
 93
4
 10
592.0
 20
473.2
 10
600.0
 20
473.2
 10
600.0
 20
463.2
 10
592.0
 20
463.2
 97
0
 75
1
 76
1
 52
45.0
 41
0.6
 77
0
 78
1
 53
90.0
 43
0.0
 44
0.0
 45
-1.905
 46
0.0
 79
0
 98
0
  0
LWPOLYLINE
  5
376
330
17
100
AcDbEntity
  8
muros_PA
100
AcDbPolyline
 90
4
 70
1
 10
592.0
 20
437.2
 10
600.0
 20
437.2
 10
600.0
 20
419.2
 10
592.0
 20
419.2
  0
HATCH
  5
377
330
17
100
AcDbEntity
  8
RAYADO_MURO
 62
7
100
AcDbHatch
 10
0.0
 20
0.0
 30
0.0
210
0.0
220
0.0
230
1.0
  2
ANSI31
 70
0
 71
0
 91
1
 92
3
 72
0
 73
1
 93
4
 10
592.0
 20
437.2
 10
600.0
 20
437.2
 10
600.0
 20
419.2
 10
592.0
 20
419.2
 97
0
 75
1
 76
1
 52
45.0
 41
0.6
 77
0
 78
1
 53
90.0
 43
0.0
 44
0.0
 45
-1.905
 46
0.0
 79
0
 98
0
  0
LWPOLYLINE
  5
378
330
17
100
AcDbEntity
  8
muros_PA
100
AcDbPolyline
 90
4
 70
1
 10
728.0
 20
473.2
 10
736.0
 20
473.2
 10
736.0
 20
419.2
 10
728.0
 20
419.2
  0
HATCH
  5
379
330
17
100
AcDbEntity
  8
RAYADO_MURO
 62
7
100
AcDbHatch
 10
0.0
 20
0.0
 30
0.0
210
0.0
220
0.0
230
1.0
  2
ANSI31
 70
0
 71
0
 91
1
 92
3
 72
0
 73
1
 93
4
 10
728.0
 20
473.2
 10
736.0
 20
473.2
 10
736.0
 20
419.2
 10
728.0
 20
419.2
 97
0
 75
1
 76
1
 52
45.0
 41
0.6
 77
0
 78
1
 53
90.0
 43
0.0
 44
0.0
 45
-1.905
 46
0.0
 79
0
 98
0
  0
LWPOLYLINE
  5
37A
330
17
100
AcDbEntity
  8
MURO_CENTRAL
100
AcDbPolyline
 90
4
 70
1
 10
662.0
 20
473.2
 10
668.0
 20
473.2
 10
668.0
 20
354.0
 10
662.0
 20
354.0
  0
HATCH
  5
37B
330
17
100
AcDbEntity
  8
RAYADO_MURO_CENTRAL
 62
7
100
AcDbHatch
 10
0.0
 20
0.0
 30
0.0
210
0.0
220
0.0
230
1.0
  2
ANSI37
 70
0
 71
0
 91
1
 92
3
 72
0
 73
1
 93
4
 10
662.0
 20
473.2
 10
668.0
 20
473.2
 10
668.0
 20
354.0
 10
662.0
 20
354.0
 97
0
 75
1
 76
1
 52
45.0
 41
0.6
 77
0
 78
2
 53
90.0
 43
0.0
 44
0.0
 45
-1.905
 46
0.0
 79
0
 53
180.0
 43
0.0
 44
0.0
 45
0.0
 46
-1.905
 79
0
 98
0
  0
LWPOLYLINE
  5
37C
330
17
100
AcDbEntity
  8
forjado_PB_PA
100
AcDbPolyline
 90
4
 70
1
 10
592.0
 20
419.2
 10
736.0
 20
419.2
 10
736.0
 20
414.2
 10
592.0
 20
414.2
  0
HATCH
  5
37D
330
17
100
AcDbEntity
  8
RAYADO_FORJADO
 62
7
100
AcDbHatch
 10
0.0
 20
0.0
 30
0.0
210
0.0
220
0.0
230
1.0
  2
SOLID
 70
1
 71
0
 91
1
 92
3
 72
0
 73
1
 93
4
 10
592.0
 20
419.2
 10
736.0
 20
419.2
 10
736.0
 20
414.2
 10
592.0
 20
414.2
 97
0
 75
1
 76
1
 98
0
  0
LWPOLYLINE
  5
37E
330
17
100
AcDbEntity
  8
losa_terraza
100
AcDbPolyline
 90
4
 70
1
 10
736.0
 20
419.2
 10
794.0
 20
419.2
 10
794.0
 20
414.2
 10
736.0
 20
414.2
  0
HATCH
  5
37F
330
17
100
AcDbEntity
  8
RAYADO_FORJADO
 62
7
100
AcDbHatch
 10
0.0
 20
0.0
 30
0.0
210
0.0
220
0.0
230
1.0
  2
SOLID
 70
1
 71
0
 91
1
 92
3
 72
0
 73
1
 93
4
 10
736.0
 20
419.2
 10
794.0
 20
419.2
 10
794.0
 20
414.2
 10
736.0
 20
414.2
 97
0
 75
1
 76
1
 98
0
  0
LWPOLYLINE
  5
380
330
17
100
AcDbEntity
  8
antepecho
100
AcDbPolyline
 90
4
 70
1
 10
792.0
 20
439.2
 10
794.0
 20
439.2
 10
794.0
 20
419.2
 10
792.0
 20
419.2
  0
HATCH
  5
381
330
17
100
AcDbEntity
  8
RAYADO_OTROS
 62
7
100
AcDbHatch
 10
0.0
 20
0.0
 30
0.0
210
0.0
220
0.0
230
1.0
  2
SOLID
 70
1
 71
0
 91
1
 92
3
 72
0
 73
1
 93
4
 10
792.0
 20
439.2
 10
794.0
 20
439.2
 10
794.0
 20
419.2
 10
792.0
 20
419.2
 97
0
 75
1
 76
1
 98
0
  0
LWPOLYLINE
  5
382
330
17
100
AcDbEntity
  8
forjado_cubierta
100
AcDbPolyline
 90
4
 70
1
 10
592.0
 20
478.2
 10
736.0
 20
478.2
 10
736.0
 20
473.2
 10
592.0
 20
473.2
  0
HATCH
  5
383
330
17
100
AcDbEntity
  8
RAYADO_FORJADO
 62
7
100
AcDbHatch
 10
0.0
 20
0.0
 30
0.0
210
0.0
220
0.0
230
1.0
  2
SOLID
 70
1
 71
0
 91
1
 92
3
 72
0
 73
1
 93
4
 10
592.0
 20
478.2
 10
736.0
 20
478.2
 10
736.0
 20
473.2
 10
592.0
 20
473.2
 97
0
 75
1
 76
1
 98
0
  0
LWPOLYLINE
  5
384
330
17
100
AcDbEntity
  8
cubierta
100
AcDbPolyline
 90
34
 70
1
 10
585.0
 20
478.2
 10
589.9062500000001
 20
480.1999999999997
 10
594.8125
 20
482.20000000000005
 10
599.7187499999999
 20
484.20000000000016
 10
604.625
 20
486.1999999999998
 10
609.53125
 20
488.2
 10
614.4374999999999
 20
490.2000000000003
 10
619.34375
 20
492.19999999999993
 10
624.25
 20
494.2
 10
629.15625
 20
496.20000000000005
 10
634.0625
 20
498.19999999999993
 10
638.96875
 20
500.20000000000005
 10
643.875
 20
502.2
 10
648.78125
 20
504.19999999999993
 10
653.6875
 20
506.20000000000005
 10
658.59375
 20
508.19999999999993
 10
663.5
 20
510.20000000000005
 10
664.5
 20
510.20000000000005
 10
669.40625
 20
508.2
 10
674.3125
 20
506.20000000000005
 10
679.21875
 20
504.2
 10
684.125
 20
502.2
 10
689.03125
 20
500.2000000000001
 10
693.9375
 20
498.1999999999998
 10
698.84375
 20
496.2000000000001
 10
703.75
 20
494.19999999999993
 10
708.65625
 20
492.19999999999993
 10
713.5625
 20
490.1999999999999
 10
718.46875
 20
488.20000000000005
 10
723.375
 20
486.20000000000005
 10
728.28125
 20
484.19999999999993
 10
733.1875
 20
482.2
 10
738.0937500000001
 20
480.2000000000002
 10
743.0
 20
478.2
  0
DIMENSION
  5
385
330
17
100
AcDbEntity
  8
COTAS
100
AcDbDimension
280
0
  2
*D33
  3
EZDXF
 10
580.0
 20
342.0
 30
0.0
 11
578.3
 21
348.0
 31
0.0
 70
32
 71
5
  1
0.60
100
AcDbAlignedDimension
 13
592.0
 23
342.0
 33
0.0
 14
592.0
 24
354.0
 34
0.0
 50
90.0
100
AcDbRotatedDimension
1001
ACAD
1000
DSTYLE
1002
{
1070
140
1040
2.2
1070
41
1040
1.8
1070
44
1040
1.0
1070
42
1040
0.8
1070
147
1040
0.6
1070
77
1070
1
1070
178
1070
3
1002
}
  0
DIMENSION
  5
394
330
17
100
AcDbEntity
  8
COTAS
100
AcDbDimension
280
0
  2
*D34
  3
EZDXF
 10
580.0
 20
354.0
 30
0.0
 11
578.3
 21
384.1
 31
0.0
 70
32
 71
5
  1
3.01
100
AcDbAlignedDimension
 13
592.0
 23
354.0
 33
0.0
 14
592.0
 24
414.2
 34
0.0
 50
90.0
100
AcDbRotatedDimension
1001
ACAD
1000
DSTYLE
1002
{
1070
140
1040
2.2
1070
41
1040
1.8
1070
44
1040
1.0
1070
42
1040
0.8
1070
147
1040
0.6
1070
77
1070
1
1070
178
1070
3
1002
}
  0
DIMENSION
  5
3A3
330
17
100
AcDbEntity
  8
COTAS
100
AcDbDimension
280
0
  2
*D35
  3
EZDXF
 10
580.0
 20
414.2
 30
0.0
 11
577.3
 21
416.7
 31
0.0
 70
32
 71
5
  1
0.25
100
AcDbAlignedDimension
 13
592.0
 23
414.2
 33
0.0
 14
592.0
 24
419.2
 34
0.0
 50
90.0
100
AcDbRotatedDimension
1001
ACAD
1000
DSTYLE
1002
{
1070
140
1040
2.2
1070
41
1040
1.8
1070
44
1040
1.0
1070
42
1040
0.8
1070
147
1040
0.6
1070
77
1070
1
1070
178
1070
3
1002
}
  0
DIMENSION
  5
3B2
330
17
100
AcDbEntity
  8
COTAS
100
AcDbDimension
280
0
  2
*D36
  3
EZDXF
 10
580.0
 20
419.2
 30
0.0
 11
578.3
 21
446.2
 31
0.0
 70
32
 71
5
  1
2.70
100
AcDbAlignedDimension
 13
592.0
 23
419.2
 33
0.0
 14
592.0
 24
473.2
 34
0.0
 50
90.0
100
AcDbRotatedDimension
1001
ACAD
1000
DSTYLE
1002
{
1070
140
1040
2.2
1070
41
1040
1.8
1070
44
1040
1.0
1070
42
1040
0.8
1070
147
1040
0.6
1070
77
1070
1
1070
178
1070
3
1002
}
  0
DIMENSION
  5
3C1
330
17
100
AcDbEntity
  8
COTAS
100
AcDbDimension
280
0
  2
*D37
  3
EZDXF
 10
580.0
 20
473.2
 30
0.0
 11
577.3
 21
475.7
 31
0.0
 70
32
 71
5
  1
0.25
100
AcDbAlignedDimension
 13
592.0
 23
473.2
 33
0.0
 14
592.0
 24
478.2
 34
0.0
 50
90.0
100
AcDbRotatedDimension
1001
ACAD
1000
DSTYLE
1002
{
1070
140
1040
2.2
1070
41
1040
1.8
1070
44
1040
1.0
1070
42
1040
0.8
1070
147
1040
0.6
1070
77
1070
1
1070
178
1070
3
1002
}
  0
DIMENSION
  5
3D0
330
17
100
AcDbEntity
  8
COTAS
100
AcDbDimension
280
0
  2
*D38
  3
EZDXF
 10
580.0
 20
478.2
 30
0.0
 11
578.3
 21
494.20000000000005
 31
0.0
 70
32
 71
5
  1
1.60
100
AcDbAlignedDimension
 13
592.0
 23
478.2
 33
0.0
 14
592.0
 24
510.20000000000005
 34
0.0
 50
90.0
100
AcDbRotatedDimension
1001
ACAD
1000
DSTYLE
1002
{
1070
140
1040
2.2
1070
41
1040
1.8
1070
44
1040
1.0
1070
42
1040
0.8
1070
147
1040
0.6
1070
77
1070
1
1070
178
1070
3
1002
}
  0
DIMENSION
  5
3DF
330
17
100
AcDbEntity
  8
COTAS
100
AcDbDimension
280
0
  2
*D39
  3
EZDXF
 10
568.0
 20
342.0
 30
0.0
 11
566.3
 21
426.1
 31
0.0
 70
32
 71
5
  1
8.41
100
AcDbAlignedDimension
 13
592.0
 23
342.0
 33
0.0
 14
592.0
 24
510.20000000000005
 34
0.0
 50
90.0
100
AcDbRotatedDimension
1001
ACAD
1000
DSTYLE
1002
{
1070
140
1040
2.2
1070
41
1040
1.8
1070
44
1040
1.0
1070
42
1040
0.8
1070
147
1040
0.6
1070
77
1070
1
1070
178
1070
3
1002
}
  0
DIMENSION
  5
3EE
330
17
100
AcDbEntity
  8
COTAS
100
AcDbDimension
280
0
  2
*D40
  3
EZDXF
 10
592.0
 20
330.0
 30
0.0
 11
596.0
 21
332.7
 31
0.0
 70
32
 71
5
  1
0.40
100
AcDbAlignedDimension
 13
592.0
 23
342.0
 33
0.0
 14
600.0
 24
342.0
 34
0.0
 50
0.0
100
AcDbRotatedDimension
1001
ACAD
1000
DSTYLE
1002
{
1070
140
1040
2.2
1070
41
1040
1.8
1070
44
1040
1.0
1070
42
1040
0.8
1070
147
1040
0.6
1070
77
1070
1
1070
178
1070
3
1002
}
  0
DIMENSION
  5
3FD
330
17
100
AcDbEntity
  8
COTAS
100
AcDbDimension
280
0
  2
*D41
  3
EZDXF
 10
600.0
 20
330.0
 30
0.0
 11
631.0
 21
331.7
 31
0.0
 70
32
 71
5
  1
3.10
100
AcDbAlignedDimension
 13
600.0
 23
342.0
 33
0.0
 14
662.0
 24
342.0
 34
0.0
 50
0.0
100
AcDbRotatedDimension
1001
ACAD
1000
DSTYLE
1002
{
1070
140
1040
2.2
1070
41
1040
1.8
1070
44
1040
1.0
1070
42
1040
0.8
1070
147
1040
0.6
1070
77
1070
1
1070
178
1070
3
1002
}
  0
DIMENSION
  5
40C
330
17
100
AcDbEntity
  8
COTAS
100
AcDbDimension
280
0
  2
*D42
  3
EZDXF
 10
662.0
 20
330.0
 30
0.0
 11
665.0
 21
332.7
 31
0.0
 70
32
 71
5
  1
0.30
100
AcDbAlignedDimension
 13
662.0
 23
342.0
 33
0.0
 14
668.0
 24
342.0
 34
0.0
 50
0.0
100
AcDbRotatedDimension
1001
ACAD
1000
DSTYLE
1002
{
1070
140
1040
2.2
1070
41
1040
1.8
1070
44
1040
1.0
1070
42
1040
0.8
1070
147
1040
0.6
1070
77
1070
1
1070
178
1070
3
1002
}
  0
DIMENSION
  5
41B
330
17
100
AcDbEntity
  8
COTAS
100
AcDbDimension
280
0
  2
*D43
  3
EZDXF
 10
668.0
 20
330.0
 30
0.0
 11
698.0
 21
331.7
 31
0.0
 70
32
 71
5
  1
3.00
100
AcDbAlignedDimension
 13
668.0
 23
342.0
 33
0.0
 14
728.0
 24
342.0
 34
0.0
 50
0.0
100
AcDbRotatedDimension
1001
ACAD
1000
DSTYLE
1002
{
1070
140
1040
2.2
1070
41
1040
1.8
1070
44
1040
1.0
1070
42
1040
0.8
1070
147
1040
0.6
1070
77
1070
1
1070
178
1070
3
1002
}
  0
DIMENSION
  5
42A
330
17
100
AcDbEntity
  8
COTAS
100
AcDbDimension
280
0
  2
*D44
  3
EZDXF
 10
728.0
 20
330.0
 30
0.0
 11
732.0
 21
332.7
 31
0.0
 70
32
 71
5
  1
0.40
100
AcDbAlignedDimension
 13
728.0
 23
342.0
 33
0.0
 14
736.0
 24
342.0
 34
0.0
 50
0.0
100
AcDbRotatedDimension
1001
ACAD
1000
DSTYLE
1002
{
1070
140
1040
2.2
1070
41
1040
1.8
1070
44
1040
1.0
1070
42
1040
0.8
1070
147
1040
0.6
1070
77
1070
1
1070
178
1070
3
1002
}
  0
DIMENSION
  5
439
330
17
100
AcDbEntity
  8
COTAS
100
AcDbDimension
280
0
  2
*D45
  3
EZDXF
 10
736.0
 20
330.0
 30
0.0
 11
765.0
 21
331.7
 31
0.0
 70
32
 71
5
  1
2.90
100
AcDbAlignedDimension
 13
736.0
 23
342.0
 33
0.0
 14
794.0
 24
342.0
 34
0.0
 50
0.0
100
AcDbRotatedDimension
1001
ACAD
1000
DSTYLE
1002
{
1070
140
1040
2.2
1070
41
1040
1.8
1070
44
1040
1.0
1070
42
1040
0.8
1070
147
1040
0.6
1070
77
1070
1
1070
178
1070
3
1002
}
  0
DIMENSION
  5
448
330
17
100
AcDbEntity
  8
COTAS
100
AcDbDimension
280
0
  2
*D46
  3
EZDXF
 10
592.0
 20
318.0
 30
0.0
 11
693.0
 21
319.7
 31
0.0
 70
32
 71
5
  1
10.10
100
AcDbAlignedDimension
 13
592.0
 23
342.0
 33
0.0
 14
794.0
 24
342.0
 34
0.0
 50
0.0
100
AcDbRotatedDimension
1001
ACAD
1000
DSTYLE
1002
{
1070
140
1040
2.2
1070
41
1040
1.8
1070
44
1040
1.0
1070
42
1040
0.8
1070
147
1040
0.6
1070
77
1070
1
1070
178
1070
3
1002
}
  0
LINE
  5
457
330
17
100
AcDbEntity
  8
COTAS
100
AcDbLine
 10
800.0
 20
354.0
 30
0.0
 11
814.0
 21
354.0
 31
0.0
  0
TEXT
  5
458
330
17
100
AcDbEntity
  8
TEXTO
100
AcDbText
 10
815.0
 20
354.0
 30
0.0
 40
1.8
  1
±0.00 SUELO PB
 11
815.0
 21
354.0
 31
0.0
100
AcDbText
 73
2
  0
LINE
  5
459
330
17
100
AcDbEntity
  8
COTAS
100
AcDbLine
 10
800.0
 20
419.2
 30
0.0
 11
814.0
 21
419.2
 31
0.0
  0
TEXT
  5
45A
330
17
100
AcDbEntity
  8
TEXTO
100
AcDbText
 10
815.0
 20
419.2
 30
0.0
 40
1.8
  1
+3.26 SUELO PA
 11
815.0
 21
419.2
 31
0.0
100
AcDbText
 73
2
  0
LINE
  5
45B
330
17
100
AcDbEntity
  8
COTAS
100
AcDbLine
 10
800.0
 20
473.2
 30
0.0
 11
814.0
 21
473.2
 31
0.0
  0
TEXT
  5
45C
330
17
100
AcDbEntity
  8
TEXTO
100
AcDbText
 10
815.0
 20
473.2
 30
0.0
 40
1.8
  1
+5.96 FORJ. CUBIERTA
 11
815.0
 21
473.2
 31
0.0
100
AcDbText
 73
2
  0
LINE
  5
45D
330
17
100
AcDbEntity
  8
COTAS
100
AcDbLine
 10
800.0
 20
510.20000000000005
 30
0.0
 11
814.0
 21
510.20000000000005
 31
0.0
  0
TEXT
  5
45E
330
17
100
AcDbEntity
  8
TEXTO
100
AcDbText
 10
815.0
 20
510.20000000000005
 30
0.0
 40
1.8
  1
+7.81 CUMBRERA
 11
815.0
 21
510.20000000000005
 31
0.0
100
AcDbText
 73
2
  0
TEXT
  5
45F
330
17
100
AcDbEntity
  8
TEXTO
100
AcDbText
 10
693.0
 20
302.0
 30
0.0
 40
4.0
  1
SECCIÓN A-A'  esc. 1/50
 72
1
 11
693.0
 21
302.0
 31
0.0
100
AcDbText
 73
2
  0
LWPOLYLINE
  5
460
330
17
100
AcDbEntity
  8
cimentacion
100
AcDbPolyline
 90
4
 70
1
 10
256.59999999999997
 20
55.99999999999999
 10
44.999999999999986
 20
55.99999999999999
 10
45.0
 20
67.99999999999999
 10
256.59999999999997
 20
67.99999999999999
  0
HATCH
  5
461
330
17
100
AcDbEntity
  8
RAYADO_OTROS
 62
8
100
AcDbHatch
 10
0.0
 20
0.0
 30
0.0
210
0.0
220
0.0
230
1.0
  2
SOLID
 70
1
 71
0
 91
1
 92
3
 72
0
 73
1
 93
4
 10
256.59999999999997
 20
55.99999999999999
 10
44.999999999999986
 20
55.99999999999999
 10
45.0
 20
67.99999999999999
 10
256.59999999999997
 20
67.99999999999999
 97
0
 75
1
 76
1
 98
0
  0
LWPOLYLINE
  5
462
330
17
100
AcDbEntity
  8
muros_PB
100
AcDbPolyline
 90
4
 70
1
 10
60.0
 20
67.99999999999999
 10
52.0
 20
67.99999999999999
 10
52.0
 20
128.2
 10
60.0
 20
128.2
  0
HATCH
  5
463
330
17
100
AcDbEntity
  8
RAYADO_MURO
 62
7
100
AcDbHatch
 10
0.0
 20
0.0
 30
0.0
210
0.0
220
0.0
230
1.0
  2
ANSI31
 70
0
 71
0
 91
1
 92
3
 72
0
 73
1
 93
4
 10
60.0
 20
67.99999999999999
 10
52.0
 20
67.99999999999999
 10
52.0
 20
128.2
 10
60.0
 20
128.2
 97
0
 75
1
 76
1
 52
45.0
 41
0.6
 77
0
 78
1
 53
90.0
 43
0.0
 44
0.0
 45
-1.905
 46
0.0
 79
0
 98
0
  0
LWPOLYLINE
  5
464
330
17
100
AcDbEntity
  8
muros_PB
100
AcDbPolyline
 90
4
 70
1
 10
249.60000000000002
 20
128.2
 10
241.60000000000002
 20
128.2
 10
241.60000000000002
 20
67.99999999999999
 10
249.60000000000002
 20
67.99999999999999
  0
HATCH
  5
465
330
17
100
AcDbEntity
  8
RAYADO_MURO
 62
7
100
AcDbHatch
 10
0.0
 20
0.0
 30
0.0
210
0.0
220
0.0
230
1.0
  2
ANSI31
 70
0
 71
0
 91
1
 92
3
 72
0
 73
1
 93
4
 10
249.60000000000002
 20
128.2
 10
241.60000000000002
 20
128.2
 10
241.60000000000002
 20
67.99999999999999
 10
249.60000000000002
 20
67.99999999999999
 97
0
 75
1
 76
1
 52
45.0
 41
0.6
 77
0
 78
1
 53
90.0
 43
0.0
 44
0.0
 45
-1.905
 46
0.0
 79
0
 98
0
  0
LWPOLYLINE
  5
466
330
17
100
AcDbEntity
  8
muros_PA
100
AcDbPolyline
 90
4
 70
1
 10
60.0
 20
133.2
 10
52.0
 20
133.2
 10
52.0
 20
187.2
 10
60.0
 20
187.2
  0
HATCH
  5
467
330
17
100
AcDbEntity
  8
RAYADO_MURO
 62
7
100
AcDbHatch
 10
0.0
 20
0.0
 30
0.0
210
0.0
220
0.0
230
1.0
  2
ANSI31
 70
0
 71
0
 91
1
 92
3
 72
0
 73
1
 93
4
 10
60.0
 20
133.2
 10
52.0
 20
133.2
 10
52.0
 20
187.2
 10
60.0
 20
187.2
 97
0
 75
1
 76
1
 52
45.0
 41
0.6
 77
0
 78
1
 53
90.0
 43
0.0
 44
0.0
 45
-1.905
 46
0.0
 79
0
 98
0
  0
LWPOLYLINE
  5
468
330
17
100
AcDbEntity
  8
muros_PA
100
AcDbPolyline
 90
4
 70
1
 10
249.60000000000002
 20
187.2
 10
241.60000000000002
 20
187.2
 10
241.60000000000002
 20
133.2
 10
249.60000000000002
 20
133.2
  0
HATCH
  5
469
330
17
100
AcDbEntity
  8
RAYADO_MURO
 62
7
100
AcDbHatch
 10
0.0
 20
0.0
 30
0.0
210
0.0
220
0.0
230
1.0
  2
ANSI31
 70
0
 71
0
 91
1
 92
3
 72
0
 73
1
 93
4
 10
249.60000000000002
 20
187.2
 10
241.60000000000002
 20
187.2
 10
241.60000000000002
 20
133.2
 10
249.60000000000002
 20
133.2
 97
0
 75
1
 76
1
 52
45.0
 41
0.6
 77
0
 78
1
 53
90.0
 43
0.0
 44
0.0
 45
-1.905
 46
0.0
 79
0
 98
0
  0
LWPOLYLINE
  5
46A
330
17
100
AcDbEntity
  8
MURO_CENTRAL
100
AcDbPolyline
 90
12
 70
1
 10
104.00000000000001
 20
67.99999999999999
 10
60.0
 20
67.99999999999999
 10
60.0
 20
187.2
 10
241.59999999999997
 20
187.2
 10
241.60000000000002
 20
67.99999999999999
 10
182.0
 20
67.99999999999999
 10
182.0
 20
109.0
 10
164.0
 20
108.99999999999999
 10
164.0
 20
67.99999999999999
 10
122.00000000000001
 20
67.99999999999999
 10
122.0
 20
109.0
 10
104.0
 20
108.99999999999999
  0
LWPOLYLINE
  5
46B
330
17
100
AcDbEntity
  8
MURO_CENTRAL
100
AcDbPolyline
 90
4
 70
1
 10
122.0
 20
133.2
 10
122.0
 20
174.2
 10
104.0
 20
174.2
 10
104.0
 20
133.2
  0
LWPOLYLINE
  5
46C
330
17
100
AcDbEntity
  8
MURO_CENTRAL
100
AcDbPolyline
 90
4
 70
1
 10
182.0
 20
133.2
 10
182.0
 20
174.2
 10
164.0
 20
174.2
 10
164.0
 20
133.2
  0
HATCH
  5
46D
330
17
100
AcDbEntity
  8
RAYADO_MURO_CENTRAL
 62
7
100
AcDbHatch
 10
0.0
 20
0.0
 30
0.0
210
0.0
220
0.0
230
1.0
  2
ANSI37
 70
0
 71
0
 91
3
 92
3
 72
0
 73
1
 93
12
 10
104.00000000000001
 20
67.99999999999999
 10
60.0
 20
67.99999999999999
 10
60.0
 20
187.2
 10
241.59999999999997
 20
187.2
 10
241.60000000000002
 20
67.99999999999999
 10
182.0
 20
67.99999999999999
 10
182.0
 20
109.0
 10
164.0
 20
108.99999999999999
 10
164.0
 20
67.99999999999999
 10
122.00000000000001
 20
67.99999999999999
 10
122.0
 20
109.0
 10
104.0
 20
108.99999999999999
 97
0
 92
3
 72
0
 73
1
 93
4
 10
122.0
 20
133.2
 10
122.0
 20
174.2
 10
104.0
 20
174.2
 10
104.0
 20
133.2
 97
0
 92
3
 72
0
 73
1
 93
4
 10
182.0
 20
133.2
 10
182.0
 20
174.2
 10
164.0
 20
174.2
 10
164.0
 20
133.2
 97
0
 75
1
 76
1
 52
45.0
 41
0.6
 77
0
 78
2
 53
90.0
 43
0.0
 44
0.0
 45
-1.905
 46
0.0
 79
0
 53
180.0
 43
0.0
 44
0.0
 45
0.0
 46
-1.905
 79
0
 98
0
  0
LWPOLYLINE
  5
46E
330
17
100
AcDbEntity
  8
forjado_PB_PA
100
AcDbPolyline
 90
4
 70
1
 10
249.60000000000002
 20
128.2
 10
52.0
 20
128.2
 10
52.0
 20
133.2
 10
249.60000000000002
 20
133.2
  0
HATCH
  5
46F
330
17
100
AcDbEntity
  8
RAYADO_FORJADO
 62
7
100
AcDbHatch
 10
0.0
 20
0.0
 30
0.0
210
0.0
220
0.0
230
1.0
  2
SOLID
 70
1
 71
0
 91
1
 92
3
 72
0
 73
1
 93
4
 10
249.60000000000002
 20
128.2
 10
52.0
 20
128.2
 10
52.0
 20
133.2
 10
249.60000000000002
 20
133.2
 97
0
 75
1
 76
1
 98
0
  0
LWPOLYLINE
  5
470
330
17
100
AcDbEntity
  8
forjado_cubierta
100
AcDbPolyline
 90
4
 70
1
 10
249.60000000000002
 20
187.2
 10
52.0
 20
187.2
 10
52.0
 20
192.2
 10
249.60000000000002
 20
192.2
  0
HATCH
  5
471
330
17
100
AcDbEntity
  8
RAYADO_FORJADO
 62
7
100
AcDbHatch
 10
0.0
 20
0.0
 30
0.0
210
0.0
220
0.0
230
1.0
  2
SOLID
 70
1
 71
0
 91
1
 92
3
 72
0
 73
1
 93
4
 10
249.60000000000002
 20
187.2
 10
52.0
 20
187.2
 10
52.0
 20
192.2
 10
249.60000000000002
 20
192.2
 97
0
 75
1
 76
1
 98
0
  0
LWPOLYLINE
  5
472
330
17
100
AcDbEntity
  8
cubierta
100
AcDbPolyline
 90
49
 70
1
 10
256.6
 20
192.2
 10
251.69394904458602
 20
194.18726114649687
 10
246.787898089172
 20
196.1745222929936
 10
241.881847133758
 20
198.1617834394904
 10
236.975796178344
 20
200.14904458598733
 10
232.06974522292995
 20
202.1363057324841
 10
227.16369426751595
 20
204.1235668789809
 10
222.2576433121019
 20
206.11082802547767
 10
217.35159235668795
 20
208.09808917197455
 10
212.44554140127389
 20
210.0853503184713
 10
207.53949044585985
 20
212.07261146496816
 10
202.63343949044588
 20
214.05987261146498
 10
197.72738853503185
 20
216.0471337579618
 10
192.82133757961782
 20
218.0343949044586
 10
187.91528662420382
 20
220.02165605095541
 10
183.0092356687898
 20
222.00891719745226
 10
178.10318471337578
 20
223.99617834394905
 10
174.69028662420382
 20
223.99617834394905
 10
171.27738853503183
 20
223.99617834394905
 10
167.86449044585987
 20
223.99617834394905
 10
164.4515923566879
 20
223.99617834394905
 10
161.03869426751592
 20
223.99617834394905
 10
157.62579617834393
 20
223.99617834394905
 10
154.21289808917197
 20
223.99617834394905
 10
150.8
 20
223.99617834394905
 10
147.38710191082802
 20
223.99617834394905
 10
143.97420382165606
 20
223.99617834394905
 10
140.56130573248407
 20
223.99617834394905
 10
137.1484076433121
 20
223.99617834394905
 10
133.73550955414015
 20
223.99617834394905
 10
130.3226114649682
 20
223.99617834394905
 10
126.9097133757962
 20
223.99617834394905
 10
123.49681528662424
 20
223.99617834394905
 10
118.59076433121022
 20
222.00891719745226
 10
113.68471337579624
 20
220.02165605095541
 10
108.77866242038223
 20
218.03439490445857
 10
103.8726114649682
 20
216.0471337579618
 10
98.96656050955418
 20
214.05987261146498
 10
94.06050955414017
 20
212.07261146496816
 10
89.15445859872615
 20
210.08535031847137
 10
84.24840764331215
 20
208.0980891719745
 10
79.3423566878981
 20
206.11082802547776
 10
74.4363057324841
 20
204.12356687898088
 10
69.53025477707008
 20
202.1363057324841
 10
64.62420382165605
 20
200.1490445859873
 10
59.71815286624206
 20
198.16178343949045
 10
54.81210191082804
 20
196.1745222929936
 10
49.90605095541402
 20
194.18726114649684
 10
45.00000000000001
 20
192.2
  0
DIMENSION
  5
473
330
17
100
AcDbEntity
  8
COTAS
100
AcDbDimension
280
0
  2
*D47
  3
EZDXF
 10
40.0
 20
56.0
 30
0.0
 11
38.3
 21
62.0
 31
0.0
 70
32
 71
5
  1
0.60
100
AcDbAlignedDimension
 13
52.0
 23
56.0
 33
0.0
 14
52.0
 24
68.0
 34
0.0
 50
90.0
100
AcDbRotatedDimension
1001
ACAD
1000
DSTYLE
1002
{
1070
140
1040
2.2
1070
41
1040
1.8
1070
44
1040
1.0
1070
42
1040
0.8
1070
147
1040
0.6
1070
77
1070
1
1070
178
1070
3
1002
}
  0
DIMENSION
  5
482
330
17
100
AcDbEntity
  8
COTAS
100
AcDbDimension
280
0
  2
*D48
  3
EZDXF
 10
40.0
 20
68.0
 30
0.0
 11
38.3
 21
98.1
 31
0.0
 70
32
 71
5
  1
3.01
100
AcDbAlignedDimension
 13
52.0
 23
68.0
 33
0.0
 14
52.0
 24
128.2
 34
0.0
 50
90.0
100
AcDbRotatedDimension
1001
ACAD
1000
DSTYLE
1002
{
1070
140
1040
2.2
1070
41
1040
1.8
1070
44
1040
1.0
1070
42
1040
0.8
1070
147
1040
0.6
1070
77
1070
1
1070
178
1070
3
1002
}
  0
DIMENSION
  5
491
330
17
100
AcDbEntity
  8
COTAS
100
AcDbDimension
280
0
  2
*D49
  3
EZDXF
 10
40.0
 20
128.2
 30
0.0
 11
37.3
 21
130.7
 31
0.0
 70
32
 71
5
  1
0.25
100
AcDbAlignedDimension
 13
52.0
 23
128.2
 33
0.0
 14
52.0
 24
133.2
 34
0.0
 50
90.0
100
AcDbRotatedDimension
1001
ACAD
1000
DSTYLE
1002
{
1070
140
1040
2.2
1070
41
1040
1.8
1070
44
1040
1.0
1070
42
1040
0.8
1070
147
1040
0.6
1070
77
1070
1
1070
178
1070
3
1002
}
  0
DIMENSION
  5
4A0
330
17
100
AcDbEntity
  8
COTAS
100
AcDbDimension
280
0
  2
*D50
  3
EZDXF
 10
40.0
 20
133.2
 30
0.0
 11
38.3
 21
160.2
 31
0.0
 70
32
 71
5
  1
2.70
100
AcDbAlignedDimension
 13
52.0
 23
133.2
 33
0.0
 14
52.0
 24
187.2
 34
0.0
 50
90.0
100
AcDbRotatedDimension
1001
ACAD
1000
DSTYLE
1002
{
1070
140
1040
2.2
1070
41
1040
1.8
1070
44
1040
1.0
1070
42
1040
0.8
1070
147
1040
0.6
1070
77
1070
1
1070
178
1070
3
1002
}
  0
DIMENSION
  5
4AF
330
17
100
AcDbEntity
  8
COTAS
100
AcDbDimension
280
0
  2
*D51
  3
EZDXF
 10
40.0
 20
187.2
 30
0.0
 11
37.3
 21
189.7
 31
0.0
 70
32
 71
5
  1
0.25
100
AcDbAlignedDimension
 13
52.0
 23
187.2
 33
0.0
 14
52.0
 24
192.2
 34
0.0
 50
90.0
100
AcDbRotatedDimension
1001
ACAD
1000
DSTYLE
1002
{
1070
140
1040
2.2
1070
41
1040
1.8
1070
44
1040
1.0
1070
42
1040
0.8
1070
147
1040
0.6
1070
77
1070
1
1070
178
1070
3
1002
}
  0
DIMENSION
  5
4BE
330
17
100
AcDbEntity
  8
COTAS
100
AcDbDimension
280
0
  2
*D52
  3
EZDXF
 10
40.0
 20
192.2
 30
0.0
 11
38.3
 21
208.2
 31
0.0
 70
32
 71
5
  1
1.60
100
AcDbAlignedDimension
 13
52.0
 23
192.2
 33
0.0
 14
52.0
 24
224.20000000000002
 34
0.0
 50
90.0
100
AcDbRotatedDimension
1001
ACAD
1000
DSTYLE
1002
{
1070
140
1040
2.2
1070
41
1040
1.8
1070
44
1040
1.0
1070
42
1040
0.8
1070
147
1040
0.6
1070
77
1070
1
1070
178
1070
3
1002
}
  0
DIMENSION
  5
4CD
330
17
100
AcDbEntity
  8
COTAS
100
AcDbDimension
280
0
  2
*D53
  3
EZDXF
 10
28.0
 20
56.0
 30
0.0
 11
26.3
 21
140.10000000000002
 31
0.0
 70
32
 71
5
  1
8.41
100
AcDbAlignedDimension
 13
52.0
 23
56.0
 33
0.0
 14
52.0
 24
224.20000000000002
 34
0.0
 50
90.0
100
AcDbRotatedDimension
1001
ACAD
1000
DSTYLE
1002
{
1070
140
1040
2.2
1070
41
1040
1.8
1070
44
1040
1.0
1070
42
1040
0.8
1070
147
1040
0.6
1070
77
1070
1
1070
178
1070
3
1002
}
  0
DIMENSION
  5
4DC
330
17
100
AcDbEntity
  8
COTAS
100
AcDbDimension
280
0
  2
*D54
  3
EZDXF
 10
52.0
 20
44.0
 30
0.0
 11
56.0
 21
46.7
 31
0.0
 70
32
 71
5
  1
0.40
100
AcDbAlignedDimension
 13
52.0
 23
56.0
 33
0.0
 14
60.0
 24
56.0
 34
0.0
 50
0.0
100
AcDbRotatedDimension
1001
ACAD
1000
DSTYLE
1002
{
1070
140
1040
2.2
1070
41
1040
1.8
1070
44
1040
1.0
1070
42
1040
0.8
1070
147
1040
0.6
1070
77
1070
1
1070
178
1070
3
1002
}
  0
DIMENSION
  5
4EB
330
17
100
AcDbEntity
  8
COTAS
100
AcDbDimension
280
0
  2
*D55
  3
EZDXF
 10
60.0
 20
44.0
 30
0.0
 11
82.0
 21
45.7
 31
0.0
 70
32
 71
5
  1
2.20
100
AcDbAlignedDimension
 13
60.0
 23
56.0
 33
0.0
 14
104.0
 24
56.0
 34
0.0
 50
0.0
100
AcDbRotatedDimension
1001
ACAD
1000
DSTYLE
1002
{
1070
140
1040
2.2
1070
41
1040
1.8
1070
44
1040
1.0
1070
42
1040
0.8
1070
147
1040
0.6
1070
77
1070
1
1070
178
1070
3
1002
}
  0
DIMENSION
  5
4FA
330
17
100
AcDbEntity
  8
COTAS
100
AcDbDimension
280
0
  2
*D56
  3
EZDXF
 10
104.0
 20
44.0
 30
0.0
 11
113.0
 21
45.7
 31
0.0
 70
32
 71
5
  1
0.90
100
AcDbAlignedDimension
 13
104.0
 23
56.0
 33
0.0
 14
122.0
 24
56.0
 34
0.0
 50
0.0
100
AcDbRotatedDimension
1001
ACAD
1000
DSTYLE
1002
{
1070
140
1040
2.2
1070
41
1040
1.8
1070
44
1040
1.0
1070
42
1040
0.8
1070
147
1040
0.6
1070
77
1070
1
1070
178
1070
3
1002
}
  0
DIMENSION
  5
509
330
17
100
AcDbEntity
  8
COTAS
100
AcDbDimension
280
0
  2
*D57
  3
EZDXF
 10
122.0
 20
44.0
 30
0.0
 11
143.0
 21
45.7
 31
0.0
 70
32
 71
5
  1
2.10
100
AcDbAlignedDimension
 13
122.0
 23
56.0
 33
0.0
 14
164.0
 24
56.0
 34
0.0
 50
0.0
100
AcDbRotatedDimension
1001
ACAD
1000
DSTYLE
1002
{
1070
140
1040
2.2
1070
41
1040
1.8
1070
44
1040
1.0
1070
42
1040
0.8
1070
147
1040
0.6
1070
77
1070
1
1070
178
1070
3
1002
}
  0
DIMENSION
  5
518
330
17
100
AcDbEntity
  8
COTAS
100
AcDbDimension
280
0
  2
*D58
  3
EZDXF
 10
164.0
 20
44.0
 30
0.0
 11
173.0
 21
45.7
 31
0.0
 70
32
 71
5
  1
0.90
100
AcDbAlignedDimension
 13
164.0
 23
56.0
 33
0.0
 14
182.0
 24
56.0
 34
0.0
 50
0.0
100
AcDbRotatedDimension
1001
ACAD
1000
DSTYLE
1002
{
1070
140
1040
2.2
1070
41
1040
1.8
1070
44
1040
1.0
1070
42
1040
0.8
1070
147
1040
0.6
1070
77
1070
1
1070
178
1070
3
1002
}
  0
DIMENSION
  5
527
330
17
100
AcDbEntity
  8
COTAS
100
AcDbDimension
280
0
  2
*D59
  3
EZDXF
 10
182.0
 20
44.0
 30
0.0
 11
211.8
 21
45.7
 31
0.0
 70
32
 71
5
  1
2.98
100
AcDbAlignedDimension
 13
182.0
 23
56.0
 33
0.0
 14
241.60000000000002
 24
56.0
 34
0.0
 50
0.0
100
AcDbRotatedDimension
1001
ACAD
1000
DSTYLE
1002
{
1070
140
1040
2.2
1070
41
1040
1.8
1070
44
1040
1.0
1070
42
1040
0.8
1070
147
1040
0.6
1070
77
1070
1
1070
178
1070
3
1002
}
  0
DIMENSION
  5
536
330
17
100
AcDbEntity
  8
COTAS
100
AcDbDimension
280
0
  2
*D60
  3
EZDXF
 10
241.60000000000002
 20
44.0
 30
0.0
 11
245.60000000000002
 21
46.7
 31
0.0
 70
32
 71
5
  1
0.40
100
AcDbAlignedDimension
 13
241.60000000000002
 23
56.0
 33
0.0
 14
249.60000000000002
 24
56.0
 34
0.0
 50
0.0
100
AcDbRotatedDimension
1001
ACAD
1000
DSTYLE
1002
{
1070
140
1040
2.2
1070
41
1040
1.8
1070
44
1040
1.0
1070
42
1040
0.8
1070
147
1040
0.6
1070
77
1070
1
1070
178
1070
3
1002
}
  0
DIMENSION
  5
545
330
17
100
AcDbEntity
  8
COTAS
100
AcDbDimension
280
0
  2
*D61
  3
EZDXF
 10
52.0
 20
32.0
 30
0.0
 11
150.8
 21
33.7
 31
0.0
 70
32
 71
5
  1
9.88
100
AcDbAlignedDimension
 13
52.0
 23
56.0
 33
0.0
 14
249.60000000000002
 24
56.0
 34
0.0
 50
0.0
100
AcDbRotatedDimension
1001
ACAD
1000
DSTYLE
1002
{
1070
140
1040
2.2
1070
41
1040
1.8
1070
44
1040
1.0
1070
42
1040
0.8
1070
147
1040
0.6
1070
77
1070
1
1070
178
1070
3
1002
}
  0
LINE
  5
554
330
17
100
AcDbEntity
  8
COTAS
100
AcDbLine
 10
255.60000000000002
 20
68.0
 30
0.0
 11
269.6
 21
68.0
 31
0.0
  0
TEXT
  5
555
330
17
100
AcDbEntity
  8
TEXTO
100
AcDbText
 10
270.6
 20
68.0
 30
0.0
 40
1.8
  1
±0.00 SUELO PB
 11
270.6
 21
68.0
 31
0.0
100
AcDbText
 73
2
  0
LINE
  5
556
330
17
100
AcDbEntity
  8
COTAS
100
AcDbLine
 10
255.60000000000002
 20
133.2
 30
0.0
 11
269.6
 21
133.2
 31
0.0
  0
TEXT
  5
557
330
17
100
AcDbEntity
  8
TEXTO
100
AcDbText
 10
270.6
 20
133.2
 30
0.0
 40
1.8
  1
+3.26 SUELO PA
 11
270.6
 21
133.2
 31
0.0
100
AcDbText
 73
2
  0
LINE
  5
558
330
17
100
AcDbEntity
  8
COTAS
100
AcDbLine
 10
255.60000000000002
 20
187.2
 30
0.0
 11
269.6
 21
187.2
 31
0.0
  0
TEXT
  5
559
330
17
100
AcDbEntity
  8
TEXTO
100
AcDbText
 10
270.6
 20
187.2
 30
0.0
 40
1.8
  1
+5.96 FORJ. CUBIERTA
 11
270.6
 21
187.2
 31
0.0
100
AcDbText
 73
2
  0
LINE
  5
55A
330
17
100
AcDbEntity
  8
COTAS
100
AcDbLine
 10
255.60000000000002
 20
224.20000000000002
 30
0.0
 11
269.6
 21
224.20000000000002
 31
0.0
  0
TEXT
  5
55B
330
17
100
AcDbEntity
  8
TEXTO
100
AcDbText
 10
270.6
 20
224.20000000000002
 30
0.0
 40
1.8
  1
+7.81 CUMBRERA
 11
270.6
 21
224.20000000000002
 31
0.0
100
AcDbText
 73
2
  0
TEXT
  5
55C
330
17
100
AcDbEntity
  8
TEXTO
100
AcDbText
 10
150.8
 20
16.0
 30
0.0
 40
4.0
  1
SECCIÓN B-B' por muro central  esc. 1/50
 72
1
 11
150.8
 21
16.0
 31
0.0
100
AcDbText
 73
2
  0
TEXT
  5
55D
330
17
100
AcDbEntity
  8
TEXTO
100
AcDbText
 10
300.0
 20
284.0
 30
0.0
 40
3.5
  1
CUADRO DE SUPERFICIES (interiores, estimadas)
100
AcDbText
  0
TEXT
  5
55E
330
17
100
AcDbEntity
  8
TEXTO
100
AcDbText
 10
302.0
 20
275.0
 30
0.0
 40
2.5
  1
ESTANCIA
100
AcDbText
  0
TEXT
  5
55F
330
17
100
AcDbEntity
  8
TEXTO
100
AcDbText
 10
407.0
 20
275.0
 30
0.0
 40
2.5
  1
PLANTA
100
AcDbText
  0
TEXT
  5
560
330
17
100
AcDbEntity
  8
TEXTO
100
AcDbText
 10
462.0
 20
275.0
 30
0.0
 40
2.5
  1
SUP. (m²)
100
AcDbText
  0
LWPOLYLINE
  5
561
330
17
100
AcDbEntity
  8
TABLA
100
AcDbPolyline
 90
4
 70
1
 10
300.0
 20
280.0
 10
490.0
 20
280.0
 10
490.0
 20
273.0
 10
300.0
 20
273.0
  0
TEXT
  5
562
330
17
100
AcDbEntity
  8
TEXTO
100
AcDbText
 10
302.0
 20
268.0
 30
0.0
 40
2.5
  1
Despacho
100
AcDbText
  0
TEXT
  5
563
330
17
100
AcDbEntity
  8
TEXTO
100
AcDbText
 10
407.0
 20
268.0
 30
0.0
 40
2.5
  1
PB
100
AcDbText
  0
TEXT
  5
564
330
17
100
AcDbEntity
  8
TEXTO
100
AcDbText
 10
462.0
 20
268.0
 30
0.0
 40
2.5
  1
8.68
100
AcDbText
  0
LWPOLYLINE
  5
565
330
17
100
AcDbEntity
  8
TABLA
100
AcDbPolyline
 90
4
 70
1
 10
300.0
 20
273.0
 10
490.0
 20
273.0
 10
490.0
 20
266.0
 10
300.0
 20
266.0
  0
TEXT
  5
566
330
17
100
AcDbEntity
  8
TEXTO
100
AcDbText
 10
302.0
 20
261.0
 30
0.0
 40
2.5
  1
Baño
100
AcDbText
  0
TEXT
  5
567
330
17
100
AcDbEntity
  8
TEXTO
100
AcDbText
 10
407.0
 20
261.0
 30
0.0
 40
2.5
  1
PB
100
AcDbText
  0
TEXT
  5
568
330
17
100
AcDbEntity
  8
TEXTO
100
AcDbText
 10
462.0
 20
261.0
 30
0.0
 40
2.5
  1
5.89
100
AcDbText
  0
LWPOLYLINE
  5
569
330
17
100
AcDbEntity
  8
TABLA
100
AcDbPolyline
 90
4
 70
1
 10
300.0
 20
266.0
 10
490.0
 20
266.0
 10
490.0
 20
259.0
 10
300.0
 20
259.0
  0
TEXT
  5
56A
330
17
100
AcDbEntity
  8
TEXTO
100
AcDbText
 10
302.0
 20
254.0
 30
0.0
 40
2.5
  1
Dormitorio
100
AcDbText
  0
TEXT
  5
56B
330
17
100
AcDbEntity
  8
TEXTO
100
AcDbText
 10
407.0
 20
254.0
 30
0.0
 40
2.5
  1
PB
100
AcDbText
  0
TEXT
  5
56C
330
17
100
AcDbEntity
  8
TEXTO
100
AcDbText
 10
462.0
 20
254.0
 30
0.0
 40
2.5
  1
12.96
100
AcDbText
  0
LWPOLYLINE
  5
56D
330
17
100
AcDbEntity
  8
TABLA
100
AcDbPolyline
 90
4
 70
1
 10
300.0
 20
259.0
 10
490.0
 20
259.0
 10
490.0
 20
252.0
 10
300.0
 20
252.0
  0
TEXT
  5
56E
330
17
100
AcDbEntity
  8
TEXTO
100
AcDbText
 10
302.0
 20
247.0
 30
0.0
 40
2.5
  1
Salón-cocina-escalera
100
AcDbText
  0
TEXT
  5
56F
330
17
100
AcDbEntity
  8
TEXTO
100
AcDbText
 10
407.0
 20
247.0
 30
0.0
 40
2.5
  1
PB
100
AcDbText
  0
TEXT
  5
570
330
17
100
AcDbEntity
  8
TEXTO
100
AcDbText
 10
462.0
 20
247.0
 30
0.0
 40
2.5
  1
27.24
100
AcDbText
  0
LWPOLYLINE
  5
571
330
17
100
AcDbEntity
  8
TABLA
100
AcDbPolyline
 90
4
 70
1
 10
300.0
 20
252.0
 10
490.0
 20
252.0
 10
490.0
 20
245.0
 10
300.0
 20
245.0
  0
TEXT
  5
572
330
17
100
AcDbEntity
  8
TEXTO
100
AcDbText
 10
302.0
 20
240.0
 30
0.0
 40
2.5
  1
Porche
100
AcDbText
  0
TEXT
  5
573
330
17
100
AcDbEntity
  8
TEXTO
100
AcDbText
 10
407.0
 20
240.0
 30
0.0
 40
2.5
  1
PB
100
AcDbText
  0
TEXT
  5
574
330
17
100
AcDbEntity
  8
TEXTO
100
AcDbText
 10
462.0
 20
240.0
 30
0.0
 40
2.5
  1
19.75
100
AcDbText
  0
LWPOLYLINE
  5
575
330
17
100
AcDbEntity
  8
TABLA
100
AcDbPolyline
 90
4
 70
1
 10
300.0
 20
245.0
 10
490.0
 20
245.0
 10
490.0
 20
238.0
 10
300.0
 20
238.0
  0
TEXT
  5
576
330
17
100
AcDbEntity
  8
TEXTO
100
AcDbText
 10
302.0
 20
233.0
 30
0.0
 40
2.5
  1
Dormitorio 1
100
AcDbText
  0
TEXT
  5
577
330
17
100
AcDbEntity
  8
TEXTO
100
AcDbText
 10
407.0
 20
233.0
 30
0.0
 40
2.5
  1
PA
100
AcDbText
  0
TEXT
  5
578
330
17
100
AcDbEntity
  8
TEXTO
100
AcDbText
 10
462.0
 20
233.0
 30
0.0
 40
2.5
  1
8.68
100
AcDbText
  0
LWPOLYLINE
  5
579
330
17
100
AcDbEntity
  8
TABLA
100
AcDbPolyline
 90
4
 70
1
 10
300.0
 20
238.0
 10
490.0
 20
238.0
 10
490.0
 20
231.0
 10
300.0
 20
231.0
  0
TEXT
  5
57A
330
17
100
AcDbEntity
  8
TEXTO
100
AcDbText
 10
302.0
 20
226.0
 30
0.0
 40
2.5
  1
Baño
100
AcDbText
  0
TEXT
  5
57B
330
17
100
AcDbEntity
  8
TEXTO
100
AcDbText
 10
407.0
 20
226.0
 30
0.0
 40
2.5
  1
PA
100
AcDbText
  0
TEXT
  5
57C
330
17
100
AcDbEntity
  8
TEXTO
100
AcDbText
 10
462.0
 20
226.0
 30
0.0
 40
2.5
  1
5.89
100
AcDbText
  0
LWPOLYLINE
  5
57D
330
17
100
AcDbEntity
  8
TABLA
100
AcDbPolyline
 90
4
 70
1
 10
300.0
 20
231.0
 10
490.0
 20
231.0
 10
490.0
 20
224.0
 10
300.0
 20
224.0
  0
TEXT
  5
57E
330
17
100
AcDbEntity
  8
TEXTO
100
AcDbText
 10
302.0
 20
219.0
 30
0.0
 40
2.5
  1
Dormitorio 2
100
AcDbText
  0
TEXT
  5
57F
330
17
100
AcDbEntity
  8
TEXTO
100
AcDbText
 10
407.0
 20
219.0
 30
0.0
 40
2.5
  1
PA
100
AcDbText
  0
TEXT
  5
580
330
17
100
AcDbEntity
  8
TEXTO
100
AcDbText
 10
462.0
 20
219.0
 30
0.0
 40
2.5
  1
12.96
100
AcDbText
  0
LWPOLYLINE
  5
581
330
17
100
AcDbEntity
  8
TABLA
100
AcDbPolyline
 90
4
 70
1
 10
300.0
 20
224.0
 10
490.0
 20
224.0
 10
490.0
 20
217.0
 10
300.0
 20
217.0
  0
TEXT
  5
582
330
17
100
AcDbEntity
  8
TEXTO
100
AcDbText
 10
302.0
 20
212.0
 30
0.0
 40
2.5
  1
Estar-escalera
100
AcDbText
  0
TEXT
  5
583
330
17
100
AcDbEntity
  8
TEXTO
100
AcDbText
 10
407.0
 20
212.0
 30
0.0
 40
2.5
  1
PA
100
AcDbText
  0
TEXT
  5
584
330
17
100
AcDbEntity
  8
TEXTO
100
AcDbText
 10
462.0
 20
212.0
 30
0.0
 40
2.5
  1
14.10
100
AcDbText
  0
LWPOLYLINE
  5
585
330
17
100
AcDbEntity
  8
TABLA
100
AcDbPolyline
 90
4
 70
1
 10
300.0
 20
217.0
 10
490.0
 20
217.0
 10
490.0
 20
210.0
 10
300.0
 20
210.0
  0
TEXT
  5
586
330
17
100
AcDbEntity
  8
TEXTO
100
AcDbText
 10
302.0
 20
205.0
 30
0.0
 40
2.5
  1
Dormitorio 3
100
AcDbText
  0
TEXT
  5
587
330
17
100
AcDbEntity
  8
TEXTO
100
AcDbText
 10
407.0
 20
205.0
 30
0.0
 40
2.5
  1
PA
100
AcDbText
  0
TEXT
  5
588
330
17
100
AcDbEntity
  8
TEXTO
100
AcDbText
 10
462.0
 20
205.0
 30
0.0
 40
2.5
  1
12.84
100
AcDbText
  0
LWPOLYLINE
  5
589
330
17
100
AcDbEntity
  8
TABLA
100
AcDbPolyline
 90
4
 70
1
 10
300.0
 20
210.0
 10
490.0
 20
210.0
 10
490.0
 20
203.0
 10
300.0
 20
203.0
  0
TEXT
  5
58A
330
17
100
AcDbEntity
  8
TEXTO
100
AcDbText
 10
302.0
 20
198.0
 30
0.0
 40
2.5
  1
Terraza
100
AcDbText
  0
TEXT
  5
58B
330
17
100
AcDbEntity
  8
TEXTO
100
AcDbText
 10
407.0
 20
198.0
 30
0.0
 40
2.5
  1
PA
100
AcDbText
  0
TEXT
  5
58C
330
17
100
AcDbEntity
  8
TEXTO
100
AcDbText
 10
462.0
 20
198.0
 30
0.0
 40
2.5
  1
19.75
100
AcDbText
  0
LWPOLYLINE
  5
58D
330
17
100
AcDbEntity
  8
TABLA
100
AcDbPolyline
 90
4
 70
1
 10
300.0
 20
203.0
 10
490.0
 20
203.0
 10
490.0
 20
196.0
 10
300.0
 20
196.0
  0
TEXT
  5
58E
330
17
100
AcDbEntity
  8
TEXTO
100
AcDbText
 10
302.0
 20
191.0
 30
0.0
 40
2.5
  1
TOTAL P. BAJA (sin porche)
100
AcDbText
  0
TEXT
  5
58F
330
17
100
AcDbEntity
  8
TEXTO
100
AcDbText
 10
407.0
 20
191.0
 30
0.0
 40
2.5
  1
PB
100
AcDbText
  0
TEXT
  5
590
330
17
100
AcDbEntity
  8
TEXTO
100
AcDbText
 10
462.0
 20
191.0
 30
0.0
 40
2.5
  1
54.77
100
AcDbText
  0
LWPOLYLINE
  5
591
330
17
100
AcDbEntity
  8
TABLA
100
AcDbPolyline
 90
4
 70
1
 10
300.0
 20
196.0
 10
490.0
 20
196.0
 10
490.0
 20
189.0
 10
300.0
 20
189.0
  0
TEXT
  5
592
330
17
100
AcDbEntity
  8
TEXTO
100
AcDbText
 10
302.0
 20
184.0
 30
0.0
 40
2.5
  1
TOTAL P. ALTA (sin terraza)
100
AcDbText
  0
TEXT
  5
593
330
17
100
AcDbEntity
  8
TEXTO
100
AcDbText
 10
407.0
 20
184.0
 30
0.0
 40
2.5
  1
PA
100
AcDbText
  0
TEXT
  5
594
330
17
100
AcDbEntity
  8
TEXTO
100
AcDbText
 10
462.0
 20
184.0
 30
0.0
 40
2.5
  1
54.47
100
AcDbText
  0
LWPOLYLINE
  5
595
330
17
100
AcDbEntity
  8
TABLA
100
AcDbPolyline
 90
4
 70
1
 10
300.0
 20
189.0
 10
490.0
 20
189.0
 10
490.0
 20
182.0
 10
300.0
 20
182.0
  0
TEXT
  5
596
330
17
100
AcDbEntity
  8
TEXTO
100
AcDbText
 10
302.0
 20
177.0
 30
0.0
 40
2.5
  1
TOTAL
100
AcDbText
  0
TEXT
  5
597
330
17
100
AcDbEntity
  8
TEXTO
100
AcDbText
 10
407.0
 20
177.0
 30
0.0
 40
2.5
  1

100
AcDbText
  0
TEXT
  5
598
330
17
100
AcDbEntity
  8
TEXTO
100
AcDbText
 10
462.0
 20
177.0
 30
0.0
 40
2.5
  1
109.24
100
AcDbText
  0
LWPOLYLINE
  5
599
330
17
100
AcDbEntity
  8
TABLA
100
AcDbPolyline
 90
4
 70
1
 10
300.0
 20
182.0
 10
490.0
 20
182.0
 10
490.0
 20
175.0
 10
300.0
 20
175.0
  0
TEXT
  5
59A
330
17
100
AcDbEntity
  8
TEXTO
100
AcDbText
 10
300.0
 20
167.0
 30
0.0
 40
2.2
  1
NOTAS: cotas en metros. Alturas libres PB 3.01 m / PA 2.70 m. El muro central (eje E-O, 0.30 m) es continuo desde la cimentación hasta la cubierta.
100
AcDbText
  0
TEXT
  5
59B
330
17
100
AcDbEntity
  8
TEXTO
100
AcDbText
 10
300.0
 20
162.0
 30
0.0
 40
2.2
  1
Fondo del cuerpo (7.20 m), espesores y cimentación estimados. Carpintería: V ventana, B balconera, P0 entrada, P1/P2 interiores.
100
AcDbText
  0
TEXT
  5
59C
330
17
100
AcDbEntity
  8
TEXTO
100
AcDbText
 10
300.0
 20
151.0
 30
0.0
 40
3.0
  1
LEYENDA DE RAYADOS
100
AcDbText
  0
HATCH
  5
59D
330
17
100
AcDbEntity
  8
RAYADO_MURO
 62
7
100
AcDbHatch
 10
0.0
 20
0.0
 30
0.0
210
0.0
220
0.0
230
1.0
  2
ANSI31
 70
0
 71
0
 91
1
 92
3
 72
0
 73
1
 93
4
 10
300.0
 20
137.0
 10
314.0
 20
137.0
 10
314.0
 20
144.0
 10
300.0
 20
144.0
 97
0
 75
1
 76
1
 52
45.0
 41
0.6
 77
0
 78
1
 53
90.0
 43
0.0
 44
0.0
 45
-1.905
 46
0.0
 79
0
 98
0
  0
LWPOLYLINE
  5
59E
330
17
100
AcDbEntity
  8
TABLA
100
AcDbPolyline
 90
4
 70
1
 10
300.0
 20
137.0
 10
314.0
 20
137.0
 10
314.0
 20
144.0
 10
300.0
 20
144.0
  0
TEXT
  5
59F
330
17
100
AcDbEntity
  8
TEXTO
100
AcDbText
 10
316.0
 20
139.0
 30
0.0
 40
2.2
  1
Muro de mampostería
100
AcDbText
  0
HATCH
  5
5A0
330
17
100
AcDbEntity
  8
RAYADO_MURO_CENTRAL
 62
7
100
AcDbHatch
 10
0.0
 20
0.0
 30
0.0
210
0.0
220
0.0
230
1.0
  2
ANSI37
 70
0
 71
0
 91
1
 92
3
 72
0
 73
1
 93
4
 10
362.0
 20
137.0
 10
376.0
 20
137.0
 10
376.0
 20
144.0
 10
362.0
 20
144.0
 97
0
 75
1
 76
1
 52
45.0
 41
0.6
 77
0
 78
2
 53
90.0
 43
0.0
 44
0.0
 45
-1.905
 46
0.0
 79
0
 53
180.0
 43
0.0
 44
0.0
 45
0.0
 46
-1.905
 79
0
 98
0
  0
LWPOLYLINE
  5
5A1
330
17
100
AcDbEntity
  8
TABLA
100
AcDbPolyline
 90
4
 70
1
 10
362.0
 20
137.0
 10
376.0
 20
137.0
 10
376.0
 20
144.0
 10
362.0
 20
144.0
  0
TEXT
  5
5A2
330
17
100
AcDbEntity
  8
TEXTO
100
AcDbText
 10
378.0
 20
139.0
 30
0.0
 40
2.2
  1
Muro central de carga
100
AcDbText
  0
HATCH
  5
5A3
330
17
100
AcDbEntity
  8
RAYADO_FORJADO
 62
7
100
AcDbHatch
 10
0.0
 20
0.0
 30
0.0
210
0.0
220
0.0
230
1.0
  2
SOLID
 70
1
 71
0
 91
1
 92
3
 72
0
 73
1
 93
4
 10
424.0
 20
137.0
 10
438.0
 20
137.0
 10
438.0
 20
144.0
 10
424.0
 20
144.0
 97
0
 75
1
 76
1
 98
0
  0
LWPOLYLINE
  5
5A4
330
17
100
AcDbEntity
  8
TABLA
100
AcDbPolyline
 90
4
 70
1
 10
424.0
 20
137.0
 10
438.0
 20
137.0
 10
438.0
 20
144.0
 10
424.0
 20
144.0
  0
TEXT
  5
5A5
330
17
100
AcDbEntity
  8
TEXTO
100
AcDbText
 10
440.0
 20
139.0
 30
0.0
 40
2.2
  1
Forjado / losa
100
AcDbText
  0
HATCH
  5
5A6
330
17
100
AcDbEntity
  8
RAYADO_OTROS
 62
8
100
AcDbHatch
 10
0.0
 20
0.0
 30
0.0
210
0.0
220
0.0
230
1.0
  2
SOLID
 70
1
 71
0
 91
1
 92
3
 72
0
 73
1
 93
4
 10
486.0
 20
137.0
 10
500.0
 20
137.0
 10
500.0
 20
144.0
 10
486.0
 20
144.0
 97
0
 75
1
 76
1
 98
0
  0
LWPOLYLINE
  5
5A7
330
17
100
AcDbEntity
  8
TABLA
100
AcDbPolyline
 90
4
 70
1
 10
486.0
 20
137.0
 10
500.0
 20
137.0
 10
500.0
 20
144.0
 10
486.0
 20
144.0
  0
TEXT
  5
5A8
330
17
100
AcDbEntity
  8
TEXTO
100
AcDbText
 10
502.0
 20
139.0
 30
0.0
 40
2.2
  1
Cimentación
100
AcDbText
  0
LWPOLYLINE
  5
5A9
330
17
100
AcDbEntity
  8
MARCO
100
AcDbPolyline
 90
4
 70
1
 10
640.0
 20
14.0
 10
825.0
 20
14.0
 10
825.0
 20
100.0
 10
640.0
 20
100.0
  0
LINE
  5
5AA
330
17
100
AcDbEntity
  8
TABLA
100
AcDbLine
 10
640.0
 20
32.0
 30
0.0
 11
825.0
 21
32.0
 31
0.0
  0
LINE
  5
5AB
330
17
100
AcDbEntity
  8
TABLA
100
AcDbLine
 10
640.0
 20
50.0
 30
0.0
 11
825.0
 21
50.0
 31
0.0
  0
LINE
  5
5AC
330
17
100
AcDbEntity
  8
TABLA
100
AcDbLine
 10
640.0
 20
68.0
 30
0.0
 11
825.0
 21
68.0
 31
0.0
  0
LINE
  5
5AD
330
17
100
AcDbEntity
  8
TABLA
100
AcDbLine
 10
640.0
 20
84.0
 30
0.0
 11
825.0
 21
84.0
 31
0.0
  0
LINE
  5
5AE
330
17
100
AcDbEntity
  8
TABLA
100
AcDbLine
 10
760.0
 20
14.0
 30
0.0
 11
760.0
 21
50.0
 31
0.0
  0
TEXT
  5
5AF
330
17
100
AcDbEntity
  8
TEXTO
100
AcDbText
 10
643.0
 20
94.0
 30
0.0
 40
2.0
  1
BORRADOR - SIN VISADO. Basado en proyecto visado exp. 25-01150-BE (COAA, 22/09/25).
100
AcDbText
  0
TEXT
  5
5B0
330
17
100
AcDbEntity
  8
TEXTO
100
AcDbText
 10
643.0
 20
87.0
 30
0.0
 40
2.4
  1
REFORMA DE VIVIENDA UNIFAMILIAR - Pol. 33, parc. 198, San Roque, Albox (Almería)
100
AcDbText
  0
TEXT
  5
5B1
330
17
100
AcDbEntity
  8
TEXTO
100
AcDbText
 10
643.0
 20
71.0
 30
0.0
 40
3.0
  1
PLANTAS Y SECCIONES - MODELO PARAMÉTRICO (STEP/GLB)
100
AcDbText
  0
TEXT
  5
5B2
330
17
100
AcDbEntity
  8
TEXTO
100
AcDbText
 10
643.0
 20
54.0
 30
0.0
 40
2.6
  1
Plano: PLANTAS, SECCIONES Y COTAS
100
AcDbText
  0
TEXT
  5
5B3
330
17
100
AcDbEntity
  8
TEXTO
100
AcDbText
 10
763.0
 20
54.0
 30
0.0
 40
2.6
  1
Hoja: 01 / 01
100
AcDbText
  0
TEXT
  5
5B4
330
17
100
AcDbEntity
  8
TEXTO
100
AcDbText
 10
643.0
 20
36.0
 30
0.0
 40
2.6
  1
Escala: 1/50 (A1)
100
AcDbText
  0
TEXT
  5
5B5
330
17
100
AcDbEntity
  8
TEXTO
100
AcDbText
 10
763.0
 20
36.0
 30
0.0
 40
2.6
  1
Fecha: 28/09/2026
100
AcDbText
  0
TEXT
  5
5B6
330
17
100
AcDbEntity
  8
TEXTO
100
AcDbText
 10
643.0
 20
18.0
 30
0.0
 40
2.2
  1
Unidades: mm (dibujo en papel)
100
AcDbText
  0
TEXT
  5
5B7
330
17
100
AcDbEntity
  8
TEXTO
100
AcDbText
 10
763.0
 20
18.0
 30
0.0
 40
2.6
  1
Rev.: R00
100
AcDbText
  0
ENDSEC
  0
SECTION
  2
OBJECTS
  0
DICTIONARY
  5
A
330
0
100
AcDbDictionary
281
1
  3
ACAD_COLOR
350
B
  3
ACAD_GROUP
350
C
  3
ACAD_LAYOUT
350
D
  3
ACAD_MATERIAL
350
E
  3
ACAD_MLEADERSTYLE
350
F
  3
ACAD_MLINESTYLE
350
10
  3
ACAD_PLOTSETTINGS
350
11
  3
ACAD_PLOTSTYLENAME
350
12
  3
ACAD_SCALELIST
350
14
  3
ACAD_TABLESTYLE
350
15
  3
ACAD_VISUALSTYLE
350
16
  3
EZDXF_META
350
2D
  0
DICTIONARY
  5
B
330
A
100
AcDbDictionary
281
1
  0
DICTIONARY
  5
C
330
A
100
AcDbDictionary
281
1
  0
DICTIONARY
  5
D
330
A
100
AcDbDictionary
281
1
  3
Model
350
1A
  3
Layout1
350
1E
  0
DICTIONARY
  5
E
330
A
100
AcDbDictionary
281
1
  3
ByBlock
350
1F
  3
ByLayer
350
20
  3
Global
350
21
  0
DICTIONARY
  5
F
330
A
100
AcDbDictionary
281
1
  3
Standard
350
2C
  0
DICTIONARY
  5
10
330
A
100
AcDbDictionary
281
1
  3
Standard
350
22
  0
DICTIONARY
  5
11
330
A
100
AcDbDictionary
281
1
  0
ACDBDICTIONARYWDFLT
  5
12
330
A
100
AcDbDictionary
281
1
  3
Normal
350
13
100
AcDbDictionaryWithDefault
340
13
  0
ACDBPLACEHOLDER
  5
13
330
12
  0
DICTIONARY
  5
14
330
A
100
AcDbDictionary
281
1
  0
DICTIONARY
  5
15
330
A
100
AcDbDictionary
281
1
  0
DICTIONARY
  5
16
330
A
100
AcDbDictionary
281
1
  3
2dWireframe
350
5A
  3
Basic
350
5B
  3
Brighten
350
5C
  3
ColorChange
350
5D
  3
Conceptual
350
5E
  3
Dim
350
5F
  3
EdgeColorOff
350
60
  3
Facepattern
350
61
  3
Flat
350
62
  3
FlatWithEdges
350
63
  3
Gouraud
350
64
  3
GouraudWithEdges
350
65
  3
Hidden
350
66
  3
JitterOff
350
67
  3
Linepattern
350
68
  3
Modeling
350
69
  3
OverhangOff
350
6A
  3
Realistic
350
6B
  3
Shaded
350
6C
  3
Shaded with edges
350
6D
  3
Shades of Gray
350
6E
  3
Sketchy
350
6F
  3
Thicken
350
70
  3
Wireframe
350
71
  3
X-Ray
350
72
  0
LAYOUT
  5
1A
330
D
100
AcDbPlotSettings
  1

  4
A3
  6

 40
7.5
 41
20.0
 42
7.5
 43
20.0
 44
420.0
 45
297.0
 46
0.0
 47
0.0
 48
0.0
 49
0.0
140
0.0
141
0.0
142
1.0
143
1.0
 70
1024
 72
1
 73
0
 74
5
  7

 75
16
 76
0
 77
2
 78
300
147
1.0
148
0.0
149
0.0
100
AcDbLayout
  1
Model
 70
1
 71
0
 10
0.0
 20
0.0
 11
420.0
 21
297.0
 12
0.0
 22
0.0
 32
0.0
 14
1e+20
 24
1e+20
 34
1e+20
 15
-1e+20
 25
-1e+20
 35
-1e+20
146
0.0
 13
0.0
 23
0.0
 33
0.0
 16
1.0
 26
0.0
 36
0.0
 17
0.0
 27
1.0
 37
0.0
 76
1
330
17
  0
LAYOUT
  5
1E
330
D
100
AcDbPlotSettings
  1

  4
A3
  6

 40
7.5
 41
20.0
 42
7.5
 43
20.0
 44
420.0
 45
297.0
 46
0.0
 47
0.0
 48
0.0
 49
0.0
140
0.0
141
0.0
142
1.0
143
1.0
 70
0
 72
1
 73
0
 74
5
  7

 75
16
 76
0
 77
2
 78
300
147
1.0
148
0.0
149
0.0
100
AcDbLayout
  1
Layout1
 70
1
 71
1
 10
0.0
 20
0.0
 11
420.0
 21
297.0
 12
0.0
 22
0.0
 32
0.0
 14
1e+20
 24
1e+20
 34
1e+20
 15
-1e+20
 25
-1e+20
 35
-1e+20
146
0.0
 13
0.0
 23
0.0
 33
0.0
 16
1.0
 26
0.0
 36
0.0
 17
0.0
 27
1.0
 37
0.0
 76
1
330
1B
  0
MATERIAL
  5
1F
102
{ACAD_REACTORS
330
E
102
}
330
E
100
AcDbMaterial
  1
ByBlock
  2

 70
0
 40
1.0
 71
1
 41
1.0
 91
-1023410177
 42
1.0
 72
1
  3

 73
1
 74
1
 75
1
 44
0.5
 73
0
 45
1.0
 46
1.0
 77
1
  4

 78
1
 79
1
170
1
 48
1.0
171
1
  6

172
1
173
1
174
1
140
1.0
141
1.0
175
1
  7

176
1
177
1
178
1
143
1.0
179
1
  8

270
1
271
1
272
1
145
1.0
146
1.0
273
1
  9

274
1
275
1
276
1
 42
1.0
 72
1
  3

 73
1
 74
1
 75
1
 94
63
  0
MATERIAL
  5
20
102
{ACAD_REACTORS
330
E
102
}
330
E
100
AcDbMaterial
  1
ByLayer
  2

 70
0
 40
1.0
 71
1
 41
1.0
 91
-1023410177
 42
1.0
 72
1
  3

 73
1
 74
1
 75
1
 44
0.5
 73
0
 45
1.0
 46
1.0
 77
1
  4

 78
1
 79
1
170
1
 48
1.0
171
1
  6

172
1
173
1
174
1
140
1.0
141
1.0
175
1
  7

176
1
177
1
178
1
143
1.0
179
1
  8

270
1
271
1
272
1
145
1.0
146
1.0
273
1
  9

274
1
275
1
276
1
 42
1.0
 72
1
  3

 73
1
 74
1
 75
1
 94
63
  0
MATERIAL
  5
21
102
{ACAD_REACTORS
330
E
102
}
330
E
100
AcDbMaterial
  1
Global
  2

 70
0
 40
1.0
 71
1
 41
1.0
 91
-1023410177
 42
1.0
 72
1
  3

 73
1
 74
1
 75
1
 44
0.5
 73
0
 45
1.0
 46
1.0
 77
1
  4

 78
1
 79
1
170
1
 48
1.0
171
1
  6

172
1
173
1
174
1
140
1.0
141
1.0
175
1
  7

176
1
177
1
178
1
143
1.0
179
1
  8

270
1
271
1
272
1
145
1.0
146
1.0
273
1
  9

274
1
275
1
276
1
 42
1.0
 72
1
  3

 73
1
 74
1
 75
1
 94
63
  0
MLINESTYLE
  5
22
102
{ACAD_REACTORS
330
10
102
}
330
10
100
AcDbMlineStyle
  2
Standard
 70
0
  3

 62
256
 51
90.0
 52
90.0
 71
2
 49
0.5
 62
256
  6
BYLAYER
 49
-0.5
 62
256
  6
BYLAYER
  0
MLEADERSTYLE
  5
2C
102
{ACAD_REACTORS
330
F
102
}
330
F
100
AcDbMLeaderStyle
179
2
170
2
171
1
172
0
 90
2
 40
0.0
 41
0.0
173
1
 91
-1056964608
 92
-2
290
1
 42
2.0
291
1
 43
8.0
  3
Standard
 44
4.0
300

342
29
174
1
175
1
176
0
178
1
 93
-1056964608
 45
4.0
292
0
297
0
 46
4.0
 94
-1056964608
 47
1.0
 49
1.0
140
1.0
294
1
141
0.0
177
0
142
1.0
295
0
296
0
143
3.75
271
0
272
9
273
9
  0
DICTIONARY
  5
2D
330
A
100
AcDbDictionary
280
1
281
1
  3
CREATED_BY_EZDXF
350
2E
  3
WRITTEN_BY_EZDXF
350
5BA
  0
DICTIONARYVAR
  5
2E
330
2D
100
DictionaryVariables
280
0
  1
1.4.4 @ 2026-09-28T23:35:37.694720+00:00
  0
VISUALSTYLE
  5
5A
102
{ACAD_REACTORS
330
16
102
}
330
16
100
AcDbVisualStyle
  2
2dWireframe
 70
4
 90
0
 40
0.6
 62
7
290
0
291
0
  0
VISUALSTYLE
  5
5B
102
{ACAD_REACTORS
330
16
102
}
330
16
100
AcDbVisualStyle
  2
Basic
 70
7
 90
1
 40
0.6
 62
7
290
0
291
1
  0
VISUALSTYLE
  5
5C
102
{ACAD_REACTORS
330
16
102
}
330
16
100
AcDbVisualStyle
  2
Brighten
 70
12
 90
2
 40
0.6
 62
7
290
0
291
1
  0
VISUALSTYLE
  5
5D
102
{ACAD_REACTORS
330
16
102
}
330
16
100
AcDbVisualStyle
  2
ColorChange
 70
16
 90
2
 40
0.6
 62
8
290
0
291
1
  0
VISUALSTYLE
  5
5E
102
{ACAD_REACTORS
330
16
102
}
330
16
100
AcDbVisualStyle
  2
Conceptual
 70
9
 90
3
 40
0.6
 62
7
290
0
291
0
  0
VISUALSTYLE
  5
5F
102
{ACAD_REACTORS
330
16
102
}
330
16
100
AcDbVisualStyle
  2
Dim
 70
11
 90
2
 40
0.6
 62
7
290
0
291
1
  0
VISUALSTYLE
  5
60
102
{ACAD_REACTORS
330
16
102
}
330
16
100
AcDbVisualStyle
  2
EdgeColorOff
 70
22
 90
2
 40
0.6
 62
7
290
0
291
1
  0
VISUALSTYLE
  5
61
102
{ACAD_REACTORS
330
16
102
}
330
16
100
AcDbVisualStyle
  2
Facepattern
 70
15
 90
2
 40
0.6
 62
7
290
0
291
1
  0
VISUALSTYLE
  5
62
102
{ACAD_REACTORS
330
16
102
}
330
16
100
AcDbVisualStyle
  2
Flat
 70
0
 90
2
 40
0.6
 62
7
290
0
291
1
  0
VISUALSTYLE
  5
63
102
{ACAD_REACTORS
330
16
102
}
330
16
100
AcDbVisualStyle
  2
FlatWithEdges
 70
1
 90
2
 40
0.6
 62
7
290
0
291
1
  0
VISUALSTYLE
  5
64
102
{ACAD_REACTORS
330
16
102
}
330
16
100
AcDbVisualStyle
  2
Gouraud
 70
2
 90
2
 40
0.6
 62
7
290
0
291
1
  0
VISUALSTYLE
  5
65
102
{ACAD_REACTORS
330
16
102
}
330
16
100
AcDbVisualStyle
  2
GouraudWithEdges
 70
3
 90
2
 40
0.6
 62
7
290
0
291
1
  0
VISUALSTYLE
  5
66
102
{ACAD_REACTORS
330
16
102
}
330
16
100
AcDbVisualStyle
  2
Hidden
 70
6
 90
1
 40
0.6
 62
7
290
0
291
0
  0
VISUALSTYLE
  5
67
102
{ACAD_REACTORS
330
16
102
}
330
16
100
AcDbVisualStyle
  2
JitterOff
 70
20
 90
2
 40
0.6
 62
7
290
0
291
1
  0
VISUALSTYLE
  5
68
102
{ACAD_REACTORS
330
16
102
}
330
16
100
AcDbVisualStyle
  2
Linepattern
 70
14
 90
2
 40
0.6
 62
7
290
0
291
1
  0
VISUALSTYLE
  5
69
102
{ACAD_REACTORS
330
16
102
}
330
16
100
AcDbVisualStyle
  2
Modeling
 70
10
 90
2
 40
0.6
 62
7
290
0
291
0
  0
VISUALSTYLE
  5
6A
102
{ACAD_REACTORS
330
16
102
}
330
16
100
AcDbVisualStyle
  2
OverhangOff
 70
21
 90
2
 40
0.6
 62
7
290
0
291
1
  0
VISUALSTYLE
  5
6B
102
{ACAD_REACTORS
330
16
102
}
330
16
100
AcDbVisualStyle
  2
Realistic
 70
8
 90
2
 40
0.6
 62
7
290
0
291
0
  0
VISUALSTYLE
  5
6C
102
{ACAD_REACTORS
330
16
102
}
330
16
100
AcDbVisualStyle
  2
Shaded
 70
27
 90
2
 40
0.6
 62
7
290
0
291
0
  0
VISUALSTYLE
  5
6D
102
{ACAD_REACTORS
330
16
102
}
330
16
100
AcDbVisualStyle
  2
Shaded with edges
 70
26
 90
2
 40
0.6
 62
7
290
0
291
0
  0
VISUALSTYLE
  5
6E
102
{ACAD_REACTORS
330
16
102
}
330
16
100
AcDbVisualStyle
  2
Shades of Gray
 70
23
 90
2
 40
0.6
 62
7
290
0
291
0
  0
VISUALSTYLE
  5
6F
102
{ACAD_REACTORS
330
16
102
}
330
16
100
AcDbVisualStyle
  2
Sketchy
 70
24
 90
1
 40
0.6
 62
7
290
0
291
0
  0
VISUALSTYLE
  5
70
102
{ACAD_REACTORS
330
16
102
}
330
16
100
AcDbVisualStyle
  2
Thicken
 70
13
 90
2
 40
0.6
 62
7
290
0
291
1
  0
VISUALSTYLE
  5
71
102
{ACAD_REACTORS
330
16
102
}
330
16
100
AcDbVisualStyle
  2
Wireframe
 70
5
 90
0
 40
0.6
 62
7
290
0
291
0
  0
VISUALSTYLE
  5
72
102
{ACAD_REACTORS
330
16
102
}
330
16
100
AcDbVisualStyle
  2
X-Ray
 70
25
 90
2
 40
0.5
 62
7
290
0
291
0
  0
DICTIONARYVAR
  5
5BA
330
2D
100
DictionaryVariables
280
0
  1
1.4.4 @ 2026-09-28T23:35:38.214548+00:00
  0
ENDSEC
  0
EOF
