  0
SECTION
  2
HEADER
  9
$ACADVER
  1
AC1024
  9
$ACADMAINTVER
 70
6
  9
$DWGCODEPAGE
  3
ANSI_1252
  9
$LASTSAVEDBY
  1
ezdxf
  9
$INSBASE
 10
0.0
 20
0.0
 30
0.0
  9
$EXTMIN
 10
1e+20
 20
1e+20
 30
1e+20
  9
$EXTMAX
 10
-1e+20
 20
-1e+20
 30
-1e+20
  9
$LIMMIN
 10
0.0
 20
0.0
  9
$LIMMAX
 10
420.0
 20
297.0
  9
$ORTHOMODE
 70
0
  9
$REGENMODE
 70
1
  9
$FILLMODE
 70
1
  9
$QTEXTMODE
 70
0
  9
$MIRRTEXT
 70
1
  9
$LTSCALE
 40
1.0
  9
$ATTMODE
 70
1
  9
$TEXTSIZE
 40
2.5
  9
$TRACEWID
 40
1.0
  9
$TEXTSTYLE
  7
OpenSans
  9
$CLAYER
  8
0
  9
$CELTYPE
  6
ByLayer
  9
$CECOLOR
 62
256
  9
$CELTSCALE
 40
1.0
  9
$DISPSILH
 70
0
  9
$DIMSCALE
 40
1.0
  9
$DIMASZ
 40
0.175
  9
$DIMEXO
 40
0.125
  9
$DIMDLI
 40
3.75
  9
$DIMRND
 40
0.0
  9
$DIMDLE
 40
0.0
  9
$DIMEXE
 40
0.375
  9
$DIMTP
 40
0.0
  9
$DIMTM
 40
0.0
  9
$DIMTXT
 40
0.25
  9
$DIMCEN
 40
2.5
  9
$DIMTSZ
 40
0.0
  9
$DIMTOL
 70
0
  9
$DIMLIM
 70
0
  9
$DIMTIH
 70
0
  9
$DIMTOH
 70
0
  9
$DIMSE1
 70
0
  9
$DIMSE2
 70
0
  9
$DIMTAD
 70
1
  9
$DIMZIN
 70
12
  9
$DIMBLK
  1
ARCHTICK
  9
$DIMASO
 70
1
  9
$DIMSHO
 70
1
  9
$DIMPOST
  1

  9
$DIMAPOST
  1

  9
$DIMALT
 70
0
  9
$DIMALTD
 70
3
  9
$DIMALTF
 40
0.03937007874
  9
$DIMLFAC
 40
100.0
  9
$DIMTOFL
 70
1
  9
$DIMTVP
 40
0.0
  9
$DIMTIX
 70
0
  9
$DIMSOXD
 70
0
  9
$DIMSAH
 70
0
  9
$DIMBLK1
  1

  9
$DIMBLK2
  1

  9
$DIMSTYLE
  2
EZDXF
  9
$DIMCLRD
 70
0
  9
$DIMCLRE
 70
0
  9
$DIMCLRT
 70
0
  9
$DIMTFAC
 40
0.5
  9
$DIMGAP
 40
0.1
  9
$DIMJUST
 70
0
  9
$DIMSD1
 70
0
  9
$DIMSD2
 70
0
  9
$DIMTOLJ
 70
0
  9
$DIMTZIN
 70
8
  9
$DIMALTZ
 70
0
  9
$DIMALTTZ
 70
0
  9
$DIMUPT
 70
1
  9
$DIMDEC
 70
2
  9
$DIMTDEC
 70
2
  9
$DIMALTU
 70
2
  9
$DIMALTTD
 70
3
  9
$DIMTXSTY
  7
OpenSansCondensed-Light
  9
$DIMAUNIT
 70
0
  9
$DIMADEC
 70
2
  9
$DIMALTRND
 40
0.0
  9
$DIMAZIN
 70
3
  9
$DIMDSEP
 70
46
  9
$DIMATFIT
 70
3
  9
$DIMFRAC
 70
0
  9
$DIMLDRBLK
  1

  9
$DIMLUNIT
 70
2
  9
$DIMLWD
 70
-2
  9
$DIMLWE
 70
-2
  9
$DIMTMOVE
 70
2
  9
$DIMFXL
 40
1.0
  9
$DIMFXLON
 70
0
  9
$DIMJOGANG
 40
0.785398163397
  9
$DIMTFILL
 70
0
  9
$DIMTFILLCLR
 70
0
  9
$DIMARCSYM
 70
0
  9
$DIMLTYPE
  6

  9
$DIMLTEX1
  6

  9
$DIMLTEX2
  6

  9
$DIMTXTDIRECTION
 70
0
  9
$LUNITS
 70
2
  9
$LUPREC
 70
4
  9
$SKETCHINC
 40
1.0
  9
$FILLETRAD
 40
10.0
  9
$AUNITS
 70
0
  9
$AUPREC
 70
2
  9
$MENU
  1
.
  9
$ELEVATION
 40
0.0
  9
$PELEVATION
 40
0.0
  9
$THICKNESS
 40
0.0
  9
$LIMCHECK
 70
0
  9
$CHAMFERA
 40
0.0
  9
$CHAMFERB
 40
0.0
  9
$CHAMFERC
 40
0.0
  9
$CHAMFERD
 40
0.0
  9
$SKPOLY
 70
0
  9
$TDCREATE
 40
2461313.590347222
  9
$TDUCREATE
 40
2458532.153996898
  9
$TDUPDATE
 40
2461313.5903703705
  9
$TDUUPDATE
 40
2458532.1544311
  9
$TDINDWG
 40
0.0
  9
$TDUSRTIMER
 40
0.0
  9
$USRTIMER
 70
1
  9
$ANGBASE
 50
0.0
  9
$ANGDIR
 70
0
  9
$PDMODE
 70
0
  9
$PDSIZE
 40
0.0
  9
$PLINEWID
 40
0.0
  9
$SPLFRAME
 70
0
  9
$SPLINETYPE
 70
6
  9
$SPLINESEGS
 70
8
  9
$HANDSEED
  5
444
  9
$SURFTAB1
 70
6
  9
$SURFTAB2
 70
6
  9
$SURFTYPE
 70
6
  9
$SURFU
 70
6
  9
$SURFV
 70
6
  9
$UCSBASE
  2

  9
$UCSNAME
  2

  9
$UCSORG
 10
0.0
 20
0.0
 30
0.0
  9
$UCSXDIR
 10
1.0
 20
0.0
 30
0.0
  9
$UCSYDIR
 10
0.0
 20
1.0
 30
0.0
  9
$UCSORTHOREF
  2

  9
$UCSORTHOVIEW
 70
0
  9
$UCSORGTOP
 10
0.0
 20
0.0
 30
0.0
  9
$UCSORGBOTTOM
 10
0.0
 20
0.0
 30
0.0
  9
$UCSORGLEFT
 10
0.0
 20
0.0
 30
0.0
  9
$UCSORGRIGHT
 10
0.0
 20
0.0
 30
0.0
  9
$UCSORGFRONT
 10
0.0
 20
0.0
 30
0.0
  9
$UCSORGBACK
 10
0.0
 20
0.0
 30
0.0
  9
$PUCSBASE
  2

  9
$PUCSNAME
  2

  9
$PUCSORG
 10
0.0
 20
0.0
 30
0.0
  9
$PUCSXDIR
 10
1.0
 20
0.0
 30
0.0
  9
$PUCSYDIR
 10
0.0
 20
1.0
 30
0.0
  9
$PUCSORTHOREF
  2

  9
$PUCSORTHOVIEW
 70
0
  9
$PUCSORGTOP
 10
0.0
 20
0.0
 30
0.0
  9
$PUCSORGBOTTOM
 10
0.0
 20
0.0
 30
0.0
  9
$PUCSORGLEFT
 10
0.0
 20
0.0
 30
0.0
  9
$PUCSORGRIGHT
 10
0.0
 20
0.0
 30
0.0
  9
$PUCSORGFRONT
 10
0.0
 20
0.0
 30
0.0
  9
$PUCSORGBACK
 10
0.0
 20
0.0
 30
0.0
  9
$USERI1
 70
0
  9
$USERI2
 70
0
  9
$USERI3
 70
0
  9
$USERI4
 70
0
  9
$USERI5
 70
0
  9
$USERR1
 40
0.0
  9
$USERR2
 40
0.0
  9
$USERR3
 40
0.0
  9
$USERR4
 40
0.0
  9
$USERR5
 40
0.0
  9
$WORLDVIEW
 70
1
  9
$SHADEDGE
 70
3
  9
$SHADEDIF
 70
70
  9
$TILEMODE
 70
1
  9
$MAXACTVP
 70
64
  9
$PINSBASE
 10
0.0
 20
0.0
 30
0.0
  9
$PLIMCHECK
 70
0
  9
$PEXTMIN
 10
1e+20
 20
1e+20
 30
1e+20
  9
$PEXTMAX
 10
-1e+20
 20
-1e+20
 30
-1e+20
  9
$PLIMMIN
 10
0.0
 20
0.0
  9
$PLIMMAX
 10
420.0
 20
297.0
  9
$UNITMODE
 70
0
  9
$VISRETAIN
 70
1
  9
$PLINEGEN
 70
0
  9
$PSLTSCALE
 70
1
  9
$TREEDEPTH
 70
3020
  9
$CMLSTYLE
  2
Standard
  9
$CMLJUST
 70
0
  9
$CMLSCALE
 40
20.0
  9
$PROXYGRAPHICS
 70
1
  9
$MEASUREMENT
 70
1
  9
$CELWEIGHT
370
-1
  9
$ENDCAPS
280
0
  9
$JOINSTYLE
280
0
  9
$LWDISPLAY
290
0
  9
$INSUNITS
 70
4
  9
$HYPERLINKBASE
  1

  9
$STYLESHEET
  1

  9
$XEDIT
290
1
  9
$CEPSNTYPE
380
0
  9
$PSTYLEMODE
290
1
  9
$FINGERPRINTGUID
  2
{02E590C3-AB7B-49F1-88E4-3715C3FA06B7}
  9
$VERSIONGUID
  2
{49422F61-EFD1-4C59-A913-7A55C4FF596D}
  9
$EXTNAMES
290
1
  9
$PSVPSCALE
 40
0.0
  9
$OLESTARTUP
290
0
  9
$SORTENTS
280
127
  9
$INDEXCTL
280
0
  9
$HIDETEXT
280
1
  9
$XCLIPFRAME
280
1
  9
$HALOGAP
280
0
  9
$OBSCOLOR
 70
257
  9
$OBSLTYPE
280
0
  9
$INTERSECTIONDISPLAY
280
0
  9
$INTERSECTIONCOLOR
 70
257
  9
$DIMASSOC
280
2
  9
$PROJECTNAME
  1

  9
$CAMERADISPLAY
290
0
  9
$LENSLENGTH
 40
50.0
  9
$CAMERAHEIGHT
 40
0.0
  9
$STEPSPERSEC
 40
24.0
  9
$STEPSIZE
 40
100.0
  9
$3DDWFPREC
 40
2.0
  9
$PSOLWIDTH
 40
0.005
  9
$PSOLHEIGHT
 40
0.08
  9
$LOFTANG1
 40
1.570796326795
  9
$LOFTANG2
 40
1.570796326795
  9
$LOFTMAG1
 40
0.0
  9
$LOFTMAG2
 40
0.0
  9
$LOFTPARAM
 70
7
  9
$LOFTNORMALS
280
1
  9
$LATITUDE
 40
37.795
  9
$LONGITUDE
 40
-122.394
  9
$NORTHDIRECTION
 40
0.0
  9
$TIMEZONE
 70
-8000
  9
$LIGHTGLYPHDISPLAY
280
1
  9
$TILEMODELIGHTSYNCH
280
1
  9
$CMATERIAL
347
20
  9
$SOLIDHIST
280
0
  9
$SHOWHIST
280
1
  9
$DWFFRAME
280
2
  9
$DGNFRAME
280
2
  9
$REALWORLDSCALE
290
1
  9
$INTERFERECOLOR
 62
256
  9
$CSHADOW
280
0
  9
$SHADOWPLANELOCATION
 40
0.0
  0
ENDSEC
  0
SECTION
  2
CLASSES
  0
CLASS
  1
ACDBDICTIONARYWDFLT
  2
AcDbDictionaryWithDefault
  3
ObjectDBX Classes
 90
0
 91
0
280
0
281
0
  0
CLASS
  1
SUN
  2
AcDbSun
  3
SCENEOE
 90
1153
 91
0
280
0
281
0
  0
CLASS
  1
VISUALSTYLE
  2
AcDbVisualStyle
  3
ObjectDBX Classes
 90
4095
 91
0
280
0
281
0
  0
CLASS
  1
MATERIAL
  2
AcDbMaterial
  3
ObjectDBX Classes
 90
1153
 91
0
280
0
281
0
  0
CLASS
  1
SCALE
  2
AcDbScale
  3
ObjectDBX Classes
 90
1153
 91
0
280
0
281
0
  0
CLASS
  1
TABLESTYLE
  2
AcDbTableStyle
  3
ObjectDBX Classes
 90
4095
 91
0
280
0
281
0
  0
CLASS
  1
MLEADERSTYLE
  2
AcDbMLeaderStyle
  3
ACDB_MLEADERSTYLE_CLASS
 90
4095
 91
0
280
0
281
0
  0
CLASS
  1
DICTIONARYVAR
  2
AcDbDictionaryVar
  3
ObjectDBX Classes
 90
0
 91
0
280
0
281
0
  0
CLASS
  1
CELLSTYLEMAP
  2
AcDbCellStyleMap
  3
ObjectDBX Classes
 90
1152
 91
0
280
0
281
0
  0
CLASS
  1
MENTALRAYRENDERSETTINGS
  2
AcDbMentalRayRenderSettings
  3
SCENEOE
 90
1024
 91
0
280
0
281
0
  0
CLASS
  1
ACDBDETAILVIEWSTYLE
  2
AcDbDetailViewStyle
  3
ObjectDBX Classes
 90
1025
 91
0
280
0
281
0
  0
CLASS
  1
ACDBSECTIONVIEWSTYLE
  2
AcDbSectionViewStyle
  3
ObjectDBX Classes
 90
1025
 91
0
280
0
281
0
  0
CLASS
  1
RASTERVARIABLES
  2
AcDbRasterVariables
  3
ISM
 90
0
 91
0
280
0
281
0
  0
CLASS
  1
LAYOUT
  2
AcDbLayout
  3
ObjectDBX Classes
 90
0
 91
0
280
0
281
0
  0
CLASS
  1
ACDBPLACEHOLDER
  2
AcDbPlaceHolder
  3
ObjectDBX Classes
 90
0
 91
0
280
0
281
0
  0
ENDSEC
  0
SECTION
  2
TABLES
  0
TABLE
  2
VPORT
  5
8
330
0
100
AcDbSymbolTable
 70
1
  0
VPORT
  5
23
330
8
100
AcDbSymbolTableRecord
100
AcDbViewportTableRecord
  2
*Active
 70
0
 10
0.0
 20
0.0
 11
1.0
 21
1.0
 12
0.0
 22
0.0
 13
0.0
 23
0.0
 14
0.5
 24
0.5
 15
0.5
 25
0.5
 16
0.0
 26
0.0
 36
1.0
 17
0.0
 27
0.0
 37
0.0
 40
1000.0
 41
1.34
 42
50.0
 43
0.0
 44
0.0
 50
0.0
 51
0.0
 71
0
 72
1000
 73
1
 74
3
 75
0
 76
0
 77
0
 78
0
281
0
 65
0
146
0.0
  0
ENDTAB
  0
TABLE
  2
LTYPE
  5
2
330
0
100
AcDbSymbolTable
 70
21
  0
LTYPE
  5
24
330
2
100
AcDbSymbolTableRecord
100
AcDbLinetypeTableRecord
  2
ByBlock
 70
0
  3

 72
65
 73
0
 40
0.0
  0
LTYPE
  5
25
330
2
100
AcDbSymbolTableRecord
100
AcDbLinetypeTableRecord
  2
ByLayer
 70
0
  3

 72
65
 73
0
 40
0.0
  0
LTYPE
  5
26
330
2
100
AcDbSymbolTableRecord
100
AcDbLinetypeTableRecord
  2
Continuous
 70
0
  3

 72
65
 73
0
 40
0.0
  0
LTYPE
  5
2F
330
2
100
AcDbSymbolTableRecord
100
AcDbLinetypeTableRecord
  2
CENTER
 70
0
  3
Center ____ _ ____ _ ____ _ ____ _ ____ _ ____
 72
65
 73
4
 40
5.08
 49
3.175
 74
0
 49
-0.635
 74
0
 49
0.635
 74
0
 49
-0.635
 74
0
  0
LTYPE
  5
30
330
2
100
AcDbSymbolTableRecord
100
AcDbLinetypeTableRecord
  2
CENTERX2
 70
0
  3
Center (2x) ________  __  ________  __  ________
 72
65
 73
4
 40
8.89
 49
6.35
 74
0
 49
-0.635
 74
0
 49
1.27
 74
0
 49
-0.635
 74
0
  0
LTYPE
  5
31
330
2
100
AcDbSymbolTableRecord
100
AcDbLinetypeTableRecord
  2
CENTER2
 70
0
  3
Center (.5x) ____ _ ____ _ ____ _ ____ _ ____
 72
65
 73
4
 40
2.54
 49
1.587
 74
0
 49
-0.318
 74
0
 49
0.318
 74
0
 49
-0.318
 74
0
  0
LTYPE
  5
32
330
2
100
AcDbSymbolTableRecord
100
AcDbLinetypeTableRecord
  2
DASHED
 70
0
  3
Dashed __ __ __ __ __ __ __ __ __ __ __ __ __ _
 72
65
 73
2
 40
1.524
 49
1.27
 74
0
 49
-0.254
 74
0
  0
LTYPE
  5
33
330
2
100
AcDbSymbolTableRecord
100
AcDbLinetypeTableRecord
  2
DASHEDX2
 70
0
  3
Dashed (2x) ____  ____  ____  ____  ____  ____
 72
65
 73
2
 40
3.048
 49
2.54
 74
0
 49
-0.508
 74
0
  0
LTYPE
  5
34
330
2
100
AcDbSymbolTableRecord
100
AcDbLinetypeTableRecord
  2
DASHED2
 70
0
  3
Dashed (.5x) _ _ _ _ _ _ _ _ _ _ _ _ _ _
 72
65
 73
2
 40
0.762
 49
0.635
 74
0
 49
-0.127
 74
0
  0
LTYPE
  5
35
330
2
100
AcDbSymbolTableRecord
100
AcDbLinetypeTableRecord
  2
PHANTOM
 70
0
  3
Phantom ______  __  __  ______  __  __  ______
 72
65
 73
6
 40
6.35
 49
3.175
 74
0
 49
-0.635
 74
0
 49
0.635
 74
0
 49
-0.635
 74
0
 49
0.635
 74
0
 49
-0.635
 74
0
  0
LTYPE
  5
36
330
2
100
AcDbSymbolTableRecord
100
AcDbLinetypeTableRecord
  2
PHANTOMX2
 70
0
  3
Phantom (2x)____________    ____    ____    ____________
 72
65
 73
6
 40
10.795
 49
6.35
 74
0
 49
-0.635
 74
0
 49
1.27
 74
0
 49
-0.635
 74
0
 49
1.27
 74
0
 49
-0.635
 74
0
  0
LTYPE
  5
37
330
2
100
AcDbSymbolTableRecord
100
AcDbLinetypeTableRecord
  2
PHANTOM2
 70
0
  3
Phantom (.5x) ___ _ _ ___ _ _ ___ _ _ ___ _ _ ___
 72
65
 73
6
 40
3.175
 49
1.587
 74
0
 49
-0.318
 74
0
 49
0.318
 74
0
 49
-0.318
 74
0
 49
0.318
 74
0
 49
-0.318
 74
0
  0
LTYPE
  5
38
330
2
100
AcDbSymbolTableRecord
100
AcDbLinetypeTableRecord
  2
DASHDOT
 70
0
  3
Dash dot __ . __ . __ . __ . __ . __ . __ . __
 72
65
 73
4
 40
3.556
 49
2.54
 74
0
 49
-0.508
 74
0
 49
0.0
 74
0
 49
-0.508
 74
0
  0
LTYPE
  5
39
330
2
100
AcDbSymbolTableRecord
100
AcDbLinetypeTableRecord
  2
DASHDOTX2
 70
0
  3
Dash dot (2x) ____  .  ____  .  ____  .  ____
 72
65
 73
4
 40
6.096
 49
5.08
 74
0
 49
-0.508
 74
0
 49
0.0
 74
0
 49
-0.508
 74
0
  0
LTYPE
  5
3A
330
2
100
AcDbSymbolTableRecord
100
AcDbLinetypeTableRecord
  2
DASHDOT2
 70
0
  3
Dash dot (.5x) _ . _ . _ . _ . _ . _ . _ . _
 72
65
 73
4
 40
1.778
 49
1.27
 74
0
 49
-0.254
 74
0
 49
0.0
 74
0
 49
-0.254
 74
0
  0
LTYPE
  5
3B
330
2
100
AcDbSymbolTableRecord
100
AcDbLinetypeTableRecord
  2
DOT
 70
0
  3
Dot .  .  .  .  .  .  .  .  .  .  .  .  .  .  .  .
 72
65
 73
2
 40
0.508
 49
0.0
 74
0
 49
-0.508
 74
0
  0
LTYPE
  5
3C
330
2
100
AcDbSymbolTableRecord
100
AcDbLinetypeTableRecord
  2
DOTX2
 70
0
  3
Dot (2x) .    .    .    .    .    .    .    . 
 72
65
 73
2
 40
1.016
 49
0.0
 74
0
 49
-1.016
 74
0
  0
LTYPE
  5
3D
330
2
100
AcDbSymbolTableRecord
100
AcDbLinetypeTableRecord
  2
DOT2
 70
0
  3
Dot (.5) . . . . . . . . . . . . . . . . . . . 
 72
65
 73
2
 40
0.254
 49
0.0
 74
0
 49
-0.254
 74
0
  0
LTYPE
  5
3E
330
2
100
AcDbSymbolTableRecord
100
AcDbLinetypeTableRecord
  2
DIVIDE
 70
0
  3
Divide __ . . __ . . __ . . __ . . __ . . __
 72
65
 73
6
 40
4.064
 49
2.54
 74
0
 49
-0.508
 74
0
 49
0.0
 74
0
 49
-0.508
 74
0
 49
0.0
 74
0
 49
-0.508
 74
0
  0
LTYPE
  5
3F
330
2
100
AcDbSymbolTableRecord
100
AcDbLinetypeTableRecord
  2
DIVIDEX2
 70
0
  3
Divide (2x) ____  . .  ____  . .  ____  . .  ____
 72
65
 73
6
 40
6.604
 49
5.08
 74
0
 49
-0.508
 74
0
 49
0.0
 74
0
 49
-0.508
 74
0
 49
0.0
 74
0
 49
-0.508
 74
0
  0
LTYPE
  5
40
330
2
100
AcDbSymbolTableRecord
100
AcDbLinetypeTableRecord
  2
DIVIDE2
 70
0
  3
Divide(.5x) _ . _ . _ . _ . _ . _ . _ . _
 72
65
 73
6
 40
2.032
 49
1.27
 74
0
 49
-0.254
 74
0
 49
0.0
 74
0
 49
-0.254
 74
0
 49
0.0
 74
0
 49
-0.254
 74
0
  0
ENDTAB
  0
TABLE
  2
LAYER
  5
1
330
0
100
AcDbSymbolTable
 70
43
  0
LAYER
  5
27
330
1
100
AcDbSymbolTableRecord
100
AcDbLayerTableRecord
  2
0
 70
0
 62
7
  6
Continuous
370
-3
390
13
347
21
  0
LAYER
  5
28
330
1
100
AcDbSymbolTableRecord
100
AcDbLayerTableRecord
  2
Defpoints
 70
0
 62
7
  6
Continuous
290
0
370
-3
390
13
347
21
  0
LAYER
  5
8A
330
1
100
AcDbSymbolTableRecord
100
AcDbLayerTableRecord
  2
cimentacion
 70
0
 62
8
  6
Continuous
370
25
390
13
347
21
  0
LAYER
  5
8B
330
1
100
AcDbSymbolTableRecord
100
AcDbLayerTableRecord
  2
muros_PB
 70
0
 62
7
  6
Continuous
370
50
390
13
347
21
  0
LAYER
  5
8C
330
1
100
AcDbSymbolTableRecord
100
AcDbLayerTableRecord
  2
muros_PA
 70
0
 62
7
  6
Continuous
370
50
390
13
347
21
  0
LAYER
  5
8D
330
1
100
AcDbSymbolTableRecord
100
AcDbLayerTableRecord
  2
MURO_CENTRAL
 70
0
 62
1
  6
Continuous
370
70
390
13
347
21
  0
LAYER
  5
8E
330
1
100
AcDbSymbolTableRecord
100
AcDbLayerTableRecord
  2
tabiques
 70
0
 62
3
  6
Continuous
370
25
390
13
347
21
  0
LAYER
  5
8F
330
1
100
AcDbSymbolTableRecord
100
AcDbLayerTableRecord
  2
forjado_PB_PA
 70
0
 62
5
  6
Continuous
370
35
390
13
347
21
  0
LAYER
  5
90
330
1
100
AcDbSymbolTableRecord
100
AcDbLayerTableRecord
  2
escalera
 70
0
 62
30
  6
Continuous
370
18
390
13
347
21
  0
LAYER
  5
91
330
1
100
AcDbSymbolTableRecord
100
AcDbLayerTableRecord
  2
losa_terraza
 70
0
 62
5
  6
Continuous
370
35
390
13
347
21
  0
LAYER
  5
92
330
1
100
AcDbSymbolTableRecord
100
AcDbLayerTableRecord
  2
pilares
 70
0
 62
1
  6
Continuous
370
50
390
13
347
21
  0
LAYER
  5
93
330
1
100
AcDbSymbolTableRecord
100
AcDbLayerTableRecord
  2
antepecho
 70
0
 62
7
  6
Continuous
370
35
390
13
347
21
  0
LAYER
  5
94
330
1
100
AcDbSymbolTableRecord
100
AcDbLayerTableRecord
  2
forjado_cubierta
 70
0
 62
5
  6
Continuous
370
35
390
13
347
21
  0
LAYER
  5
95
330
1
100
AcDbSymbolTableRecord
100
AcDbLayerTableRecord
  2
cubierta
 70
0
 62
6
  6
Continuous
370
35
390
13
347
21
  0
LAYER
  5
96
330
1
100
AcDbSymbolTableRecord
100
AcDbLayerTableRecord
  2
HUECOS
 70
0
 62
7
  6
Continuous
370
25
390
13
347
21
  0
LAYER
  5
97
330
1
100
AcDbSymbolTableRecord
100
AcDbLayerTableRecord
  2
CARPINTERIA
 70
0
 62
4
  6
Continuous
370
18
390
13
347
21
  0
LAYER
  5
98
330
1
100
AcDbSymbolTableRecord
100
AcDbLayerTableRecord
  2
COTAS
 70
0
 62
3
  6
Continuous
370
13
390
13
347
21
  0
LAYER
  5
99
330
1
100
AcDbSymbolTableRecord
100
AcDbLayerTableRecord
  2
TEXTO
 70
0
 62
2
  6
Continuous
370
13
390
13
347
21
  0
LAYER
  5
9A
330
1
100
AcDbSymbolTableRecord
100
AcDbLayerTableRecord
  2
ESCALERA_ALTA
 70
0
 62
30
  6
DASHED
370
18
390
13
347
21
  0
LAYER
  5
9B
330
1
100
AcDbSymbolTableRecord
100
AcDbLayerTableRecord
  2
CORTES
 70
0
 62
1
  6
DASHDOT
370
35
390
13
347
21
  0
LAYER
  5
9C
330
1
100
AcDbSymbolTableRecord
100
AcDbLayerTableRecord
  2
RAYADO_MURO
 70
0
 62
7
  6
Continuous
370
9
390
13
347
21
  0
LAYER
  5
9D
330
1
100
AcDbSymbolTableRecord
100
AcDbLayerTableRecord
  2
RAYADO_MURO_CENTRAL
 70
0
 62
1
  6
Continuous
370
9
390
13
347
21
  0
LAYER
  5
9E
330
1
100
AcDbSymbolTableRecord
100
AcDbLayerTableRecord
  2
RAYADO_FORJADO
 70
0
 62
7
  6
Continuous
370
9
390
13
347
21
  0
LAYER
  5
9F
330
1
100
AcDbSymbolTableRecord
100
AcDbLayerTableRecord
  2
RAYADO_OTROS
 70
0
 62
8
  6
Continuous
370
9
390
13
347
21
  0
LAYER
  5
A0
330
1
100
AcDbSymbolTableRecord
100
AcDbLayerTableRecord
  2
MARCO
 70
0
 62
7
  6
Continuous
370
70
390
13
347
21
  0
LAYER
  5
A1
330
1
100
AcDbSymbolTableRecord
100
AcDbLayerTableRecord
  2
TABLA
 70
0
 62
7
  6
Continuous
370
25
390
13
347
21
  0
LAYER
  5
A2
330
1
100
AcDbSymbolTableRecord
100
AcDbLayerTableRecord
  2
VIGUETAS
 70
0
 62
5
  6
Continuous
370
25
390
13
347
21
  0
LAYER
  5
A3
330
1
100
AcDbSymbolTableRecord
100
AcDbLayerTableRecord
  2
VIGAS
 70
0
 62
1
  6
Continuous
370
60
390
13
347
21
  0
LAYER
  5
A4
330
1
100
AcDbSymbolTableRecord
100
AcDbLayerTableRecord
  2
ZAPATAS
 70
0
 62
8
  6
DASHED
370
18
390
13
347
21
  0
LAYER
  5
A5
330
1
100
AcDbSymbolTableRecord
100
AcDbLayerTableRecord
  2
LUCERNARIO
 70
0
 62
30
  6
Continuous
370
18
390
13
347
21
  0
LAYER
  5
A6
330
1
100
AcDbSymbolTableRecord
100
AcDbLayerTableRecord
  2
parapeto_terraza
 70
0
 62
7
  6
Continuous
370
35
390
13
347
21
  0
LAYER
  5
A7
330
1
100
AcDbSymbolTableRecord
100
AcDbLayerTableRecord
  2
parapeto_cubierta
 70
0
 62
7
  6
Continuous
370
35
390
13
347
21
  0
LAYER
  5
A8
330
1
100
AcDbSymbolTableRecord
100
AcDbLayerTableRecord
  2
tabiques_PB
 70
0
 62
7
  6
Continuous
370
35
390
13
347
21
  0
LAYER
  5
A9
330
1
100
AcDbSymbolTableRecord
100
AcDbLayerTableRecord
  2
tabiques_PA
 70
0
 62
7
  6
Continuous
370
35
390
13
347
21
  0
LAYER
  5
AA
330
1
100
AcDbSymbolTableRecord
100
AcDbLayerTableRecord
  2
murete_pasillo
 70
0
 62
7
  6
Continuous
370
35
390
13
347
21
  0
LAYER
  5
AB
330
1
100
AcDbSymbolTableRecord
100
AcDbLayerTableRecord
  2
acero_viguetas_salon
 70
0
 62
5
  6
Continuous
370
35
390
13
347
21
  0
LAYER
  5
AC
330
1
100
AcDbSymbolTableRecord
100
AcDbLayerTableRecord
  2
acero_viguetas_casa
 70
0
 62
5
  6
Continuous
370
35
390
13
347
21
  0
LAYER
  5
AD
330
1
100
AcDbSymbolTableRecord
100
AcDbLayerTableRecord
  2
acero_viguetas_cubierta
 70
0
 62
5
  6
Continuous
370
35
390
13
347
21
  0
LAYER
  5
AE
330
1
100
AcDbSymbolTableRecord
100
AcDbLayerTableRecord
  2
acero_vigas_forjado
 70
0
 62
5
  6
Continuous
370
35
390
13
347
21
  0
LAYER
  5
AF
330
1
100
AcDbSymbolTableRecord
100
AcDbLayerTableRecord
  2
acero_vigas_cubierta
 70
0
 62
5
  6
Continuous
370
35
390
13
347
21
  0
LAYER
  5
B0
330
1
100
AcDbSymbolTableRecord
100
AcDbLayerTableRecord
  2
acero_pilares
 70
0
 62
5
  6
Continuous
370
35
390
13
347
21
  0
LAYER
  5
B1
330
1
100
AcDbSymbolTableRecord
100
AcDbLayerTableRecord
  2
acero_dintel
 70
0
 62
5
  6
Continuous
370
35
390
13
347
21
  0
LAYER
  5
B2
330
1
100
AcDbSymbolTableRecord
100
AcDbLayerTableRecord
  2
acero_dinteles
 70
0
 62
5
  6
Continuous
370
35
390
13
347
21
  0
ENDTAB
  0
TABLE
  2
STYLE
  5
5
330
0
100
AcDbSymbolTable
 70
26
  0
STYLE
  5
29
330
5
100
AcDbSymbolTableRecord
100
AcDbTextStyleTableRecord
  2
Standard
 70
0
 40
0.0
 41
1.0
 50
0.0
 71
0
 42
2.5
  3
txt
  4

  0
STYLE
  5
41
330
5
100
AcDbSymbolTableRecord
100
AcDbTextStyleTableRecord
  2
OpenSans-Light
 70
0
 40
0.0
 41
1.0
 50
0.0
 71
0
 42
2.5
  3
OpenSans-Light.ttf
  4

  0
STYLE
  5
42
330
5
100
AcDbSymbolTableRecord
100
AcDbTextStyleTableRecord
  2
OpenSans-Light-Italic
 70
0
 40
0.0
 41
1.0
 50
0.0
 71
0
 42
2.5
  3
OpenSans-LightItalic.ttf
  4

  0
STYLE
  5
43
330
5
100
AcDbSymbolTableRecord
100
AcDbTextStyleTableRecord
  2
OpenSans
 70
0
 40
0.0
 41
1.0
 50
0.0
 71
0
 42
2.5
  3
OpenSans-Regular.ttf
  4

  0
STYLE
  5
44
330
5
100
AcDbSymbolTableRecord
100
AcDbTextStyleTableRecord
  2
OpenSans-Italic
 70
0
 40
0.0
 41
1.0
 50
0.0
 71
0
 42
2.5
  3
OpenSans-Italic.ttf
  4

  0
STYLE
  5
45
330
5
100
AcDbSymbolTableRecord
100
AcDbTextStyleTableRecord
  2
OpenSans-SemiBold
 70
0
 40
0.0
 41
1.0
 50
0.0
 71
0
 42
2.5
  3
OpenSans-SemiBold.ttf
  4

  0
STYLE
  5
46
330
5
100
AcDbSymbolTableRecord
100
AcDbTextStyleTableRecord
  2
OpenSans-SemiBoldItalic
 70
0
 40
0.0
 41
1.0
 50
0.0
 71
0
 42
2.5
  3
OpenSans-SemiBoldItalic.ttf
  4

  0
STYLE
  5
47
330
5
100
AcDbSymbolTableRecord
100
AcDbTextStyleTableRecord
  2
OpenSans-Bold
 70
0
 40
0.0
 41
1.0
 50
0.0
 71
0
 42
2.5
  3
OpenSans-Bold.ttf
  4

  0
STYLE
  5
48
330
5
100
AcDbSymbolTableRecord
100
AcDbTextStyleTableRecord
  2
OpenSans-BoldItalic
 70
0
 40
0.0
 41
1.0
 50
0.0
 71
0
 42
2.5
  3
OpenSans-BoldItalic.ttf
  4

  0
STYLE
  5
49
330
5
100
AcDbSymbolTableRecord
100
AcDbTextStyleTableRecord
  2
OpenSans-ExtraBold
 70
0
 40
0.0
 41
1.0
 50
0.0
 71
0
 42
2.5
  3
OpenSans-ExtraBold.ttf
  4

  0
STYLE
  5
4A
330
5
100
AcDbSymbolTableRecord
100
AcDbTextStyleTableRecord
  2
OpenSans-ExtraBoldItalic
 70
0
 40
0.0
 41
1.0
 50
0.0
 71
0
 42
2.5
  3
OpenSans-ExtraBoldItalic.ttf
  4

  0
STYLE
  5
4B
330
5
100
AcDbSymbolTableRecord
100
AcDbTextStyleTableRecord
  2
OpenSansCondensed-Bold
 70
0
 40
0.0
 41
1.0
 50
0.0
 71
0
 42
2.5
  3
OpenSansCondensed-Bold.ttf
  4

  0
STYLE
  5
4C
330
5
100
AcDbSymbolTableRecord
100
AcDbTextStyleTableRecord
  2
OpenSansCondensed-Light
 70
0
 40
0.0
 41
1.0
 50
0.0
 71
0
 42
2.5
  3
OpenSansCondensed-Light.ttf
  4

  0
STYLE
  5
4D
330
5
100
AcDbSymbolTableRecord
100
AcDbTextStyleTableRecord
  2
OpenSansCondensed-Italic
 70
0
 40
0.0
 41
1.0
 50
0.0
 71
0
 42
2.5
  3
OpenSansCondensed-LightItalic.ttf
  4

  0
STYLE
  5
4E
330
5
100
AcDbSymbolTableRecord
100
AcDbTextStyleTableRecord
  2
LiberationSans
 70
0
 40
0.0
 41
1.0
 50
0.0
 71
0
 42
2.5
  3
LiberationSans-Regular.ttf
  4

  0
STYLE
  5
4F
330
5
100
AcDbSymbolTableRecord
100
AcDbTextStyleTableRecord
  2
LiberationSans-Bold
 70
0
 40
0.0
 41
1.0
 50
0.0
 71
0
 42
2.5
  3
LiberationSans-Bold.ttf
  4

  0
STYLE
  5
50
330
5
100
AcDbSymbolTableRecord
100
AcDbTextStyleTableRecord
  2
LiberationSans-BoldItalic
 70
0
 40
0.0
 41
1.0
 50
0.0
 71
0
 42
2.5
  3
LiberationSans-BoldItalic.ttf
  4

  0
STYLE
  5
51
330
5
100
AcDbSymbolTableRecord
100
AcDbTextStyleTableRecord
  2
LiberationSans-Italic
 70
0
 40
0.0
 41
1.0
 50
0.0
 71
0
 42
2.5
  3
LiberationSans-Italic.ttf
  4

  0
STYLE
  5
52
330
5
100
AcDbSymbolTableRecord
100
AcDbTextStyleTableRecord
  2
LiberationSerif
 70
0
 40
0.0
 41
1.0
 50
0.0
 71
0
 42
2.5
  3
LiberationSerif-Regular.ttf
  4

  0
STYLE
  5
53
330
5
100
AcDbSymbolTableRecord
100
AcDbTextStyleTableRecord
  2
LiberationSerif-Bold
 70
0
 40
0.0
 41
1.0
 50
0.0
 71
0
 42
2.5
  3
LiberationSerif-Bold.ttf
  4

  0
STYLE
  5
54
330
5
100
AcDbSymbolTableRecord
100
AcDbTextStyleTableRecord
  2
LiberationSerif-BoldItalic
 70
0
 40
0.0
 41
1.0
 50
0.0
 71
0
 42
2.5
  3
LiberationSerif-BoldItalic.ttf
  4

  0
STYLE
  5
55
330
5
100
AcDbSymbolTableRecord
100
AcDbTextStyleTableRecord
  2
LiberationSerif-Italic
 70
0
 40
0.0
 41
1.0
 50
0.0
 71
0
 42
2.5
  3
LiberationSerif-Italic.ttf
  4

  0
STYLE
  5
56
330
5
100
AcDbSymbolTableRecord
100
AcDbTextStyleTableRecord
  2
LiberationMono
 70
0
 40
0.0
 41
1.0
 50
0.0
 71
0
 42
2.5
  3
LiberationMono-Regular.ttf
  4

  0
STYLE
  5
57
330
5
100
AcDbSymbolTableRecord
100
AcDbTextStyleTableRecord
  2
LiberationMono-Bold
 70
0
 40
0.0
 41
1.0
 50
0.0
 71
0
 42
2.5
  3
LiberationMono-Bold.ttf
  4

  0
STYLE
  5
58
330
5
100
AcDbSymbolTableRecord
100
AcDbTextStyleTableRecord
  2
LiberationMono-BoldItalic
 70
0
 40
0.0
 41
1.0
 50
0.0
 71
0
 42
2.5
  3
LiberationMono-BoldItalic.ttf
  4

  0
STYLE
  5
59
330
5
100
AcDbSymbolTableRecord
100
AcDbTextStyleTableRecord
  2
LiberationMono-Italic
 70
0
 40
0.0
 41
1.0
 50
0.0
 71
0
 42
2.5
  3
LiberationMono-Italic.ttf
  4

  0
ENDTAB
  0
TABLE
  2
VIEW
  5
7
330
0
100
AcDbSymbolTable
 70
0
  0
ENDTAB
  0
TABLE
  2
UCS
  5
6
330
0
100
AcDbSymbolTable
 70
0
  0
ENDTAB
  0
TABLE
  2
APPID
  5
3
330
0
100
AcDbSymbolTable
 70
3
  0
APPID
  5
2A
330
3
100
AcDbSymbolTableRecord
100
AcDbRegAppTableRecord
  2
ACAD
 70
0
  0
APPID
  5
441
330
3
100
AcDbSymbolTableRecord
100
AcDbRegAppTableRecord
  2
HATCHBACKGROUNDCOLOR
 70
0
  0
APPID
  5
442
330
3
100
AcDbSymbolTableRecord
100
AcDbRegAppTableRecord
  2
EZDXF
 70
0
  0
ENDTAB
  0
TABLE
  2
DIMSTYLE
  5
4
330
0
100
AcDbSymbolTable
 70
12
100
AcDbDimStyleTable
  0
DIMSTYLE
105
2B
330
4
100
AcDbSymbolTableRecord
100
AcDbDimStyleTableRecord
  2
Standard
 70
0
 40
1.0
 41
2.5
 42
0.625
 43
3.75
 44
1.25
 45
0.0
 46
0.0
 47
0.0
 48
0.0
 49
2.5
140
2.5
141
2.5
142
0.0
143
0.03937007874
144
1.0
145
0.0
146
1.0
147
0.625
148
0.0
 69
0
 70
0
 71
0
 72
0
 73
0
 74
0
 75
0
 76
0
 77
1
 78
8
 79
3
170
0
171
3
172
1
173
0
174
0
175
0
176
0
177
0
178
0
179
2
271
2
272
2
273
2
274
3
275
0
276
0
277
2
278
44
279
0
280
0
281
0
282
0
283
0
284
8
285
0
286
0
288
0
289
3
290
0
371
-2
372
-2
  0
DIMSTYLE
105
73
330
4
100
AcDbSymbolTableRecord
100
AcDbDimStyleTableRecord
  2
EZDXF
 70
0
 40
1.0
 41
0.175
 42
0.125
 43
3.75
 44
0.375
 45
0.0
 46
0.0
 47
0.0
 48
0.0
 49
2.5
140
0.25
141
2.5
142
0.0
143
0.03937007874
144
100.0
145
0.0
146
0.5
147
0.1
148
0.0
 69
0
 70
0
 71
0
 72
0
 73
0
 74
0
 75
0
 76
0
 77
1
 78
12
 79
3
170
0
171
3
172
1
173
0
174
0
175
0
176
0
177
0
178
0
179
2
271
2
272
2
273
2
274
3
275
0
276
0
277
2
278
46
279
2
280
0
281
0
282
0
283
0
284
8
285
0
286
0
288
1
289
3
290
0
340
4C
342
74
371
-2
372
-2
  0
DIMSTYLE
105
7C
330
4
100
AcDbSymbolTableRecord
100
AcDbDimStyleTableRecord
  2
EZ_M_100_H25_CM
 70
0
 40
1.0
 41
0.25
 42
0.125
 43
3.75
 44
0.375
 45
0.0
 46
0.0
 47
0.0
 48
0.0
 49
2.5
140
0.25
141
2.5
142
0.125
143
0.03937007874
144
100.0
145
0.0
146
0.5
147
0.1
148
0.0
 69
0
 70
0
 71
0
 72
0
 73
0
 74
0
 75
0
 76
0
 77
1
 78
12
 79
3
170
0
171
3
172
1
173
0
174
0
175
0
176
0
177
0
178
0
179
2
271
2
272
2
273
2
274
3
275
0
276
0
277
2
278
46
279
2
280
0
281
0
282
0
283
0
284
8
285
0
286
0
288
1
289
3
290
0
340
4C
371
-2
372
-2
  0
DIMSTYLE
105
7D
330
4
100
AcDbSymbolTableRecord
100
AcDbDimStyleTableRecord
  2
EZ_M_50_H25_CM
 70
0
 40
1.0
 41
0.125
 42
0.0625
 43
3.75
 44
0.1875
 45
0.0
 46
0.0
 47
0.0
 48
0.0
 49
2.5
140
0.125
141
2.5
142
0.0625
143
0.03937007874
144
100.0
145
0.0
146
0.5
147
0.05
148
0.0
 69
0
 70
0
 71
0
 72
0
 73
0
 74
0
 75
0
 76
0
 77
1
 78
12
 79
3
170
0
171
3
172
1
173
0
174
0
175
0
176
0
177
0
178
0
179
2
271
2
272
2
273
2
274
3
275
0
276
0
277
2
278
46
279
2
280
0
281
0
282
0
283
0
284
8
285
0
286
0
288
1
289
3
290
0
340
4C
371
-2
372
-2
  0
DIMSTYLE
105
7E
330
4
100
AcDbSymbolTableRecord
100
AcDbDimStyleTableRecord
  2
EZ_M_25_H25_CM
 70
0
 40
1.0
 41
0.0625
 42
0.03125
 43
3.75
 44
0.09375
 45
0.0
 46
0.0
 47
0.0
 48
0.0
 49
2.5
140
0.0625
141
2.5
142
0.03125
143
0.03937007874
144
100.0
145
0.0
146
0.5
147
0.025
148
0.0
 69
0
 70
0
 71
0
 72
0
 73
0
 74
0
 75
0
 76
0
 77
1
 78
12
 79
3
170
0
171
3
172
1
173
0
174
0
175
0
176
0
177
0
178
0
179
2
271
2
272
2
273
2
274
3
275
0
276
0
277
2
278
46
279
2
280
0
281
0
282
0
283
0
284
8
285
0
286
0
288
1
289
3
290
0
340
4C
371
-2
372
-2
  0
DIMSTYLE
105
7F
330
4
100
AcDbSymbolTableRecord
100
AcDbDimStyleTableRecord
  2
EZ_M_20_H25_CM
 70
0
 40
1.0
 41
0.05
 42
0.025
 43
3.75
 44
0.07500000000000001
 45
0.0
 46
0.0
 47
0.0
 48
0.0
 49
2.5
140
0.05
141
2.5
142
0.025
143
0.03937007874
144
100.0
145
0.0
146
0.5
147
0.020000000000000004
148
0.0
 69
0
 70
0
 71
0
 72
0
 73
0
 74
0
 75
0
 76
0
 77
1
 78
12
 79
3
170
0
171
3
172
1
173
0
174
0
175
0
176
0
177
0
178
0
179
2
271
2
272
2
273
2
274
3
275
0
276
0
277
2
278
46
279
2
280
0
281
0
282
0
283
0
284
8
285
0
286
0
288
1
289
3
290
0
340
4C
371
-2
372
-2
  0
DIMSTYLE
105
80
330
4
100
AcDbSymbolTableRecord
100
AcDbDimStyleTableRecord
  2
EZ_M_10_H25_CM
 70
0
 40
1.0
 41
0.025
 42
0.0125
 43
3.75
 44
0.037500000000000006
 45
0.0
 46
0.0
 47
0.0
 48
0.0
 49
2.5
140
0.025
141
2.5
142
0.0125
143
0.03937007874
144
100.0
145
0.0
146
0.5
147
0.010000000000000002
148
0.0
 69
0
 70
0
 71
0
 72
0
 73
0
 74
0
 75
0
 76
0
 77
1
 78
12
 79
3
170
0
171
3
172
1
173
0
174
0
175
0
176
0
177
0
178
0
179
2
271
2
272
2
273
2
274
3
275
0
276
0
277
2
278
46
279
2
280
0
281
0
282
0
283
0
284
8
285
0
286
0
288
1
289
3
290
0
340
4C
371
-2
372
-2
  0
DIMSTYLE
105
81
330
4
100
AcDbSymbolTableRecord
100
AcDbDimStyleTableRecord
  2
EZ_M_5_H25_CM
 70
0
 40
1.0
 41
0.0125
 42
0.00625
 43
3.75
 44
0.018750000000000003
 45
0.0
 46
0.0
 47
0.0
 48
0.0
 49
2.5
140
0.0125
141
2.5
142
0.00625
143
0.03937007874
144
100.0
145
0.0
146
0.5
147
0.005000000000000001
148
0.0
 69
0
 70
0
 71
0
 72
0
 73
0
 74
0
 75
0
 76
0
 77
1
 78
12
 79
3
170
0
171
3
172
1
173
0
174
0
175
0
176
0
177
0
178
0
179
2
271
2
272
2
273
2
274
3
275
0
276
0
277
2
278
46
279
2
280
0
281
0
282
0
283
0
284
8
285
0
286
0
288
1
289
3
290
0
340
4C
371
-2
372
-2
  0
DIMSTYLE
105
82
330
4
100
AcDbSymbolTableRecord
100
AcDbDimStyleTableRecord
  2
EZ_M_1_H25_CM
 70
0
 40
1.0
 41
0.0025
 42
0.00125
 43
3.75
 44
0.00375
 45
0.0
 46
0.0
 47
0.0
 48
0.0
 49
2.5
140
0.0025
141
2.5
142
0.00125
143
0.03937007874
144
100.0
145
0.0
146
0.5
147
0.001
148
0.0
 69
0
 70
0
 71
0
 72
0
 73
0
 74
0
 75
0
 76
0
 77
1
 78
12
 79
3
170
0
171
3
172
1
173
0
174
0
175
0
176
0
177
0
178
0
179
2
271
2
272
2
273
2
274
3
275
0
276
0
277
2
278
46
279
2
280
0
281
0
282
0
283
0
284
8
285
0
286
0
288
1
289
3
290
0
340
4C
371
-2
372
-2
  0
DIMSTYLE
105
83
330
4
100
AcDbSymbolTableRecord
100
AcDbDimStyleTableRecord
  2
EZ_RADIUS
 70
0
 40
1.0
 41
0.25
 42
0.125
 43
3.75
 44
0.375
 45
0.0
 46
0.0
 47
0.0
 48
0.0
 49
2.5
140
0.25
141
0.0
142
0.0
143
0.03937007874
144
100.0
145
0.0
146
0.5
147
0.1
148
0.0
 69
0
 70
0
 71
0
 72
0
 73
0
 74
0
 75
0
 76
0
 77
1
 78
12
 79
3
170
0
171
3
172
0
173
0
174
0
175
0
176
0
177
0
178
0
179
2
271
2
272
2
273
2
274
3
275
0
276
0
277
2
278
46
279
1
280
0
281
0
282
0
283
0
284
8
285
0
286
0
288
1
289
3
290
0
340
4C
342
84
371
-2
372
-2
  0
DIMSTYLE
105
88
330
4
100
AcDbSymbolTableRecord
100
AcDbDimStyleTableRecord
  2
EZ_RADIUS_INSIDE
 70
0
 40
1.0
 41
0.25
 42
0.125
 43
3.75
 44
0.375
 45
0.0
 46
0.0
 47
0.0
 48
0.0
 49
2.5
140
0.25
141
0.0
142
0.0
143
0.03937007874
144
100.0
145
0.0
146
0.5
147
0.1
148
0.0
 69
0
 70
0
 71
0
 72
0
 73
0
 74
0
 75
0
 76
0
 77
0
 78
12
 79
3
170
0
171
3
172
0
173
0
174
1
175
0
176
0
177
0
178
0
179
2
271
2
272
2
273
2
274
3
275
0
276
0
277
2
278
46
279
0
280
0
281
0
282
0
283
0
284
8
285
0
286
0
288
1
289
0
290
0
340
4C
342
84
371
-2
372
-2
  0
DIMSTYLE
105
89
330
4
100
AcDbSymbolTableRecord
100
AcDbDimStyleTableRecord
  2
EZ_CURVED
 70
0
 40
1.0
 41
0.25
 42
0.125
 43
3.75
 44
0.375
 45
0.0
 46
0.0
 47
0.0
 48
0.0
 49
2.5
140
0.25
141
2.5
142
0.0
143
0.03937007874
144
100.0
145
0.0
146
0.5
147
0.1
148
0.0
 69
0
 70
0
 71
0
 72
0
 73
0
 74
0
 75
0
 76
0
 77
1
 78
12
 79
2
 90
2
170
0
171
3
172
1
173
0
174
0
175
0
176
0
177
0
178
0
179
2
271
2
272
2
273
2
274
3
275
0
276
0
277
2
278
46
279
2
280
0
281
0
282
0
283
0
284
8
285
0
286
0
288
1
289
3
290
0
340
4C
371
-2
372
-2
  0
ENDTAB
  0
TABLE
  2
BLOCK_RECORD
  5
9
330
0
100
AcDbSymbolTable
 70
31
  0
BLOCK_RECORD
  5
17
330
9
100
AcDbSymbolTableRecord
100
AcDbBlockTableRecord
  2
*Model_Space
340
1A
 70
0
280
1
281
0
  0
BLOCK_RECORD
  5
1B
330
9
100
AcDbSymbolTableRecord
100
AcDbBlockTableRecord
  2
*Paper_Space
340
1E
 70
0
280
1
281
0
  0
BLOCK_RECORD
  5
74
330
9
100
AcDbSymbolTableRecord
100
AcDbBlockTableRecord
  2
_ARCHTICK
340
0
 70
0
280
1
281
0
  0
BLOCK_RECORD
  5
78
330
9
100
AcDbSymbolTableRecord
100
AcDbBlockTableRecord
  2
_CLOSEDFILLED
340
0
 70
0
280
1
281
0
  0
BLOCK_RECORD
  5
84
330
9
100
AcDbSymbolTableRecord
100
AcDbBlockTableRecord
  2
_CLOSEDBLANK
340
0
 70
0
280
1
281
0
  0
BLOCK_RECORD
  5
158
330
9
100
AcDbSymbolTableRecord
100
AcDbBlockTableRecord
  2
*D1
340
0
 70
0
280
1
281
0
  0
BLOCK_RECORD
  5
167
330
9
100
AcDbSymbolTableRecord
100
AcDbBlockTableRecord
  2
*D2
340
0
 70
0
280
1
281
0
  0
BLOCK_RECORD
  5
176
330
9
100
AcDbSymbolTableRecord
100
AcDbBlockTableRecord
  2
*D3
340
0
 70
0
280
1
281
0
  0
BLOCK_RECORD
  5
185
330
9
100
AcDbSymbolTableRecord
100
AcDbBlockTableRecord
  2
*D4
340
0
 70
0
280
1
281
0
  0
BLOCK_RECORD
  5
194
330
9
100
AcDbSymbolTableRecord
100
AcDbBlockTableRecord
  2
*D5
340
0
 70
0
280
1
281
0
  0
BLOCK_RECORD
  5
1A3
330
9
100
AcDbSymbolTableRecord
100
AcDbBlockTableRecord
  2
*D6
340
0
 70
0
280
1
281
0
  0
BLOCK_RECORD
  5
1B2
330
9
100
AcDbSymbolTableRecord
100
AcDbBlockTableRecord
  2
*D7
340
0
 70
0
280
1
281
0
  0
BLOCK_RECORD
  5
232
330
9
100
AcDbSymbolTableRecord
100
AcDbBlockTableRecord
  2
*D8
340
0
 70
0
280
1
281
0
  0
BLOCK_RECORD
  5
241
330
9
100
AcDbSymbolTableRecord
100
AcDbBlockTableRecord
  2
*D9
340
0
 70
0
280
1
281
0
  0
BLOCK_RECORD
  5
250
330
9
100
AcDbSymbolTableRecord
100
AcDbBlockTableRecord
  2
*D10
340
0
 70
0
280
1
281
0
  0
BLOCK_RECORD
  5
25F
330
9
100
AcDbSymbolTableRecord
100
AcDbBlockTableRecord
  2
*D11
340
0
 70
0
280
1
281
0
  0
BLOCK_RECORD
  5
26E
330
9
100
AcDbSymbolTableRecord
100
AcDbBlockTableRecord
  2
*D12
340
0
 70
0
280
1
281
0
  0
BLOCK_RECORD
  5
27D
330
9
100
AcDbSymbolTableRecord
100
AcDbBlockTableRecord
  2
*D13
340
0
 70
0
280
1
281
0
  0
BLOCK_RECORD
  5
28C
330
9
100
AcDbSymbolTableRecord
100
AcDbBlockTableRecord
  2
*D14
340
0
 70
0
280
1
281
0
  0
BLOCK_RECORD
  5
2F0
330
9
100
AcDbSymbolTableRecord
100
AcDbBlockTableRecord
  2
*D15
340
0
 70
0
280
1
281
0
  0
BLOCK_RECORD
  5
2FF
330
9
100
AcDbSymbolTableRecord
100
AcDbBlockTableRecord
  2
*D16
340
0
 70
0
280
1
281
0
  0
BLOCK_RECORD
  5
30E
330
9
100
AcDbSymbolTableRecord
100
AcDbBlockTableRecord
  2
*D17
340
0
 70
0
280
1
281
0
  0
BLOCK_RECORD
  5
31D
330
9
100
AcDbSymbolTableRecord
100
AcDbBlockTableRecord
  2
*D18
340
0
 70
0
280
1
281
0
  0
BLOCK_RECORD
  5
32C
330
9
100
AcDbSymbolTableRecord
100
AcDbBlockTableRecord
  2
*D19
340
0
 70
0
280
1
281
0
  0
BLOCK_RECORD
  5
33B
330
9
100
AcDbSymbolTableRecord
100
AcDbBlockTableRecord
  2
*D20
340
0
 70
0
280
1
281
0
  0
BLOCK_RECORD
  5
38C
330
9
100
AcDbSymbolTableRecord
100
AcDbBlockTableRecord
  2
*D21
340
0
 70
0
280
1
281
0
  0
BLOCK_RECORD
  5
39B
330
9
100
AcDbSymbolTableRecord
100
AcDbBlockTableRecord
  2
*D22
340
0
 70
0
280
1
281
0
  0
BLOCK_RECORD
  5
3AA
330
9
100
AcDbSymbolTableRecord
100
AcDbBlockTableRecord
  2
*D23
340
0
 70
0
280
1
281
0
  0
BLOCK_RECORD
  5
3B9
330
9
100
AcDbSymbolTableRecord
100
AcDbBlockTableRecord
  2
*D24
340
0
 70
0
280
1
281
0
  0
BLOCK_RECORD
  5
3C8
330
9
100
AcDbSymbolTableRecord
100
AcDbBlockTableRecord
  2
*D25
340
0
 70
0
280
1
281
0
  0
BLOCK_RECORD
  5
3D7
330
9
100
AcDbSymbolTableRecord
100
AcDbBlockTableRecord
  2
*D26
340
0
 70
0
280
1
281
0
  0
ENDTAB
  0
ENDSEC
  0
SECTION
  2
BLOCKS
  0
BLOCK
  5
18
330
17
100
AcDbEntity
  8
0
100
AcDbBlockBegin
  2
*Model_Space
 70
0
 10
0.0
 20
0.0
 30
0.0
  3
*Model_Space
  1

  0
ENDBLK
  5
19
330
17
100
AcDbEntity
  8
0
100
AcDbBlockEnd
  0
BLOCK
  5
1C
330
1B
100
AcDbEntity
  8
0
100
AcDbBlockBegin
  2
*Paper_Space
 70
0
 10
0.0
 20
0.0
 30
0.0
  3
*Paper_Space
  1

  0
ENDBLK
  5
1D
330
1B
100
AcDbEntity
  8
0
100
AcDbBlockEnd
  0
BLOCK
  5
75
330
74
100
AcDbEntity
  8
0
100
AcDbBlockBegin
  2
_ARCHTICK
 70
0
 10
0.0
 20
0.0
 30
0.0
  3
_ARCHTICK
  1

  0
LWPOLYLINE
  5
77
330
74
100
AcDbEntity
  8
0
  6
BYBLOCK
 62
0
100
AcDbPolyline
 90
2
 70
0
 43
0.15
 10
-0.5
 20
-0.5
 10
0.5
 20
0.5
  0
ENDBLK
  5
76
330
74
100
AcDbEntity
  8
0
100
AcDbBlockEnd
  0
BLOCK
  5
79
330
78
100
AcDbEntity
  8
0
100
AcDbBlockBegin
  2
_CLOSEDFILLED
 70
0
 10
0.0
 20
0.0
 30
0.0
  3
_CLOSEDFILLED
  1

  0
SOLID
  5
7B
330
78
100
AcDbEntity
  8
0
  6
BYBLOCK
 62
0
100
AcDbTrace
 10
-1.0
 20
0.16439898372402537
 30
0.0
 11
0.0
 21
0.0
 31
0.0
 12
-1.0
 22
-0.16439898372402537
 32
0.0
 13
-1.0
 23
-0.16439898372402537
 33
0.0
  0
ENDBLK
  5
7A
330
78
100
AcDbEntity
  8
0
100
AcDbBlockEnd
  0
BLOCK
  5
85
330
84
100
AcDbEntity
  8
0
100
AcDbBlockBegin
  2
_CLOSEDBLANK
 70
0
 10
0.0
 20
0.0
 30
0.0
  3
_CLOSEDBLANK
  1

  0
LWPOLYLINE
  5
87
330
84
100
AcDbEntity
  8
0
  6
BYBLOCK
 62
0
100
AcDbPolyline
 90
3
 70
1
 10
-1.0
 20
0.16439898372402537
 10
0.0
 20
0.0
 10
-1.0
 20
-0.16439898372402537
  0
ENDBLK
  5
86
330
84
100
AcDbEntity
  8
0
100
AcDbBlockEnd
  0
BLOCK
  5
159
330
158
100
AcDbEntity
  8
0
100
AcDbBlockBegin
  2
*D1
 70
1
 10
0.0
 20
0.0
 30
0.0
  3
*D1
  1

  0
LINE
  5
15B
330
158
100
AcDbEntity
  8
0
100
AcDbLine
 10
108.0
 20
341.2
 30
0.0
 11
108.0
 21
331.6666666666667
 31
0.0
  0
LINE
  5
15C
330
158
100
AcDbEntity
  8
0
100
AcDbLine
 10
193.33333333333334
 20
341.2
 30
0.0
 11
193.33333333333334
 21
331.6666666666667
 31
0.0
  0
INSERT
  5
15D
330
158
100
AcDbEntity
  8
COTAS
100
AcDbBlockReference
  2
_ARCHTICK
 10
108.0
 20
332.6666666666667
 30
0.0
 41
1.8
 42
1.8
 50
180.0
  0
INSERT
  5
15F
330
158
100
AcDbEntity
  8
COTAS
100
AcDbBlockReference
  2
_ARCHTICK
 10
193.33333333333334
 20
332.6666666666667
 30
0.0
 41
1.8
 42
1.8
  0
LINE
  5
161
330
158
100
AcDbEntity
  8
0
100
AcDbLine
 10
108.0
 20
332.6666666666667
 30
0.0
 11
193.33333333333334
 21
332.6666666666667
 31
0.0
  0
MTEXT
  5
162
330
158
100
AcDbEntity
  8
COTAS
 62
3
100
AcDbMText
 10
150.66666666666669
 20
334.3666666666667
 30
0.0
 40
2.2
 71
5
  1
6.40
  7
OpenSansCondensed-Light
  0
POINT
  5
163
330
158
100
AcDbEntity
  8
Defpoints
100
AcDbPoint
 10
108.0
 20
332.6666666666667
 30
0.0
  0
POINT
  5
164
330
158
100
AcDbEntity
  8
Defpoints
100
AcDbPoint
 10
108.0
 20
342.0
 30
0.0
  0
POINT
  5
165
330
158
100
AcDbEntity
  8
Defpoints
100
AcDbPoint
 10
193.33333333333334
 20
342.0
 30
0.0
  0
ENDBLK
  5
15A
330
158
100
AcDbEntity
  8
0
100
AcDbBlockEnd
  0
BLOCK
  5
168
330
167
100
AcDbEntity
  8
0
100
AcDbBlockBegin
  2
*D2
 70
1
 10
0.0
 20
0.0
 30
0.0
  3
*D2
  1

  0
LINE
  5
16A
330
167
100
AcDbEntity
  8
0
100
AcDbLine
 10
227.4666666666667
 20
342.0
 30
0.0
 11
235.66666666666669
 21
342.0
 31
0.0
  0
LINE
  5
16B
330
167
100
AcDbEntity
  8
0
100
AcDbLine
 10
227.4666666666667
 20
452.6666666666667
 30
0.0
 11
235.66666666666669
 21
452.6666666666667
 31
0.0
  0
INSERT
  5
16C
330
167
100
AcDbEntity
  8
COTAS
100
AcDbBlockReference
  2
_ARCHTICK
 10
234.66666666666669
 20
342.0
 30
0.0
 41
1.8
 42
1.8
 50
270.0
  0
INSERT
  5
16E
330
167
100
AcDbEntity
  8
COTAS
100
AcDbBlockReference
  2
_ARCHTICK
 10
234.66666666666669
 20
452.6666666666667
 30
0.0
 41
1.8
 42
1.8
 50
90.0
  0
LINE
  5
170
330
167
100
AcDbEntity
  8
0
100
AcDbLine
 10
234.66666666666669
 20
342.0
 30
0.0
 11
234.66666666666669
 21
452.6666666666667
 31
0.0
  0
MTEXT
  5
171
330
167
100
AcDbEntity
  8
COTAS
 62
3
100
AcDbMText
 10
232.9666666666667
 20
397.33333333333337
 30
0.0
 40
2.2
 71
5
  1
8.30
  7
OpenSansCondensed-Light
 50
90.0
  0
POINT
  5
172
330
167
100
AcDbEntity
  8
Defpoints
100
AcDbPoint
 10
234.66666666666669
 20
342.0
 30
0.0
  0
POINT
  5
173
330
167
100
AcDbEntity
  8
Defpoints
100
AcDbPoint
 10
226.66666666666669
 20
342.0
 30
0.0
  0
POINT
  5
174
330
167
100
AcDbEntity
  8
Defpoints
100
AcDbPoint
 10
226.66666666666669
 20
452.6666666666667
 30
0.0
  0
ENDBLK
  5
169
330
167
100
AcDbEntity
  8
0
100
AcDbBlockEnd
  0
BLOCK
  5
177
330
176
100
AcDbEntity
  8
0
100
AcDbBlockBegin
  2
*D3
 70
1
 10
0.0
 20
0.0
 30
0.0
  3
*D3
  1

  0
LINE
  5
179
330
176
100
AcDbEntity
  8
0
100
AcDbLine
 10
227.4666666666667
 20
452.6666666666667
 30
0.0
 11
235.66666666666669
 21
452.6666666666667
 31
0.0
  0
LINE
  5
17A
330
176
100
AcDbEntity
  8
0
100
AcDbLine
 10
227.4666666666667
 20
499.33333333333337
 30
0.0
 11
235.66666666666669
 21
499.33333333333337
 31
0.0
  0
INSERT
  5
17B
330
176
100
AcDbEntity
  8
COTAS
100
AcDbBlockReference
  2
_ARCHTICK
 10
234.66666666666669
 20
452.6666666666667
 30
0.0
 41
1.8
 42
1.8
 50
270.0
  0
INSERT
  5
17D
330
176
100
AcDbEntity
  8
COTAS
100
AcDbBlockReference
  2
_ARCHTICK
 10
234.66666666666669
 20
499.33333333333337
 30
0.0
 41
1.8
 42
1.8
 50
90.0
  0
LINE
  5
17F
330
176
100
AcDbEntity
  8
0
100
AcDbLine
 10
234.66666666666669
 20
452.6666666666667
 30
0.0
 11
234.66666666666669
 21
499.33333333333337
 31
0.0
  0
MTEXT
  5
180
330
176
100
AcDbEntity
  8
COTAS
 62
3
100
AcDbMText
 10
232.9666666666667
 20
476.0
 30
0.0
 40
2.2
 71
5
  1
3.50
  7
OpenSansCondensed-Light
 50
90.0
  0
POINT
  5
181
330
176
100
AcDbEntity
  8
Defpoints
100
AcDbPoint
 10
234.66666666666669
 20
452.6666666666667
 30
0.0
  0
POINT
  5
182
330
176
100
AcDbEntity
  8
Defpoints
100
AcDbPoint
 10
226.66666666666669
 20
452.6666666666667
 30
0.0
  0
POINT
  5
183
330
176
100
AcDbEntity
  8
Defpoints
100
AcDbPoint
 10
226.66666666666669
 20
499.33333333333337
 30
0.0
  0
ENDBLK
  5
178
330
176
100
AcDbEntity
  8
0
100
AcDbBlockEnd
  0
BLOCK
  5
186
330
185
100
AcDbEntity
  8
0
100
AcDbBlockBegin
  2
*D4
 70
1
 10
0.0
 20
0.0
 30
0.0
  3
*D4
  1

  0
LINE
  5
188
330
185
100
AcDbEntity
  8
0
100
AcDbLine
 10
227.4666666666667
 20
499.33333333333337
 30
0.0
 11
235.66666666666669
 21
499.33333333333337
 31
0.0
  0
LINE
  5
189
330
185
100
AcDbEntity
  8
0
100
AcDbLine
 10
227.4666666666667
 20
559.3333333333334
 30
0.0
 11
235.66666666666669
 21
559.3333333333334
 31
0.0
  0
INSERT
  5
18A
330
185
100
AcDbEntity
  8
COTAS
100
AcDbBlockReference
  2
_ARCHTICK
 10
234.66666666666669
 20
499.33333333333337
 30
0.0
 41
1.8
 42
1.8
 50
270.0
  0
INSERT
  5
18C
330
185
100
AcDbEntity
  8
COTAS
100
AcDbBlockReference
  2
_ARCHTICK
 10
234.66666666666669
 20
559.3333333333334
 30
0.0
 41
1.8
 42
1.8
 50
90.0
  0
LINE
  5
18E
330
185
100
AcDbEntity
  8
0
100
AcDbLine
 10
234.66666666666669
 20
499.33333333333337
 30
0.0
 11
234.66666666666669
 21
559.3333333333334
 31
0.0
  0
MTEXT
  5
18F
330
185
100
AcDbEntity
  8
COTAS
 62
3
100
AcDbMText
 10
232.9666666666667
 20
529.3333333333334
 30
0.0
 40
2.2
 71
5
  1
4.50
  7
OpenSansCondensed-Light
 50
90.0
  0
POINT
  5
190
330
185
100
AcDbEntity
  8
Defpoints
100
AcDbPoint
 10
234.66666666666669
 20
499.33333333333337
 30
0.0
  0
POINT
  5
191
330
185
100
AcDbEntity
  8
Defpoints
100
AcDbPoint
 10
226.66666666666669
 20
499.33333333333337
 30
0.0
  0
POINT
  5
192
330
185
100
AcDbEntity
  8
Defpoints
100
AcDbPoint
 10
226.66666666666669
 20
559.3333333333334
 30
0.0
  0
ENDBLK
  5
187
330
185
100
AcDbEntity
  8
0
100
AcDbBlockEnd
  0
BLOCK
  5
195
330
194
100
AcDbEntity
  8
0
100
AcDbBlockBegin
  2
*D5
 70
1
 10
0.0
 20
0.0
 30
0.0
  3
*D5
  1

  0
LINE
  5
197
330
194
100
AcDbEntity
  8
0
100
AcDbLine
 10
227.4666666666667
 20
342.0
 30
0.0
 11
243.66666666666669
 21
342.0
 31
0.0
  0
LINE
  5
198
330
194
100
AcDbEntity
  8
0
100
AcDbLine
 10
227.4666666666667
 20
559.3333333333334
 30
0.0
 11
243.66666666666669
 21
559.3333333333334
 31
0.0
  0
INSERT
  5
199
330
194
100
AcDbEntity
  8
COTAS
100
AcDbBlockReference
  2
_ARCHTICK
 10
242.66666666666669
 20
342.0
 30
0.0
 41
1.8
 42
1.8
 50
270.0
  0
INSERT
  5
19B
330
194
100
AcDbEntity
  8
COTAS
100
AcDbBlockReference
  2
_ARCHTICK
 10
242.66666666666669
 20
559.3333333333334
 30
0.0
 41
1.8
 42
1.8
 50
90.0
  0
LINE
  5
19D
330
194
100
AcDbEntity
  8
0
100
AcDbLine
 10
242.66666666666669
 20
342.0
 30
0.0
 11
242.66666666666669
 21
559.3333333333334
 31
0.0
  0
MTEXT
  5
19E
330
194
100
AcDbEntity
  8
COTAS
 62
3
100
AcDbMText
 10
240.9666666666667
 20
450.6666666666667
 30
0.0
 40
2.2
 71
5
  1
16.30
  7
OpenSansCondensed-Light
 50
90.0
  0
POINT
  5
19F
330
194
100
AcDbEntity
  8
Defpoints
100
AcDbPoint
 10
242.66666666666669
 20
342.0
 30
0.0
  0
POINT
  5
1A0
330
194
100
AcDbEntity
  8
Defpoints
100
AcDbPoint
 10
226.66666666666669
 20
342.0
 30
0.0
  0
POINT
  5
1A1
330
194
100
AcDbEntity
  8
Defpoints
100
AcDbPoint
 10
226.66666666666669
 20
559.3333333333334
 30
0.0
  0
ENDBLK
  5
196
330
194
100
AcDbEntity
  8
0
100
AcDbBlockEnd
  0
BLOCK
  5
1A4
330
1A3
100
AcDbEntity
  8
0
100
AcDbBlockBegin
  2
*D6
 70
1
 10
0.0
 20
0.0
 30
0.0
  3
*D6
  1

  0
LINE
  5
1A6
330
1A3
100
AcDbEntity
  8
0
100
AcDbLine
 10
66.0
 20
560.1333333333333
 30
0.0
 11
66.0
 21
568.3333333333334
 31
0.0
  0
LINE
  5
1A7
330
1A3
100
AcDbEntity
  8
0
100
AcDbLine
 10
193.33333333333334
 20
560.1333333333333
 30
0.0
 11
193.33333333333334
 21
568.3333333333334
 31
0.0
  0
INSERT
  5
1A8
330
1A3
100
AcDbEntity
  8
COTAS
100
AcDbBlockReference
  2
_ARCHTICK
 10
66.0
 20
567.3333333333334
 30
0.0
 41
1.8
 42
1.8
 50
180.0
  0
INSERT
  5
1AA
330
1A3
100
AcDbEntity
  8
COTAS
100
AcDbBlockReference
  2
_ARCHTICK
 10
193.33333333333334
 20
567.3333333333334
 30
0.0
 41
1.8
 42
1.8
  0
LINE
  5
1AC
330
1A3
100
AcDbEntity
  8
0
100
AcDbLine
 10
66.0
 20
567.3333333333334
 30
0.0
 11
193.33333333333334
 21
567.3333333333334
 31
0.0
  0
MTEXT
  5
1AD
330
1A3
100
AcDbEntity
  8
COTAS
 62
3
100
AcDbMText
 10
129.66666666666669
 20
569.0333333333334
 30
0.0
 40
2.2
 71
5
  1
9.55
  7
OpenSansCondensed-Light
  0
POINT
  5
1AE
330
1A3
100
AcDbEntity
  8
Defpoints
100
AcDbPoint
 10
66.0
 20
567.3333333333334
 30
0.0
  0
POINT
  5
1AF
330
1A3
100
AcDbEntity
  8
Defpoints
100
AcDbPoint
 10
66.0
 20
559.3333333333334
 30
0.0
  0
POINT
  5
1B0
330
1A3
100
AcDbEntity
  8
Defpoints
100
AcDbPoint
 10
193.33333333333334
 20
559.3333333333334
 30
0.0
  0
ENDBLK
  5
1A5
330
1A3
100
AcDbEntity
  8
0
100
AcDbBlockEnd
  0
BLOCK
  5
1B3
330
1B2
100
AcDbEntity
  8
0
100
AcDbBlockBegin
  2
*D7
 70
1
 10
0.0
 20
0.0
 30
0.0
  3
*D7
  1

  0
LINE
  5
1B5
330
1B2
100
AcDbEntity
  8
0
100
AcDbLine
 10
65.2
 20
439.6
 30
0.0
 11
57.0
 21
439.6
 31
0.0
  0
LINE
  5
1B6
330
1B2
100
AcDbEntity
  8
0
100
AcDbLine
 10
65.2
 20
559.3333333333334
 30
0.0
 11
57.0
 21
559.3333333333334
 31
0.0
  0
INSERT
  5
1B7
330
1B2
100
AcDbEntity
  8
COTAS
100
AcDbBlockReference
  2
_ARCHTICK
 10
58.0
 20
439.6
 30
0.0
 41
1.8
 42
1.8
 50
270.0
  0
INSERT
  5
1B9
330
1B2
100
AcDbEntity
  8
COTAS
100
AcDbBlockReference
  2
_ARCHTICK
 10
58.0
 20
559.3333333333334
 30
0.0
 41
1.8
 42
1.8
 50
90.0
  0
LINE
  5
1BB
330
1B2
100
AcDbEntity
  8
0
100
AcDbLine
 10
58.0
 20
439.6
 30
0.0
 11
58.0
 21
559.3333333333334
 31
0.0
  0
MTEXT
  5
1BC
330
1B2
100
AcDbEntity
  8
COTAS
 62
3
100
AcDbMText
 10
56.3
 20
499.4666666666667
 30
0.0
 40
2.2
 71
5
  1
8.98
  7
OpenSansCondensed-Light
 50
90.0
  0
POINT
  5
1BD
330
1B2
100
AcDbEntity
  8
Defpoints
100
AcDbPoint
 10
58.0
 20
439.6
 30
0.0
  0
POINT
  5
1BE
330
1B2
100
AcDbEntity
  8
Defpoints
100
AcDbPoint
 10
66.0
 20
439.6
 30
0.0
  0
POINT
  5
1BF
330
1B2
100
AcDbEntity
  8
Defpoints
100
AcDbPoint
 10
66.0
 20
559.3333333333334
 30
0.0
  0
ENDBLK
  5
1B4
330
1B2
100
AcDbEntity
  8
0
100
AcDbBlockEnd
  0
BLOCK
  5
233
330
232
100
AcDbEntity
  8
0
100
AcDbBlockBegin
  2
*D8
 70
1
 10
0.0
 20
0.0
 30
0.0
  3
*D8
  1

  0
LINE
  5
235
330
232
100
AcDbEntity
  8
0
100
AcDbLine
 10
378.0
 20
341.2
 30
0.0
 11
378.0
 21
331.6666666666667
 31
0.0
  0
LINE
  5
236
330
232
100
AcDbEntity
  8
0
100
AcDbLine
 10
463.33333333333337
 20
341.2
 30
0.0
 11
463.33333333333337
 21
331.6666666666667
 31
0.0
  0
INSERT
  5
237
330
232
100
AcDbEntity
  8
COTAS
100
AcDbBlockReference
  2
_ARCHTICK
 10
378.0
 20
332.6666666666667
 30
0.0
 41
1.8
 42
1.8
 50
180.0
  0
INSERT
  5
239
330
232
100
AcDbEntity
  8
COTAS
100
AcDbBlockReference
  2
_ARCHTICK
 10
463.33333333333337
 20
332.6666666666667
 30
0.0
 41
1.8
 42
1.8
  0
LINE
  5
23B
330
232
100
AcDbEntity
  8
0
100
AcDbLine
 10
378.0
 20
332.6666666666667
 30
0.0
 11
463.33333333333337
 21
332.6666666666667
 31
0.0
  0
MTEXT
  5
23C
330
232
100
AcDbEntity
  8
COTAS
 62
3
100
AcDbMText
 10
420.6666666666667
 20
334.3666666666667
 30
0.0
 40
2.2
 71
5
  1
6.40
  7
OpenSansCondensed-Light
  0
POINT
  5
23D
330
232
100
AcDbEntity
  8
Defpoints
100
AcDbPoint
 10
378.0
 20
332.6666666666667
 30
0.0
  0
POINT
  5
23E
330
232
100
AcDbEntity
  8
Defpoints
100
AcDbPoint
 10
378.0
 20
342.0
 30
0.0
  0
POINT
  5
23F
330
232
100
AcDbEntity
  8
Defpoints
100
AcDbPoint
 10
463.33333333333337
 20
342.0
 30
0.0
  0
ENDBLK
  5
234
330
232
100
AcDbEntity
  8
0
100
AcDbBlockEnd
  0
BLOCK
  5
242
330
241
100
AcDbEntity
  8
0
100
AcDbBlockBegin
  2
*D9
 70
1
 10
0.0
 20
0.0
 30
0.0
  3
*D9
  1

  0
LINE
  5
244
330
241
100
AcDbEntity
  8
0
100
AcDbLine
 10
497.4666666666667
 20
342.0
 30
0.0
 11
505.6666666666667
 21
342.0
 31
0.0
  0
LINE
  5
245
330
241
100
AcDbEntity
  8
0
100
AcDbLine
 10
497.4666666666667
 20
452.6666666666667
 30
0.0
 11
505.6666666666667
 21
452.6666666666667
 31
0.0
  0
INSERT
  5
246
330
241
100
AcDbEntity
  8
COTAS
100
AcDbBlockReference
  2
_ARCHTICK
 10
504.6666666666667
 20
342.0
 30
0.0
 41
1.8
 42
1.8
 50
270.0
  0
INSERT
  5
248
330
241
100
AcDbEntity
  8
COTAS
100
AcDbBlockReference
  2
_ARCHTICK
 10
504.6666666666667
 20
452.6666666666667
 30
0.0
 41
1.8
 42
1.8
 50
90.0
  0
LINE
  5
24A
330
241
100
AcDbEntity
  8
0
100
AcDbLine
 10
504.6666666666667
 20
342.0
 30
0.0
 11
504.6666666666667
 21
452.6666666666667
 31
0.0
  0
MTEXT
  5
24B
330
241
100
AcDbEntity
  8
COTAS
 62
3
100
AcDbMText
 10
502.9666666666667
 20
397.33333333333337
 30
0.0
 40
2.2
 71
5
  1
8.30
  7
OpenSansCondensed-Light
 50
90.0
  0
POINT
  5
24C
330
241
100
AcDbEntity
  8
Defpoints
100
AcDbPoint
 10
504.6666666666667
 20
342.0
 30
0.0
  0
POINT
  5
24D
330
241
100
AcDbEntity
  8
Defpoints
100
AcDbPoint
 10
496.6666666666667
 20
342.0
 30
0.0
  0
POINT
  5
24E
330
241
100
AcDbEntity
  8
Defpoints
100
AcDbPoint
 10
496.6666666666667
 20
452.6666666666667
 30
0.0
  0
ENDBLK
  5
243
330
241
100
AcDbEntity
  8
0
100
AcDbBlockEnd
  0
BLOCK
  5
251
330
250
100
AcDbEntity
  8
0
100
AcDbBlockBegin
  2
*D10
 70
1
 10
0.0
 20
0.0
 30
0.0
  3
*D10
  1

  0
LINE
  5
253
330
250
100
AcDbEntity
  8
0
100
AcDbLine
 10
497.4666666666667
 20
452.6666666666667
 30
0.0
 11
505.6666666666667
 21
452.6666666666667
 31
0.0
  0
LINE
  5
254
330
250
100
AcDbEntity
  8
0
100
AcDbLine
 10
497.4666666666667
 20
499.33333333333337
 30
0.0
 11
505.6666666666667
 21
499.33333333333337
 31
0.0
  0
INSERT
  5
255
330
250
100
AcDbEntity
  8
COTAS
100
AcDbBlockReference
  2
_ARCHTICK
 10
504.6666666666667
 20
452.6666666666667
 30
0.0
 41
1.8
 42
1.8
 50
270.0
  0
INSERT
  5
257
330
250
100
AcDbEntity
  8
COTAS
100
AcDbBlockReference
  2
_ARCHTICK
 10
504.6666666666667
 20
499.33333333333337
 30
0.0
 41
1.8
 42
1.8
 50
90.0
  0
LINE
  5
259
330
250
100
AcDbEntity
  8
0
100
AcDbLine
 10
504.6666666666667
 20
452.6666666666667
 30
0.0
 11
504.6666666666667
 21
499.33333333333337
 31
0.0
  0
MTEXT
  5
25A
330
250
100
AcDbEntity
  8
COTAS
 62
3
100
AcDbMText
 10
502.9666666666667
 20
476.0
 30
0.0
 40
2.2
 71
5
  1
3.50
  7
OpenSansCondensed-Light
 50
90.0
  0
POINT
  5
25B
330
250
100
AcDbEntity
  8
Defpoints
100
AcDbPoint
 10
504.6666666666667
 20
452.6666666666667
 30
0.0
  0
POINT
  5
25C
330
250
100
AcDbEntity
  8
Defpoints
100
AcDbPoint
 10
496.6666666666667
 20
452.6666666666667
 30
0.0
  0
POINT
  5
25D
330
250
100
AcDbEntity
  8
Defpoints
100
AcDbPoint
 10
496.6666666666667
 20
499.33333333333337
 30
0.0
  0
ENDBLK
  5
252
330
250
100
AcDbEntity
  8
0
100
AcDbBlockEnd
  0
BLOCK
  5
260
330
25F
100
AcDbEntity
  8
0
100
AcDbBlockBegin
  2
*D11
 70
1
 10
0.0
 20
0.0
 30
0.0
  3
*D11
  1

  0
LINE
  5
262
330
25F
100
AcDbEntity
  8
0
100
AcDbLine
 10
497.4666666666667
 20
499.33333333333337
 30
0.0
 11
505.6666666666667
 21
499.33333333333337
 31
0.0
  0
LINE
  5
263
330
25F
100
AcDbEntity
  8
0
100
AcDbLine
 10
497.4666666666667
 20
559.3333333333334
 30
0.0
 11
505.6666666666667
 21
559.3333333333334
 31
0.0
  0
INSERT
  5
264
330
25F
100
AcDbEntity
  8
COTAS
100
AcDbBlockReference
  2
_ARCHTICK
 10
504.6666666666667
 20
499.33333333333337
 30
0.0
 41
1.8
 42
1.8
 50
270.0
  0
INSERT
  5
266
330
25F
100
AcDbEntity
  8
COTAS
100
AcDbBlockReference
  2
_ARCHTICK
 10
504.6666666666667
 20
559.3333333333334
 30
0.0
 41
1.8
 42
1.8
 50
90.0
  0
LINE
  5
268
330
25F
100
AcDbEntity
  8
0
100
AcDbLine
 10
504.6666666666667
 20
499.33333333333337
 30
0.0
 11
504.6666666666667
 21
559.3333333333334
 31
0.0
  0
MTEXT
  5
269
330
25F
100
AcDbEntity
  8
COTAS
 62
3
100
AcDbMText
 10
502.9666666666667
 20
529.3333333333334
 30
0.0
 40
2.2
 71
5
  1
4.50
  7
OpenSansCondensed-Light
 50
90.0
  0
POINT
  5
26A
330
25F
100
AcDbEntity
  8
Defpoints
100
AcDbPoint
 10
504.6666666666667
 20
499.33333333333337
 30
0.0
  0
POINT
  5
26B
330
25F
100
AcDbEntity
  8
Defpoints
100
AcDbPoint
 10
496.6666666666667
 20
499.33333333333337
 30
0.0
  0
POINT
  5
26C
330
25F
100
AcDbEntity
  8
Defpoints
100
AcDbPoint
 10
496.6666666666667
 20
559.3333333333334
 30
0.0
  0
ENDBLK
  5
261
330
25F
100
AcDbEntity
  8
0
100
AcDbBlockEnd
  0
BLOCK
  5
26F
330
26E
100
AcDbEntity
  8
0
100
AcDbBlockBegin
  2
*D12
 70
1
 10
0.0
 20
0.0
 30
0.0
  3
*D12
  1

  0
LINE
  5
271
330
26E
100
AcDbEntity
  8
0
100
AcDbLine
 10
497.4666666666667
 20
342.0
 30
0.0
 11
513.6666666666667
 21
342.0
 31
0.0
  0
LINE
  5
272
330
26E
100
AcDbEntity
  8
0
100
AcDbLine
 10
497.4666666666667
 20
559.3333333333334
 30
0.0
 11
513.6666666666667
 21
559.3333333333334
 31
0.0
  0
INSERT
  5
273
330
26E
100
AcDbEntity
  8
COTAS
100
AcDbBlockReference
  2
_ARCHTICK
 10
512.6666666666667
 20
342.0
 30
0.0
 41
1.8
 42
1.8
 50
270.0
  0
INSERT
  5
275
330
26E
100
AcDbEntity
  8
COTAS
100
AcDbBlockReference
  2
_ARCHTICK
 10
512.6666666666667
 20
559.3333333333334
 30
0.0
 41
1.8
 42
1.8
 50
90.0
  0
LINE
  5
277
330
26E
100
AcDbEntity
  8
0
100
AcDbLine
 10
512.6666666666667
 20
342.0
 30
0.0
 11
512.6666666666667
 21
559.3333333333334
 31
0.0
  0
MTEXT
  5
278
330
26E
100
AcDbEntity
  8
COTAS
 62
3
100
AcDbMText
 10
510.96666666666675
 20
450.6666666666667
 30
0.0
 40
2.2
 71
5
  1
16.30
  7
OpenSansCondensed-Light
 50
90.0
  0
POINT
  5
279
330
26E
100
AcDbEntity
  8
Defpoints
100
AcDbPoint
 10
512.6666666666667
 20
342.0
 30
0.0
  0
POINT
  5
27A
330
26E
100
AcDbEntity
  8
Defpoints
100
AcDbPoint
 10
496.6666666666667
 20
342.0
 30
0.0
  0
POINT
  5
27B
330
26E
100
AcDbEntity
  8
Defpoints
100
AcDbPoint
 10
496.6666666666667
 20
559.3333333333334
 30
0.0
  0
ENDBLK
  5
270
330
26E
100
AcDbEntity
  8
0
100
AcDbBlockEnd
  0
BLOCK
  5
27E
330
27D
100
AcDbEntity
  8
0
100
AcDbBlockBegin
  2
*D13
 70
1
 10
0.0
 20
0.0
 30
0.0
  3
*D13
  1

  0
LINE
  5
280
330
27D
100
AcDbEntity
  8
0
100
AcDbLine
 10
336.0
 20
560.1333333333333
 30
0.0
 11
336.0
 21
568.3333333333334
 31
0.0
  0
LINE
  5
281
330
27D
100
AcDbEntity
  8
0
100
AcDbLine
 10
463.33333333333337
 20
560.1333333333333
 30
0.0
 11
463.33333333333337
 21
568.3333333333334
 31
0.0
  0
INSERT
  5
282
330
27D
100
AcDbEntity
  8
COTAS
100
AcDbBlockReference
  2
_ARCHTICK
 10
336.0
 20
567.3333333333334
 30
0.0
 41
1.8
 42
1.8
 50
180.0
  0
INSERT
  5
284
330
27D
100
AcDbEntity
  8
COTAS
100
AcDbBlockReference
  2
_ARCHTICK
 10
463.33333333333337
 20
567.3333333333334
 30
0.0
 41
1.8
 42
1.8
  0
LINE
  5
286
330
27D
100
AcDbEntity
  8
0
100
AcDbLine
 10
336.0
 20
567.3333333333334
 30
0.0
 11
463.33333333333337
 21
567.3333333333334
 31
0.0
  0
MTEXT
  5
287
330
27D
100
AcDbEntity
  8
COTAS
 62
3
100
AcDbMText
 10
399.6666666666667
 20
569.0333333333334
 30
0.0
 40
2.2
 71
5
  1
9.55
  7
OpenSansCondensed-Light
  0
POINT
  5
288
330
27D
100
AcDbEntity
  8
Defpoints
100
AcDbPoint
 10
336.0
 20
567.3333333333334
 30
0.0
  0
POINT
  5
289
330
27D
100
AcDbEntity
  8
Defpoints
100
AcDbPoint
 10
336.0
 20
559.3333333333334
 30
0.0
  0
POINT
  5
28A
330
27D
100
AcDbEntity
  8
Defpoints
100
AcDbPoint
 10
463.33333333333337
 20
559.3333333333334
 30
0.0
  0
ENDBLK
  5
27F
330
27D
100
AcDbEntity
  8
0
100
AcDbBlockEnd
  0
BLOCK
  5
28D
330
28C
100
AcDbEntity
  8
0
100
AcDbBlockBegin
  2
*D14
 70
1
 10
0.0
 20
0.0
 30
0.0
  3
*D14
  1

  0
LINE
  5
28F
330
28C
100
AcDbEntity
  8
0
100
AcDbLine
 10
335.2
 20
439.6
 30
0.0
 11
327.0
 21
439.6
 31
0.0
  0
LINE
  5
290
330
28C
100
AcDbEntity
  8
0
100
AcDbLine
 10
335.2
 20
559.3333333333334
 30
0.0
 11
327.0
 21
559.3333333333334
 31
0.0
  0
INSERT
  5
291
330
28C
100
AcDbEntity
  8
COTAS
100
AcDbBlockReference
  2
_ARCHTICK
 10
328.0
 20
439.6
 30
0.0
 41
1.8
 42
1.8
 50
270.0
  0
INSERT
  5
293
330
28C
100
AcDbEntity
  8
COTAS
100
AcDbBlockReference
  2
_ARCHTICK
 10
328.0
 20
559.3333333333334
 30
0.0
 41
1.8
 42
1.8
 50
90.0
  0
LINE
  5
295
330
28C
100
AcDbEntity
  8
0
100
AcDbLine
 10
328.0
 20
439.6
 30
0.0
 11
328.0
 21
559.3333333333334
 31
0.0
  0
MTEXT
  5
296
330
28C
100
AcDbEntity
  8
COTAS
 62
3
100
AcDbMText
 10
326.3
 20
499.4666666666667
 30
0.0
 40
2.2
 71
5
  1
8.98
  7
OpenSansCondensed-Light
 50
90.0
  0
POINT
  5
297
330
28C
100
AcDbEntity
  8
Defpoints
100
AcDbPoint
 10
328.0
 20
439.6
 30
0.0
  0
POINT
  5
298
330
28C
100
AcDbEntity
  8
Defpoints
100
AcDbPoint
 10
336.0
 20
439.6
 30
0.0
  0
POINT
  5
299
330
28C
100
AcDbEntity
  8
Defpoints
100
AcDbPoint
 10
336.0
 20
559.3333333333334
 30
0.0
  0
ENDBLK
  5
28E
330
28C
100
AcDbEntity
  8
0
100
AcDbBlockEnd
  0
BLOCK
  5
2F1
330
2F0
100
AcDbEntity
  8
0
100
AcDbBlockBegin
  2
*D15
 70
1
 10
0.0
 20
0.0
 30
0.0
  3
*D15
  1

  0
LINE
  5
2F3
330
2F0
100
AcDbEntity
  8
0
100
AcDbLine
 10
573.5333333333334
 20
329.99
 30
0.0
 11
565.3333333333334
 21
329.99
 31
0.0
  0
LINE
  5
2F4
330
2F0
100
AcDbEntity
  8
0
100
AcDbLine
 10
573.5333333333334
 20
337.99
 30
0.0
 11
565.3333333333334
 21
337.99
 31
0.0
  0
INSERT
  5
2F5
330
2F0
100
AcDbEntity
  8
COTAS
100
AcDbBlockReference
  2
_ARCHTICK
 10
566.3333333333334
 20
329.99
 30
0.0
 41
1.8
 42
1.8
 50
270.0
  0
INSERT
  5
2F7
330
2F0
100
AcDbEntity
  8
COTAS
100
AcDbBlockReference
  2
_ARCHTICK
 10
566.3333333333334
 20
337.99
 30
0.0
 41
1.8
 42
1.8
 50
90.0
  0
LINE
  5
2F9
330
2F0
100
AcDbEntity
  8
0
100
AcDbLine
 10
566.3333333333334
 20
329.99
 30
0.0
 11
566.3333333333334
 21
337.99
 31
0.0
  0
MTEXT
  5
2FA
330
2F0
100
AcDbEntity
  8
COTAS
 62
3
100
AcDbMText
 10
563.6333333333333
 20
333.99
 30
0.0
 40
2.2
 71
5
  1
0.60
  7
OpenSansCondensed-Light
 50
90.0
  0
POINT
  5
2FB
330
2F0
100
AcDbEntity
  8
Defpoints
100
AcDbPoint
 10
566.3333333333334
 20
329.99
 30
0.0
  0
POINT
  5
2FC
330
2F0
100
AcDbEntity
  8
Defpoints
100
AcDbPoint
 10
574.3333333333334
 20
329.99
 30
0.0
  0
POINT
  5
2FD
330
2F0
100
AcDbEntity
  8
Defpoints
100
AcDbPoint
 10
574.3333333333334
 20
337.99
 30
0.0
  0
ENDBLK
  5
2F2
330
2F0
100
AcDbEntity
  8
0
100
AcDbBlockEnd
  0
BLOCK
  5
300
330
2FF
100
AcDbEntity
  8
0
100
AcDbBlockBegin
  2
*D16
 70
1
 10
0.0
 20
0.0
 30
0.0
  3
*D16
  1

  0
LINE
  5
302
330
2FF
100
AcDbEntity
  8
0
100
AcDbLine
 10
573.5333333333334
 20
337.99
 30
0.0
 11
565.3333333333334
 21
337.99
 31
0.0
  0
LINE
  5
303
330
2FF
100
AcDbEntity
  8
0
100
AcDbLine
 10
573.5333333333334
 20
381.4566666666667
 30
0.0
 11
565.3333333333334
 21
381.4566666666667
 31
0.0
  0
INSERT
  5
304
330
2FF
100
AcDbEntity
  8
COTAS
100
AcDbBlockReference
  2
_ARCHTICK
 10
566.3333333333334
 20
337.99
 30
0.0
 41
1.8
 42
1.8
 50
270.0
  0
INSERT
  5
306
330
2FF
100
AcDbEntity
  8
COTAS
100
AcDbBlockReference
  2
_ARCHTICK
 10
566.3333333333334
 20
381.4566666666667
 30
0.0
 41
1.8
 42
1.8
 50
90.0
  0
LINE
  5
308
330
2FF
100
AcDbEntity
  8
0
100
AcDbLine
 10
566.3333333333334
 20
337.99
 30
0.0
 11
566.3333333333334
 21
381.4566666666667
 31
0.0
  0
MTEXT
  5
309
330
2FF
100
AcDbEntity
  8
COTAS
 62
3
100
AcDbMText
 10
564.6333333333333
 20
359.72333333333336
 30
0.0
 40
2.2
 71
5
  1
3.26
  7
OpenSansCondensed-Light
 50
90.0
  0
POINT
  5
30A
330
2FF
100
AcDbEntity
  8
Defpoints
100
AcDbPoint
 10
566.3333333333334
 20
337.99
 30
0.0
  0
POINT
  5
30B
330
2FF
100
AcDbEntity
  8
Defpoints
100
AcDbPoint
 10
574.3333333333334
 20
337.99
 30
0.0
  0
POINT
  5
30C
330
2FF
100
AcDbEntity
  8
Defpoints
100
AcDbPoint
 10
574.3333333333334
 20
381.4566666666667
 30
0.0
  0
ENDBLK
  5
301
330
2FF
100
AcDbEntity
  8
0
100
AcDbBlockEnd
  0
BLOCK
  5
30F
330
30E
100
AcDbEntity
  8
0
100
AcDbBlockBegin
  2
*D17
 70
1
 10
0.0
 20
0.0
 30
0.0
  3
*D17
  1

  0
LINE
  5
311
330
30E
100
AcDbEntity
  8
0
100
AcDbLine
 10
573.5333333333334
 20
381.4566666666667
 30
0.0
 11
565.3333333333334
 21
381.4566666666667
 31
0.0
  0
LINE
  5
312
330
30E
100
AcDbEntity
  8
0
100
AcDbLine
 10
573.5333333333334
 20
417.4566666666667
 30
0.0
 11
565.3333333333334
 21
417.4566666666667
 31
0.0
  0
INSERT
  5
313
330
30E
100
AcDbEntity
  8
COTAS
100
AcDbBlockReference
  2
_ARCHTICK
 10
566.3333333333334
 20
381.4566666666667
 30
0.0
 41
1.8
 42
1.8
 50
270.0
  0
INSERT
  5
315
330
30E
100
AcDbEntity
  8
COTAS
100
AcDbBlockReference
  2
_ARCHTICK
 10
566.3333333333334
 20
417.4566666666667
 30
0.0
 41
1.8
 42
1.8
 50
90.0
  0
LINE
  5
317
330
30E
100
AcDbEntity
  8
0
100
AcDbLine
 10
566.3333333333334
 20
381.4566666666667
 30
0.0
 11
566.3333333333334
 21
417.4566666666667
 31
0.0
  0
MTEXT
  5
318
330
30E
100
AcDbEntity
  8
COTAS
 62
3
100
AcDbMText
 10
564.6333333333333
 20
399.4566666666667
 30
0.0
 40
2.2
 71
5
  1
2.70
  7
OpenSansCondensed-Light
 50
90.0
  0
POINT
  5
319
330
30E
100
AcDbEntity
  8
Defpoints
100
AcDbPoint
 10
566.3333333333334
 20
381.4566666666667
 30
0.0
  0
POINT
  5
31A
330
30E
100
AcDbEntity
  8
Defpoints
100
AcDbPoint
 10
574.3333333333334
 20
381.4566666666667
 30
0.0
  0
POINT
  5
31B
330
30E
100
AcDbEntity
  8
Defpoints
100
AcDbPoint
 10
574.3333333333334
 20
417.4566666666667
 30
0.0
  0
ENDBLK
  5
310
330
30E
100
AcDbEntity
  8
0
100
AcDbBlockEnd
  0
BLOCK
  5
31E
330
31D
100
AcDbEntity
  8
0
100
AcDbBlockBegin
  2
*D18
 70
1
 10
0.0
 20
0.0
 30
0.0
  3
*D18
  1

  0
LINE
  5
320
330
31D
100
AcDbEntity
  8
0
100
AcDbLine
 10
573.5333333333334
 20
417.4566666666667
 30
0.0
 11
565.3333333333334
 21
417.4566666666667
 31
0.0
  0
LINE
  5
321
330
31D
100
AcDbEntity
  8
0
100
AcDbLine
 10
573.5333333333334
 20
424.12333333333333
 30
0.0
 11
565.3333333333334
 21
424.12333333333333
 31
0.0
  0
INSERT
  5
322
330
31D
100
AcDbEntity
  8
COTAS
100
AcDbBlockReference
  2
_ARCHTICK
 10
566.3333333333334
 20
417.4566666666667
 30
0.0
 41
1.8
 42
1.8
 50
270.0
  0
INSERT
  5
324
330
31D
100
AcDbEntity
  8
COTAS
100
AcDbBlockReference
  2
_ARCHTICK
 10
566.3333333333334
 20
424.12333333333333
 30
0.0
 41
1.8
 42
1.8
 50
90.0
  0
LINE
  5
326
330
31D
100
AcDbEntity
  8
0
100
AcDbLine
 10
566.3333333333334
 20
417.4566666666667
 30
0.0
 11
566.3333333333334
 21
424.12333333333333
 31
0.0
  0
MTEXT
  5
327
330
31D
100
AcDbEntity
  8
COTAS
 62
3
100
AcDbMText
 10
563.6333333333333
 20
420.79
 30
0.0
 40
2.2
 71
5
  1
0.50
  7
OpenSansCondensed-Light
 50
90.0
  0
POINT
  5
328
330
31D
100
AcDbEntity
  8
Defpoints
100
AcDbPoint
 10
566.3333333333334
 20
417.4566666666667
 30
0.0
  0
POINT
  5
329
330
31D
100
AcDbEntity
  8
Defpoints
100
AcDbPoint
 10
574.3333333333334
 20
417.4566666666667
 30
0.0
  0
POINT
  5
32A
330
31D
100
AcDbEntity
  8
Defpoints
100
AcDbPoint
 10
574.3333333333334
 20
424.12333333333333
 30
0.0
  0
ENDBLK
  5
31F
330
31D
100
AcDbEntity
  8
0
100
AcDbBlockEnd
  0
BLOCK
  5
32D
330
32C
100
AcDbEntity
  8
0
100
AcDbBlockBegin
  2
*D19
 70
1
 10
0.0
 20
0.0
 30
0.0
  3
*D19
  1

  0
LINE
  5
32F
330
32C
100
AcDbEntity
  8
0
100
AcDbLine
 10
573.5333333333334
 20
329.99
 30
0.0
 11
557.3333333333334
 21
329.99
 31
0.0
  0
LINE
  5
330
330
32C
100
AcDbEntity
  8
0
100
AcDbLine
 10
573.5333333333334
 20
424.12333333333333
 30
0.0
 11
557.3333333333334
 21
424.12333333333333
 31
0.0
  0
INSERT
  5
331
330
32C
100
AcDbEntity
  8
COTAS
100
AcDbBlockReference
  2
_ARCHTICK
 10
558.3333333333334
 20
329.99
 30
0.0
 41
1.8
 42
1.8
 50
270.0
  0
INSERT
  5
333
330
32C
100
AcDbEntity
  8
COTAS
100
AcDbBlockReference
  2
_ARCHTICK
 10
558.3333333333334
 20
424.12333333333333
 30
0.0
 41
1.8
 42
1.8
 50
90.0
  0
LINE
  5
335
330
32C
100
AcDbEntity
  8
0
100
AcDbLine
 10
558.3333333333334
 20
329.99
 30
0.0
 11
558.3333333333334
 21
424.12333333333333
 31
0.0
  0
MTEXT
  5
336
330
32C
100
AcDbEntity
  8
COTAS
 62
3
100
AcDbMText
 10
556.6333333333333
 20
377.0566666666667
 30
0.0
 40
2.2
 71
5
  1
7.06
  7
OpenSansCondensed-Light
 50
90.0
  0
POINT
  5
337
330
32C
100
AcDbEntity
  8
Defpoints
100
AcDbPoint
 10
558.3333333333334
 20
329.99
 30
0.0
  0
POINT
  5
338
330
32C
100
AcDbEntity
  8
Defpoints
100
AcDbPoint
 10
574.3333333333334
 20
329.99
 30
0.0
  0
POINT
  5
339
330
32C
100
AcDbEntity
  8
Defpoints
100
AcDbPoint
 10
574.3333333333334
 20
424.12333333333333
 30
0.0
  0
ENDBLK
  5
32E
330
32C
100
AcDbEntity
  8
0
100
AcDbBlockEnd
  0
BLOCK
  5
33C
330
33B
100
AcDbEntity
  8
0
100
AcDbBlockBegin
  2
*D20
 70
1
 10
0.0
 20
0.0
 30
0.0
  3
*D20
  1

  0
LINE
  5
33E
330
33B
100
AcDbEntity
  8
0
100
AcDbLine
 10
574.3333333333334
 20
329.19
 30
0.0
 11
574.3333333333334
 21
319.6566666666667
 31
0.0
  0
LINE
  5
33F
330
33B
100
AcDbEntity
  8
0
100
AcDbLine
 10
799.0
 20
329.19
 30
0.0
 11
799.0
 21
319.6566666666667
 31
0.0
  0
INSERT
  5
340
330
33B
100
AcDbEntity
  8
COTAS
100
AcDbBlockReference
  2
_ARCHTICK
 10
574.3333333333334
 20
320.6566666666667
 30
0.0
 41
1.8
 42
1.8
 50
180.0
  0
INSERT
  5
342
330
33B
100
AcDbEntity
  8
COTAS
100
AcDbBlockReference
  2
_ARCHTICK
 10
799.0
 20
320.6566666666667
 30
0.0
 41
1.8
 42
1.8
  0
LINE
  5
344
330
33B
100
AcDbEntity
  8
0
100
AcDbLine
 10
574.3333333333334
 20
320.6566666666667
 30
0.0
 11
799.0
 21
320.6566666666667
 31
0.0
  0
MTEXT
  5
345
330
33B
100
AcDbEntity
  8
COTAS
 62
3
100
AcDbMText
 10
686.6666666666667
 20
322.3566666666667
 30
0.0
 40
2.2
 71
5
  1
16.85
  7
OpenSansCondensed-Light
  0
POINT
  5
346
330
33B
100
AcDbEntity
  8
Defpoints
100
AcDbPoint
 10
574.3333333333334
 20
320.6566666666667
 30
0.0
  0
POINT
  5
347
330
33B
100
AcDbEntity
  8
Defpoints
100
AcDbPoint
 10
574.3333333333334
 20
329.99
 30
0.0
  0
POINT
  5
348
330
33B
100
AcDbEntity
  8
Defpoints
100
AcDbPoint
 10
799.0
 20
329.99
 30
0.0
  0
ENDBLK
  5
33D
330
33B
100
AcDbEntity
  8
0
100
AcDbBlockEnd
  0
BLOCK
  5
38D
330
38C
100
AcDbEntity
  8
0
100
AcDbBlockBegin
  2
*D21
 70
1
 10
0.0
 20
0.0
 30
0.0
  3
*D21
  1

  0
LINE
  5
38F
330
38C
100
AcDbEntity
  8
0
100
AcDbLine
 10
33.53333333333333
 20
43.99
 30
0.0
 11
25.33333333333333
 21
43.99
 31
0.0
  0
LINE
  5
390
330
38C
100
AcDbEntity
  8
0
100
AcDbLine
 10
33.53333333333333
 20
51.99
 30
0.0
 11
25.33333333333333
 21
51.99
 31
0.0
  0
INSERT
  5
391
330
38C
100
AcDbEntity
  8
COTAS
100
AcDbBlockReference
  2
_ARCHTICK
 10
26.33333333333333
 20
43.99
 30
0.0
 41
1.8
 42
1.8
 50
270.0
  0
INSERT
  5
393
330
38C
100
AcDbEntity
  8
COTAS
100
AcDbBlockReference
  2
_ARCHTICK
 10
26.33333333333333
 20
51.99
 30
0.0
 41
1.8
 42
1.8
 50
90.0
  0
LINE
  5
395
330
38C
100
AcDbEntity
  8
0
100
AcDbLine
 10
26.33333333333333
 20
43.99
 30
0.0
 11
26.33333333333333
 21
51.99
 31
0.0
  0
MTEXT
  5
396
330
38C
100
AcDbEntity
  8
COTAS
 62
3
100
AcDbMText
 10
23.63333333333333
 20
47.99
 30
0.0
 40
2.2
 71
5
  1
0.60
  7
OpenSansCondensed-Light
 50
90.0
  0
POINT
  5
397
330
38C
100
AcDbEntity
  8
Defpoints
100
AcDbPoint
 10
26.33333333333333
 20
43.99
 30
0.0
  0
POINT
  5
398
330
38C
100
AcDbEntity
  8
Defpoints
100
AcDbPoint
 10
34.33333333333333
 20
43.99
 30
0.0
  0
POINT
  5
399
330
38C
100
AcDbEntity
  8
Defpoints
100
AcDbPoint
 10
34.33333333333333
 20
51.99
 30
0.0
  0
ENDBLK
  5
38E
330
38C
100
AcDbEntity
  8
0
100
AcDbBlockEnd
  0
BLOCK
  5
39C
330
39B
100
AcDbEntity
  8
0
100
AcDbBlockBegin
  2
*D22
 70
1
 10
0.0
 20
0.0
 30
0.0
  3
*D22
  1

  0
LINE
  5
39E
330
39B
100
AcDbEntity
  8
0
100
AcDbLine
 10
33.53333333333333
 20
51.99
 30
0.0
 11
25.33333333333333
 21
51.99
 31
0.0
  0
LINE
  5
39F
330
39B
100
AcDbEntity
  8
0
100
AcDbLine
 10
33.53333333333333
 20
95.45666666666668
 30
0.0
 11
25.33333333333333
 21
95.45666666666668
 31
0.0
  0
INSERT
  5
3A0
330
39B
100
AcDbEntity
  8
COTAS
100
AcDbBlockReference
  2
_ARCHTICK
 10
26.33333333333333
 20
51.99
 30
0.0
 41
1.8
 42
1.8
 50
270.0
  0
INSERT
  5
3A2
330
39B
100
AcDbEntity
  8
COTAS
100
AcDbBlockReference
  2
_ARCHTICK
 10
26.33333333333333
 20
95.45666666666668
 30
0.0
 41
1.8
 42
1.8
 50
90.0
  0
LINE
  5
3A4
330
39B
100
AcDbEntity
  8
0
100
AcDbLine
 10
26.33333333333333
 20
51.99
 30
0.0
 11
26.33333333333333
 21
95.45666666666668
 31
0.0
  0
MTEXT
  5
3A5
330
39B
100
AcDbEntity
  8
COTAS
 62
3
100
AcDbMText
 10
24.63333333333333
 20
73.72333333333334
 30
0.0
 40
2.2
 71
5
  1
3.26
  7
OpenSansCondensed-Light
 50
90.0
  0
POINT
  5
3A6
330
39B
100
AcDbEntity
  8
Defpoints
100
AcDbPoint
 10
26.33333333333333
 20
51.99
 30
0.0
  0
POINT
  5
3A7
330
39B
100
AcDbEntity
  8
Defpoints
100
AcDbPoint
 10
34.33333333333333
 20
51.99
 30
0.0
  0
POINT
  5
3A8
330
39B
100
AcDbEntity
  8
Defpoints
100
AcDbPoint
 10
34.33333333333333
 20
95.45666666666668
 30
0.0
  0
ENDBLK
  5
39D
330
39B
100
AcDbEntity
  8
0
100
AcDbBlockEnd
  0
BLOCK
  5
3AB
330
3AA
100
AcDbEntity
  8
0
100
AcDbBlockBegin
  2
*D23
 70
1
 10
0.0
 20
0.0
 30
0.0
  3
*D23
  1

  0
LINE
  5
3AD
330
3AA
100
AcDbEntity
  8
0
100
AcDbLine
 10
33.53333333333333
 20
95.45666666666668
 30
0.0
 11
25.33333333333333
 21
95.45666666666668
 31
0.0
  0
LINE
  5
3AE
330
3AA
100
AcDbEntity
  8
0
100
AcDbLine
 10
33.53333333333333
 20
131.45666666666668
 30
0.0
 11
25.33333333333333
 21
131.45666666666668
 31
0.0
  0
INSERT
  5
3AF
330
3AA
100
AcDbEntity
  8
COTAS
100
AcDbBlockReference
  2
_ARCHTICK
 10
26.33333333333333
 20
95.45666666666668
 30
0.0
 41
1.8
 42
1.8
 50
270.0
  0
INSERT
  5
3B1
330
3AA
100
AcDbEntity
  8
COTAS
100
AcDbBlockReference
  2
_ARCHTICK
 10
26.33333333333333
 20
131.45666666666668
 30
0.0
 41
1.8
 42
1.8
 50
90.0
  0
LINE
  5
3B3
330
3AA
100
AcDbEntity
  8
0
100
AcDbLine
 10
26.33333333333333
 20
95.45666666666668
 30
0.0
 11
26.33333333333333
 21
131.45666666666668
 31
0.0
  0
MTEXT
  5
3B4
330
3AA
100
AcDbEntity
  8
COTAS
 62
3
100
AcDbMText
 10
24.63333333333333
 20
113.45666666666668
 30
0.0
 40
2.2
 71
5
  1
2.70
  7
OpenSansCondensed-Light
 50
90.0
  0
POINT
  5
3B5
330
3AA
100
AcDbEntity
  8
Defpoints
100
AcDbPoint
 10
26.33333333333333
 20
95.45666666666668
 30
0.0
  0
POINT
  5
3B6
330
3AA
100
AcDbEntity
  8
Defpoints
100
AcDbPoint
 10
34.33333333333333
 20
95.45666666666668
 30
0.0
  0
POINT
  5
3B7
330
3AA
100
AcDbEntity
  8
Defpoints
100
AcDbPoint
 10
34.33333333333333
 20
131.45666666666668
 30
0.0
  0
ENDBLK
  5
3AC
330
3AA
100
AcDbEntity
  8
0
100
AcDbBlockEnd
  0
BLOCK
  5
3BA
330
3B9
100
AcDbEntity
  8
0
100
AcDbBlockBegin
  2
*D24
 70
1
 10
0.0
 20
0.0
 30
0.0
  3
*D24
  1

  0
LINE
  5
3BC
330
3B9
100
AcDbEntity
  8
0
100
AcDbLine
 10
33.53333333333333
 20
131.45666666666668
 30
0.0
 11
25.33333333333333
 21
131.45666666666668
 31
0.0
  0
LINE
  5
3BD
330
3B9
100
AcDbEntity
  8
0
100
AcDbLine
 10
33.53333333333333
 20
138.12333333333333
 30
0.0
 11
25.33333333333333
 21
138.12333333333333
 31
0.0
  0
INSERT
  5
3BE
330
3B9
100
AcDbEntity
  8
COTAS
100
AcDbBlockReference
  2
_ARCHTICK
 10
26.33333333333333
 20
131.45666666666668
 30
0.0
 41
1.8
 42
1.8
 50
270.0
  0
INSERT
  5
3C0
330
3B9
100
AcDbEntity
  8
COTAS
100
AcDbBlockReference
  2
_ARCHTICK
 10
26.33333333333333
 20
138.12333333333333
 30
0.0
 41
1.8
 42
1.8
 50
90.0
  0
LINE
  5
3C2
330
3B9
100
AcDbEntity
  8
0
100
AcDbLine
 10
26.33333333333333
 20
131.45666666666668
 30
0.0
 11
26.33333333333333
 21
138.12333333333333
 31
0.0
  0
MTEXT
  5
3C3
330
3B9
100
AcDbEntity
  8
COTAS
 62
3
100
AcDbMText
 10
23.63333333333333
 20
134.79000000000002
 30
0.0
 40
2.2
 71
5
  1
0.50
  7
OpenSansCondensed-Light
 50
90.0
  0
POINT
  5
3C4
330
3B9
100
AcDbEntity
  8
Defpoints
100
AcDbPoint
 10
26.33333333333333
 20
131.45666666666668
 30
0.0
  0
POINT
  5
3C5
330
3B9
100
AcDbEntity
  8
Defpoints
100
AcDbPoint
 10
34.33333333333333
 20
131.45666666666668
 30
0.0
  0
POINT
  5
3C6
330
3B9
100
AcDbEntity
  8
Defpoints
100
AcDbPoint
 10
34.33333333333333
 20
138.12333333333333
 30
0.0
  0
ENDBLK
  5
3BB
330
3B9
100
AcDbEntity
  8
0
100
AcDbBlockEnd
  0
BLOCK
  5
3C9
330
3C8
100
AcDbEntity
  8
0
100
AcDbBlockBegin
  2
*D25
 70
1
 10
0.0
 20
0.0
 30
0.0
  3
*D25
  1

  0
LINE
  5
3CB
330
3C8
100
AcDbEntity
  8
0
100
AcDbLine
 10
33.53333333333333
 20
43.99
 30
0.0
 11
17.33333333333333
 21
43.99
 31
0.0
  0
LINE
  5
3CC
330
3C8
100
AcDbEntity
  8
0
100
AcDbLine
 10
33.53333333333333
 20
138.12333333333333
 30
0.0
 11
17.33333333333333
 21
138.12333333333333
 31
0.0
  0
INSERT
  5
3CD
330
3C8
100
AcDbEntity
  8
COTAS
100
AcDbBlockReference
  2
_ARCHTICK
 10
18.33333333333333
 20
43.99
 30
0.0
 41
1.8
 42
1.8
 50
270.0
  0
INSERT
  5
3CF
330
3C8
100
AcDbEntity
  8
COTAS
100
AcDbBlockReference
  2
_ARCHTICK
 10
18.33333333333333
 20
138.12333333333333
 30
0.0
 41
1.8
 42
1.8
 50
90.0
  0
LINE
  5
3D1
330
3C8
100
AcDbEntity
  8
0
100
AcDbLine
 10
18.33333333333333
 20
43.99
 30
0.0
 11
18.33333333333333
 21
138.12333333333333
 31
0.0
  0
MTEXT
  5
3D2
330
3C8
100
AcDbEntity
  8
COTAS
 62
3
100
AcDbMText
 10
16.63333333333333
 20
91.05666666666667
 30
0.0
 40
2.2
 71
5
  1
7.06
  7
OpenSansCondensed-Light
 50
90.0
  0
POINT
  5
3D3
330
3C8
100
AcDbEntity
  8
Defpoints
100
AcDbPoint
 10
18.33333333333333
 20
43.99
 30
0.0
  0
POINT
  5
3D4
330
3C8
100
AcDbEntity
  8
Defpoints
100
AcDbPoint
 10
34.33333333333333
 20
43.99
 30
0.0
  0
POINT
  5
3D5
330
3C8
100
AcDbEntity
  8
Defpoints
100
AcDbPoint
 10
34.33333333333333
 20
138.12333333333333
 30
0.0
  0
ENDBLK
  5
3CA
330
3C8
100
AcDbEntity
  8
0
100
AcDbBlockEnd
  0
BLOCK
  5
3D8
330
3D7
100
AcDbEntity
  8
0
100
AcDbBlockBegin
  2
*D26
 70
1
 10
0.0
 20
0.0
 30
0.0
  3
*D26
  1

  0
LINE
  5
3DA
330
3D7
100
AcDbEntity
  8
0
100
AcDbLine
 10
34.33333333333333
 20
43.190000000000005
 30
0.0
 11
34.33333333333333
 21
33.656666666666666
 31
0.0
  0
LINE
  5
3DB
330
3D7
100
AcDbEntity
  8
0
100
AcDbLine
 10
202.33333333333334
 20
43.190000000000005
 30
0.0
 11
202.33333333333334
 21
33.656666666666666
 31
0.0
  0
INSERT
  5
3DC
330
3D7
100
AcDbEntity
  8
COTAS
100
AcDbBlockReference
  2
_ARCHTICK
 10
34.33333333333333
 20
34.656666666666666
 30
0.0
 41
1.8
 42
1.8
 50
180.0
  0
INSERT
  5
3DE
330
3D7
100
AcDbEntity
  8
COTAS
100
AcDbBlockReference
  2
_ARCHTICK
 10
202.33333333333334
 20
34.656666666666666
 30
0.0
 41
1.8
 42
1.8
  0
LINE
  5
3E0
330
3D7
100
AcDbEntity
  8
0
100
AcDbLine
 10
34.33333333333333
 20
34.656666666666666
 30
0.0
 11
202.33333333333334
 21
34.656666666666666
 31
0.0
  0
MTEXT
  5
3E1
330
3D7
100
AcDbEntity
  8
COTAS
 62
3
100
AcDbMText
 10
118.33333333333333
 20
36.35666666666667
 30
0.0
 40
2.2
 71
5
  1
12.60
  7
OpenSansCondensed-Light
  0
POINT
  5
3E2
330
3D7
100
AcDbEntity
  8
Defpoints
100
AcDbPoint
 10
34.33333333333333
 20
34.656666666666666
 30
0.0
  0
POINT
  5
3E3
330
3D7
100
AcDbEntity
  8
Defpoints
100
AcDbPoint
 10
34.33333333333333
 20
43.99
 30
0.0
  0
POINT
  5
3E4
330
3D7
100
AcDbEntity
  8
Defpoints
100
AcDbPoint
 10
202.33333333333334
 20
43.99
 30
0.0
  0
ENDBLK
  5
3D9
330
3D7
100
AcDbEntity
  8
0
100
AcDbBlockEnd
  0
ENDSEC
  0
SECTION
  2
ENTITIES
  0
LWPOLYLINE
  5
B3
330
17
100
AcDbEntity
  8
MARCO
100
AcDbPolyline
 90
4
 70
1
 10
0.0
 20
0.0
 10
841.0
 20
0.0
 10
841.0
 20
594.0
 10
0.0
 20
594.0
  0
LWPOLYLINE
  5
B4
330
17
100
AcDbEntity
  8
MARCO
100
AcDbPolyline
 90
4
 70
1
 10
8.0
 20
8.0
 10
833.0
 20
8.0
 10
833.0
 20
586.0
 10
8.0
 20
586.0
  0
LWPOLYLINE
  5
B5
330
17
100
AcDbEntity
  8
MARCO
100
AcDbPolyline
 90
4
 70
1
 10
640.0
 20
14.0
 10
825.0
 20
14.0
 10
825.0
 20
100.0
 10
640.0
 20
100.0
  0
LINE
  5
B6
330
17
100
AcDbEntity
  8
TABLA
100
AcDbLine
 10
640.0
 20
32.0
 30
0.0
 11
825.0
 21
32.0
 31
0.0
  0
LINE
  5
B7
330
17
100
AcDbEntity
  8
TABLA
100
AcDbLine
 10
640.0
 20
50.0
 30
0.0
 11
825.0
 21
50.0
 31
0.0
  0
LINE
  5
B8
330
17
100
AcDbEntity
  8
TABLA
100
AcDbLine
 10
640.0
 20
68.0
 30
0.0
 11
825.0
 21
68.0
 31
0.0
  0
LINE
  5
B9
330
17
100
AcDbEntity
  8
TABLA
100
AcDbLine
 10
640.0
 20
84.0
 30
0.0
 11
825.0
 21
84.0
 31
0.0
  0
LINE
  5
BA
330
17
100
AcDbEntity
  8
TABLA
100
AcDbLine
 10
760.0
 20
14.0
 30
0.0
 11
760.0
 21
50.0
 31
0.0
  0
TEXT
  5
BB
330
17
100
AcDbEntity
  8
TEXTO
100
AcDbText
 10
643.0
 20
94.0
 30
0.0
 40
1.9
  1
BORRADOR - SIN VISADO. Propuesta de diseño y predimensionado; no sustituye proyecto visado.
100
AcDbText
  0
TEXT
  5
BC
330
17
100
AcDbEntity
  8
TEXTO
100
AcDbText
 10
643.0
 20
87.0
 30
0.0
 40
2.4
  1
VIVIENDA UNIFAMILIAR - Pol. 33, parc. 198, San Roque, Albox (Almería)
100
AcDbText
  0
TEXT
  5
BD
330
17
100
AcDbEntity
  8
TEXTO
100
AcDbText
 10
643.0
 20
71.0
 30
0.0
 40
3.0
  1
DISTRIBUCIÓN PROPUESTA - PLANTAS Y SECCIONES
100
AcDbText
  0
TEXT
  5
BE
330
17
100
AcDbEntity
  8
TEXTO
100
AcDbText
 10
643.0
 20
54.0
 30
0.0
 40
2.6
  1
Plano: DISTRIBUCIÓN, SECCIONES
100
AcDbText
  0
TEXT
  5
BF
330
17
100
AcDbEntity
  8
TEXTO
100
AcDbText
 10
763.0
 20
54.0
 30
0.0
 40
2.6
  1
Hoja: 01 / 02
100
AcDbText
  0
TEXT
  5
C0
330
17
100
AcDbEntity
  8
TEXTO
100
AcDbText
 10
643.0
 20
36.0
 30
0.0
 40
2.6
  1
Escala: 1/75 (A1)
100
AcDbText
  0
TEXT
  5
C1
330
17
100
AcDbEntity
  8
TEXTO
100
AcDbText
 10
763.0
 20
36.0
 30
0.0
 40
2.6
  1
Fecha: 29/09/2026
100
AcDbText
  0
TEXT
  5
C2
330
17
100
AcDbEntity
  8
TEXTO
100
AcDbText
 10
643.0
 20
18.0
 30
0.0
 40
2.2
  1
Unidades: mm (papel); cotas en m
100
AcDbText
  0
TEXT
  5
C3
330
17
100
AcDbEntity
  8
TEXTO
100
AcDbText
 10
763.0
 20
18.0
 30
0.0
 40
2.6
  1
Rev.: R02
100
AcDbText
  0
LWPOLYLINE
  5
C4
330
17
100
AcDbEntity
  8
muros_PB
100
AcDbPolyline
 90
14
 70
1
 10
104.26666666666668
 20
439.6
 10
108.0
 20
342.0
 10
115.33333333333334
 20
342.0
 10
115.33333333333334
 20
349.33333333333337
 10
115.05818629980348
 20
349.33333333333337
 10
111.60536298468509
 20
439.6
 10
112.0
 20
439.6
 10
112.0
 20
446.93333333333334
 10
73.33333333333333
 20
446.93333333333334
 10
73.33333333333333
 20
552.0
 10
79.33333333333333
 20
552.0
 10
79.33333333333333
 20
559.3333333333334
 10
66.0
 20
559.3333333333334
 10
66.0
 20
439.6
  0
HATCH
  5
C5
330
17
100
AcDbEntity
  8
RAYADO_MURO
 62
7
100
AcDbHatch
 10
0.0
 20
0.0
 30
0.0
210
0.0
220
0.0
230
1.0
  2
ANSI31
 70
0
 71
0
 91
1
 92
3
 72
0
 73
1
 93
14
 10
104.26666666666668
 20
439.6
 10
108.0
 20
342.0
 10
115.33333333333334
 20
342.0
 10
115.33333333333334
 20
349.33333333333337
 10
115.05818629980348
 20
349.33333333333337
 10
111.60536298468509
 20
439.6
 10
112.0
 20
439.6
 10
112.0
 20
446.93333333333334
 10
73.33333333333333
 20
446.93333333333334
 10
73.33333333333333
 20
552.0
 10
79.33333333333333
 20
552.0
 10
79.33333333333333
 20
559.3333333333334
 10
66.0
 20
559.3333333333334
 10
66.0
 20
439.6
 97
0
 75
1
 76
1
 52
45.0
 41
0.6
 77
0
 78
1
 53
90.0
 43
0.0
 44
0.0
 45
-1.905
 46
0.0
 79
0
 98
0
  0
LWPOLYLINE
  5
C6
330
17
100
AcDbEntity
  8
muros_PB
100
AcDbPolyline
 90
4
 70
1
 10
164.0
 20
349.33333333333337
 10
164.0
 20
342.0
 10
166.66666666666669
 20
342.0
 10
166.66666666666669
 20
349.33333333333337
  0
HATCH
  5
C7
330
17
100
AcDbEntity
  8
RAYADO_MURO
 62
7
100
AcDbHatch
 10
0.0
 20
0.0
 30
0.0
210
0.0
220
0.0
230
1.0
  2
ANSI31
 70
0
 71
0
 91
1
 92
3
 72
0
 73
1
 93
4
 10
164.0
 20
349.33333333333337
 10
164.0
 20
342.0
 10
166.66666666666669
 20
342.0
 10
166.66666666666669
 20
349.33333333333337
 97
0
 75
1
 76
1
 52
45.0
 41
0.6
 77
0
 78
1
 53
90.0
 43
0.0
 44
0.0
 45
-1.905
 46
0.0
 79
0
 98
0
  0
LWPOLYLINE
  5
C8
330
17
100
AcDbEntity
  8
muros_PB
100
AcDbPolyline
 90
14
 70
1
 10
185.33333333333331
 20
349.33333333333337
 10
185.33333333333331
 20
342.0
 10
193.33333333333334
 20
342.0
 10
193.33333333333334
 20
452.6666666666667
 10
226.66666666666669
 20
452.6666666666667
 10
226.66666666666669
 20
499.33333333333337
 10
193.33333333333334
 20
499.33333333333337
 10
193.33333333333334
 20
515.3333333333334
 10
186.0
 20
515.3333333333334
 10
186.0
 20
492.0
 10
219.33333333333334
 20
492.0
 10
219.33333333333334
 20
460.0
 10
186.0
 20
460.0
 10
186.0
 20
349.3333333333333
  0
HATCH
  5
C9
330
17
100
AcDbEntity
  8
RAYADO_MURO
 62
7
100
AcDbHatch
 10
0.0
 20
0.0
 30
0.0
210
0.0
220
0.0
230
1.0
  2
ANSI31
 70
0
 71
0
 91
1
 92
3
 72
0
 73
1
 93
14
 10
185.33333333333331
 20
349.33333333333337
 10
185.33333333333331
 20
342.0
 10
193.33333333333334
 20
342.0
 10
193.33333333333334
 20
452.6666666666667
 10
226.66666666666669
 20
452.6666666666667
 10
226.66666666666669
 20
499.33333333333337
 10
193.33333333333334
 20
499.33333333333337
 10
193.33333333333334
 20
515.3333333333334
 10
186.0
 20
515.3333333333334
 10
186.0
 20
492.0
 10
219.33333333333334
 20
492.0
 10
219.33333333333334
 20
460.0
 10
186.0
 20
460.0
 10
186.0
 20
349.3333333333333
 97
0
 75
1
 76
1
 52
45.0
 41
0.6
 77
0
 78
1
 53
90.0
 43
0.0
 44
0.0
 45
-1.905
 46
0.0
 79
0
 98
0
  0
LWPOLYLINE
  5
CA
330
17
100
AcDbEntity
  8
muros_PB
100
AcDbPolyline
 90
6
 70
1
 10
193.33333333333334
 20
536.6666666666666
 10
193.33333333333334
 20
559.3333333333334
 10
179.33333333333334
 20
559.3333333333334
 10
179.33333333333334
 20
552.0
 10
186.0
 20
552.0
 10
186.0
 20
536.6666666666666
  0
HATCH
  5
CB
330
17
100
AcDbEntity
  8
RAYADO_MURO
 62
7
100
AcDbHatch
 10
0.0
 20
0.0
 30
0.0
210
0.0
220
0.0
230
1.0
  2
ANSI31
 70
0
 71
0
 91
1
 92
3
 72
0
 73
1
 93
6
 10
193.33333333333334
 20
536.6666666666666
 10
193.33333333333334
 20
559.3333333333334
 10
179.33333333333334
 20
559.3333333333334
 10
179.33333333333334
 20
552.0
 10
186.0
 20
552.0
 10
186.0
 20
536.6666666666666
 97
0
 75
1
 76
1
 52
45.0
 41
0.6
 77
0
 78
1
 53
90.0
 43
0.0
 44
0.0
 45
-1.905
 46
0.0
 79
0
 98
0
  0
LWPOLYLINE
  5
CC
330
17
100
AcDbEntity
  8
muros_PB
100
AcDbPolyline
 90
4
 70
1
 10
166.0
 20
559.3333333333334
 10
166.0
 20
552.0
 10
156.0
 20
552.0
 10
156.0
 20
559.3333333333334
  0
HATCH
  5
CD
330
17
100
AcDbEntity
  8
RAYADO_MURO
 62
7
100
AcDbHatch
 10
0.0
 20
0.0
 30
0.0
210
0.0
220
0.0
230
1.0
  2
ANSI31
 70
0
 71
0
 91
1
 92
3
 72
0
 73
1
 93
4
 10
166.0
 20
559.3333333333334
 10
166.0
 20
552.0
 10
156.0
 20
552.0
 10
156.0
 20
559.3333333333334
 97
0
 75
1
 76
1
 52
45.0
 41
0.6
 77
0
 78
1
 53
90.0
 43
0.0
 44
0.0
 45
-1.905
 46
0.0
 79
0
 98
0
  0
LWPOLYLINE
  5
CE
330
17
100
AcDbEntity
  8
muros_PB
100
AcDbPolyline
 90
4
 70
1
 10
140.0
 20
559.3333333333334
 10
140.0
 20
552.0
 10
122.0
 20
552.0
 10
122.0
 20
559.3333333333334
  0
HATCH
  5
CF
330
17
100
AcDbEntity
  8
RAYADO_MURO
 62
7
100
AcDbHatch
 10
0.0
 20
0.0
 30
0.0
210
0.0
220
0.0
230
1.0
  2
ANSI31
 70
0
 71
0
 91
1
 92
3
 72
0
 73
1
 93
4
 10
140.0
 20
559.3333333333334
 10
140.0
 20
552.0
 10
122.0
 20
552.0
 10
122.0
 20
559.3333333333334
 97
0
 75
1
 76
1
 52
45.0
 41
0.6
 77
0
 78
1
 53
90.0
 43
0.0
 44
0.0
 45
-1.905
 46
0.0
 79
0
 98
0
  0
LWPOLYLINE
  5
D0
330
17
100
AcDbEntity
  8
muros_PB
100
AcDbPolyline
 90
4
 70
1
 10
106.0
 20
559.3333333333334
 10
106.0
 20
552.0
 10
95.33333333333334
 20
552.0
 10
95.33333333333334
 20
559.3333333333334
  0
HATCH
  5
D1
330
17
100
AcDbEntity
  8
RAYADO_MURO
 62
7
100
AcDbHatch
 10
0.0
 20
0.0
 30
0.0
210
0.0
220
0.0
230
1.0
  2
ANSI31
 70
0
 71
0
 91
1
 92
3
 72
0
 73
1
 93
4
 10
106.0
 20
559.3333333333334
 10
106.0
 20
552.0
 10
95.33333333333334
 20
552.0
 10
95.33333333333334
 20
559.3333333333334
 97
0
 75
1
 76
1
 52
45.0
 41
0.6
 77
0
 78
1
 53
90.0
 43
0.0
 44
0.0
 45
-1.905
 46
0.0
 79
0
 98
0
  0
LWPOLYLINE
  5
D2
330
17
100
AcDbEntity
  8
tabiques_PB
100
AcDbPolyline
 90
4
 70
1
 10
73.33333333333333
 20
500.0
 10
86.0
 20
500.0
 10
86.0
 20
498.6666666666667
 10
73.33333333333333
 20
498.6666666666667
  0
HATCH
  5
D3
330
17
100
AcDbEntity
  8
RAYADO_OTROS
 62
7
100
AcDbHatch
 10
0.0
 20
0.0
 30
0.0
210
0.0
220
0.0
230
1.0
  2
SOLID
 70
1
 71
0
 91
1
 92
3
 72
0
 73
1
 93
4
 10
73.33333333333333
 20
500.0
 10
86.0
 20
500.0
 10
86.0
 20
498.6666666666667
 10
73.33333333333333
 20
498.6666666666667
 97
0
 75
1
 76
1
 98
0
  0
LWPOLYLINE
  5
D4
330
17
100
AcDbEntity
  8
tabiques_PB
100
AcDbPolyline
 90
12
 70
1
 10
96.66666666666666
 20
500.0
 10
96.66666666666666
 20
498.6666666666667
 10
110.66666666666666
 20
498.6666666666667
 10
110.66666666666667
 20
490.0
 10
112.0
 20
490.0
 10
112.0
 20
498.6666666666667
 10
136.66666666666669
 20
498.6666666666667
 10
136.66666666666669
 20
500.0
 10
133.33333333333334
 20
500.0
 10
133.33333333333331
 20
552.0
 10
132.0
 20
552.0
 10
132.0
 20
500.0
  0
HATCH
  5
D5
330
17
100
AcDbEntity
  8
RAYADO_OTROS
 62
7
100
AcDbHatch
 10
0.0
 20
0.0
 30
0.0
210
0.0
220
0.0
230
1.0
  2
SOLID
 70
1
 71
0
 91
1
 92
3
 72
0
 73
1
 93
12
 10
96.66666666666666
 20
500.0
 10
96.66666666666666
 20
498.6666666666667
 10
110.66666666666666
 20
498.6666666666667
 10
110.66666666666667
 20
490.0
 10
112.0
 20
490.0
 10
112.0
 20
498.6666666666667
 10
136.66666666666669
 20
498.6666666666667
 10
136.66666666666669
 20
500.0
 10
133.33333333333334
 20
500.0
 10
133.33333333333331
 20
552.0
 10
132.0
 20
552.0
 10
132.0
 20
500.0
 97
0
 75
1
 76
1
 98
0
  0
LWPOLYLINE
  5
D6
330
17
100
AcDbEntity
  8
tabiques_PB
100
AcDbPolyline
 90
12
 70
1
 10
110.66666666666667
 20
478.0
 10
112.0
 20
478.0
 10
112.0
 20
470.6666666666667
 10
140.0
 20
470.6666666666667
 10
140.0
 20
469.33333333333337
 10
112.0
 20
469.33333333333337
 10
112.0
 20
446.93333333333334
 10
110.66666666666667
 20
446.93333333333334
 10
110.66666666666667
 20
466.6666666666667
 10
96.66666666666666
 20
466.6666666666667
 10
96.66666666666666
 20
468.0
 10
110.66666666666666
 20
468.0
  0
HATCH
  5
D7
330
17
100
AcDbEntity
  8
RAYADO_OTROS
 62
7
100
AcDbHatch
 10
0.0
 20
0.0
 30
0.0
210
0.0
220
0.0
230
1.0
  2
SOLID
 70
1
 71
0
 91
1
 92
3
 72
0
 73
1
 93
12
 10
110.66666666666667
 20
478.0
 10
112.0
 20
478.0
 10
112.0
 20
470.6666666666667
 10
140.0
 20
470.6666666666667
 10
140.0
 20
469.33333333333337
 10
112.0
 20
469.33333333333337
 10
112.0
 20
446.93333333333334
 10
110.66666666666667
 20
446.93333333333334
 10
110.66666666666667
 20
466.6666666666667
 10
96.66666666666666
 20
466.6666666666667
 10
96.66666666666666
 20
468.0
 10
110.66666666666666
 20
468.0
 97
0
 75
1
 76
1
 98
0
  0
LWPOLYLINE
  5
D8
330
17
100
AcDbEntity
  8
tabiques_PB
100
AcDbPolyline
 90
4
 70
1
 10
73.33333333333333
 20
468.0
 10
86.0
 20
468.0
 10
86.0
 20
466.6666666666667
 10
73.33333333333333
 20
466.6666666666667
  0
HATCH
  5
D9
330
17
100
AcDbEntity
  8
RAYADO_OTROS
 62
7
100
AcDbHatch
 10
0.0
 20
0.0
 30
0.0
210
0.0
220
0.0
230
1.0
  2
SOLID
 70
1
 71
0
 91
1
 92
3
 72
0
 73
1
 93
4
 10
73.33333333333333
 20
468.0
 10
86.0
 20
468.0
 10
86.0
 20
466.6666666666667
 10
73.33333333333333
 20
466.6666666666667
 97
0
 75
1
 76
1
 98
0
  0
LWPOLYLINE
  5
DA
330
17
100
AcDbEntity
  8
tabiques_PB
100
AcDbPolyline
 90
8
 70
1
 10
160.66666666666669
 20
500.0
 10
160.66666666666669
 20
498.6666666666667
 10
161.33333333333337
 20
498.6666666666667
 10
161.33333333333334
 20
461.3333333333333
 10
162.66666666666669
 20
461.3333333333333
 10
162.66666666666669
 20
498.6666666666667
 10
186.0
 20
498.6666666666667
 10
186.0
 20
500.0
  0
HATCH
  5
DB
330
17
100
AcDbEntity
  8
RAYADO_OTROS
 62
7
100
AcDbHatch
 10
0.0
 20
0.0
 30
0.0
210
0.0
220
0.0
230
1.0
  2
SOLID
 70
1
 71
0
 91
1
 92
3
 72
0
 73
1
 93
8
 10
160.66666666666669
 20
500.0
 10
160.66666666666669
 20
498.6666666666667
 10
161.33333333333337
 20
498.6666666666667
 10
161.33333333333334
 20
461.3333333333333
 10
162.66666666666669
 20
461.3333333333333
 10
162.66666666666669
 20
498.6666666666667
 10
186.0
 20
498.6666666666667
 10
186.0
 20
500.0
 97
0
 75
1
 76
1
 98
0
  0
LWPOLYLINE
  5
DC
330
17
100
AcDbEntity
  8
tabiques_PB
100
AcDbPolyline
 90
4
 70
1
 10
186.0
 20
492.0
 10
187.33333333333331
 20
492.0
 10
187.33333333333331
 20
475.33333333333337
 10
186.0
 20
475.33333333333337
  0
HATCH
  5
DD
330
17
100
AcDbEntity
  8
RAYADO_OTROS
 62
7
100
AcDbHatch
 10
0.0
 20
0.0
 30
0.0
210
0.0
220
0.0
230
1.0
  2
SOLID
 70
1
 71
0
 91
1
 92
3
 72
0
 73
1
 93
4
 10
186.0
 20
492.0
 10
187.33333333333331
 20
492.0
 10
187.33333333333331
 20
475.33333333333337
 10
186.0
 20
475.33333333333337
 97
0
 75
1
 76
1
 98
0
  0
LWPOLYLINE
  5
DE
330
17
100
AcDbEntity
  8
tabiques_PB
100
AcDbPolyline
 90
4
 70
1
 10
186.0
 20
464.66666666666663
 10
187.33333333333331
 20
464.66666666666663
 10
187.33333333333331
 20
460.0
 10
186.0
 20
460.0
  0
HATCH
  5
DF
330
17
100
AcDbEntity
  8
RAYADO_OTROS
 62
7
100
AcDbHatch
 10
0.0
 20
0.0
 30
0.0
210
0.0
220
0.0
230
1.0
  2
SOLID
 70
1
 71
0
 91
1
 92
3
 72
0
 73
1
 93
4
 10
186.0
 20
464.66666666666663
 10
187.33333333333331
 20
464.66666666666663
 10
187.33333333333331
 20
460.0
 10
186.0
 20
460.0
 97
0
 75
1
 76
1
 98
0
  0
LWPOLYLINE
  5
E0
330
17
100
AcDbEntity
  8
murete_pasillo
100
AcDbPolyline
 90
4
 70
1
 10
165.33333333333334
 20
439.6
 10
166.66666666666669
 20
439.6
 10
166.66666666666669
 20
349.3333333333333
 10
165.33333333333334
 20
349.3333333333333
  0
HATCH
  5
E1
330
17
100
AcDbEntity
  8
RAYADO_OTROS
 62
7
100
AcDbHatch
 10
0.0
 20
0.0
 30
0.0
210
0.0
220
0.0
230
1.0
  2
SOLID
 70
1
 71
0
 91
1
 92
3
 72
0
 73
1
 93
4
 10
165.33333333333334
 20
439.6
 10
166.66666666666669
 20
439.6
 10
166.66666666666669
 20
349.3333333333333
 10
165.33333333333334
 20
349.3333333333333
 97
0
 75
1
 76
1
 98
0
  0
LWPOLYLINE
  5
E2
330
17
100
AcDbEntity
  8
escalera
100
AcDbPolyline
 90
8
 70
1
 10
174.0
 20
486.93333333333334
 10
174.66666666666669
 20
486.93333333333334
 10
174.66666666666669
 20
474.1333333333333
 10
186.0
 20
474.1333333333333
 10
186.0
 20
498.6666666666667
 10
162.66666666666669
 20
498.6666666666667
 10
162.66666666666669
 20
461.3333333333333
 10
174.0
 20
461.3333333333333
  0
LWPOLYLINE
  5
E3
330
17
100
AcDbEntity
  8
chimenea
100
AcDbPolyline
 90
4
 70
1
 10
112.66666666666667
 20
469.33333333333337
 10
128.0
 20
469.33333333333337
 10
128.0
 20
458.6666666666667
 10
112.66666666666667
 20
458.6666666666667
  0
LWPOLYLINE
  5
E4
330
17
100
AcDbEntity
  8
acero_pilares
100
AcDbPolyline
 90
12
 70
1
 10
106.53333333333333
 20
442.5333333333333
 10
106.53333333333333
 20
444.1333333333333
 10
106.68
 20
444.1333333333333
 10
106.68
 20
443.37666666666667
 10
107.98666666666668
 20
443.37666666666667
 10
107.98666666666668
 20
444.1333333333333
 10
108.13333333333334
 20
444.1333333333333
 10
108.13333333333334
 20
442.5333333333333
 10
107.98666666666668
 20
442.5333333333333
 10
107.98666666666668
 20
443.29
 10
106.68
 20
443.28999999999996
 10
106.68
 20
442.5333333333333
  0
HATCH
  5
E5
330
17
100
AcDbEntity
  8
RAYADO_FORJADO
 62
5
100
AcDbHatch
 10
0.0
 20
0.0
 30
0.0
210
0.0
220
0.0
230
1.0
  2
SOLID
 70
1
 71
0
 91
1
 92
3
 72
0
 73
1
 93
12
 10
106.53333333333333
 20
442.5333333333333
 10
106.53333333333333
 20
444.1333333333333
 10
106.68
 20
444.1333333333333
 10
106.68
 20
443.37666666666667
 10
107.98666666666668
 20
443.37666666666667
 10
107.98666666666668
 20
444.1333333333333
 10
108.13333333333334
 20
444.1333333333333
 10
108.13333333333334
 20
442.5333333333333
 10
107.98666666666668
 20
442.5333333333333
 10
107.98666666666668
 20
443.29
 10
106.68
 20
443.28999999999996
 10
106.68
 20
442.5333333333333
 97
0
 75
1
 76
1
 98
0
  0
LWPOLYLINE
  5
E6
330
17
100
AcDbEntity
  8
acero_pilares
100
AcDbPolyline
 90
12
 70
1
 10
106.53333333333333
 20
498.5333333333333
 10
106.53333333333333
 20
500.1333333333333
 10
106.68
 20
500.1333333333333
 10
106.68
 20
499.37666666666667
 10
107.98666666666668
 20
499.37666666666667
 10
107.98666666666668
 20
500.1333333333333
 10
108.13333333333334
 20
500.1333333333333
 10
108.13333333333334
 20
498.5333333333333
 10
107.98666666666668
 20
498.5333333333333
 10
107.98666666666668
 20
499.29
 10
106.68
 20
499.29
 10
106.68
 20
498.5333333333333
  0
HATCH
  5
E7
330
17
100
AcDbEntity
  8
RAYADO_FORJADO
 62
5
100
AcDbHatch
 10
0.0
 20
0.0
 30
0.0
210
0.0
220
0.0
230
1.0
  2
SOLID
 70
1
 71
0
 91
1
 92
3
 72
0
 73
1
 93
12
 10
106.53333333333333
 20
498.5333333333333
 10
106.53333333333333
 20
500.1333333333333
 10
106.68
 20
500.1333333333333
 10
106.68
 20
499.37666666666667
 10
107.98666666666668
 20
499.37666666666667
 10
107.98666666666668
 20
500.1333333333333
 10
108.13333333333334
 20
500.1333333333333
 10
108.13333333333334
 20
498.5333333333333
 10
107.98666666666668
 20
498.5333333333333
 10
107.98666666666668
 20
499.29
 10
106.68
 20
499.29
 10
106.68
 20
498.5333333333333
 97
0
 75
1
 76
1
 98
0
  0
LWPOLYLINE
  5
E8
330
17
100
AcDbEntity
  8
acero_pilares
100
AcDbPolyline
 90
12
 70
1
 10
135.86666666666667
 20
442.5333333333333
 10
135.86666666666667
 20
444.1333333333333
 10
136.01333333333332
 20
444.1333333333333
 10
136.01333333333332
 20
443.37666666666667
 10
137.32
 20
443.37666666666667
 10
137.32
 20
444.1333333333333
 10
137.46666666666667
 20
444.1333333333333
 10
137.46666666666667
 20
442.5333333333333
 10
137.32
 20
442.5333333333333
 10
137.32
 20
443.29
 10
136.01333333333332
 20
443.28999999999996
 10
136.01333333333332
 20
442.5333333333333
  0
HATCH
  5
E9
330
17
100
AcDbEntity
  8
RAYADO_FORJADO
 62
5
100
AcDbHatch
 10
0.0
 20
0.0
 30
0.0
210
0.0
220
0.0
230
1.0
  2
SOLID
 70
1
 71
0
 91
1
 92
3
 72
0
 73
1
 93
12
 10
135.86666666666667
 20
442.5333333333333
 10
135.86666666666667
 20
444.1333333333333
 10
136.01333333333332
 20
444.1333333333333
 10
136.01333333333332
 20
443.37666666666667
 10
137.32
 20
443.37666666666667
 10
137.32
 20
444.1333333333333
 10
137.46666666666667
 20
444.1333333333333
 10
137.46666666666667
 20
442.5333333333333
 10
137.32
 20
442.5333333333333
 10
137.32
 20
443.29
 10
136.01333333333332
 20
443.28999999999996
 10
136.01333333333332
 20
442.5333333333333
 97
0
 75
1
 76
1
 98
0
  0
LWPOLYLINE
  5
EA
330
17
100
AcDbEntity
  8
acero_pilares
100
AcDbPolyline
 90
12
 70
1
 10
135.86666666666667
 20
498.5333333333333
 10
135.86666666666667
 20
500.1333333333333
 10
136.01333333333332
 20
500.1333333333333
 10
136.01333333333332
 20
499.37666666666667
 10
137.32
 20
499.37666666666667
 10
137.32
 20
500.1333333333333
 10
137.46666666666667
 20
500.1333333333333
 10
137.46666666666667
 20
498.5333333333333
 10
137.32
 20
498.5333333333333
 10
137.32
 20
499.29
 10
136.01333333333332
 20
499.29
 10
136.01333333333332
 20
498.5333333333333
  0
HATCH
  5
EB
330
17
100
AcDbEntity
  8
RAYADO_FORJADO
 62
5
100
AcDbHatch
 10
0.0
 20
0.0
 30
0.0
210
0.0
220
0.0
230
1.0
  2
SOLID
 70
1
 71
0
 91
1
 92
3
 72
0
 73
1
 93
12
 10
135.86666666666667
 20
498.5333333333333
 10
135.86666666666667
 20
500.1333333333333
 10
136.01333333333332
 20
500.1333333333333
 10
136.01333333333332
 20
499.37666666666667
 10
137.32
 20
499.37666666666667
 10
137.32
 20
500.1333333333333
 10
137.46666666666667
 20
500.1333333333333
 10
137.46666666666667
 20
498.5333333333333
 10
137.32
 20
498.5333333333333
 10
137.32
 20
499.29
 10
136.01333333333332
 20
499.29
 10
136.01333333333332
 20
498.5333333333333
 97
0
 75
1
 76
1
 98
0
  0
LWPOLYLINE
  5
EC
330
17
100
AcDbEntity
  8
acero_pilares
100
AcDbPolyline
 90
12
 70
1
 10
161.20000000000002
 20
442.5333333333333
 10
161.20000000000002
 20
444.1333333333333
 10
161.3466666666667
 20
444.1333333333333
 10
161.34666666666666
 20
443.37666666666667
 10
162.65333333333336
 20
443.37666666666667
 10
162.65333333333336
 20
444.1333333333333
 10
162.8
 20
444.1333333333333
 10
162.8
 20
442.5333333333333
 10
162.65333333333334
 20
442.5333333333333
 10
162.65333333333336
 20
443.29
 10
161.34666666666666
 20
443.28999999999996
 10
161.34666666666666
 20
442.5333333333333
  0
HATCH
  5
ED
330
17
100
AcDbEntity
  8
RAYADO_FORJADO
 62
5
100
AcDbHatch
 10
0.0
 20
0.0
 30
0.0
210
0.0
220
0.0
230
1.0
  2
SOLID
 70
1
 71
0
 91
1
 92
3
 72
0
 73
1
 93
12
 10
161.20000000000002
 20
442.5333333333333
 10
161.20000000000002
 20
444.1333333333333
 10
161.3466666666667
 20
444.1333333333333
 10
161.34666666666666
 20
443.37666666666667
 10
162.65333333333336
 20
443.37666666666667
 10
162.65333333333336
 20
444.1333333333333
 10
162.8
 20
444.1333333333333
 10
162.8
 20
442.5333333333333
 10
162.65333333333334
 20
442.5333333333333
 10
162.65333333333336
 20
443.29
 10
161.34666666666666
 20
443.28999999999996
 10
161.34666666666666
 20
442.5333333333333
 97
0
 75
1
 76
1
 98
0
  0
LWPOLYLINE
  5
EE
330
17
100
AcDbEntity
  8
acero_pilares
100
AcDbPolyline
 90
12
 70
1
 10
161.20000000000002
 20
498.5333333333333
 10
161.20000000000002
 20
500.1333333333333
 10
161.3466666666667
 20
500.1333333333333
 10
161.34666666666666
 20
499.37666666666667
 10
162.65333333333336
 20
499.37666666666667
 10
162.65333333333336
 20
500.1333333333333
 10
162.8
 20
500.1333333333333
 10
162.8
 20
498.5333333333333
 10
162.65333333333334
 20
498.5333333333333
 10
162.65333333333336
 20
499.29
 10
161.34666666666666
 20
499.29
 10
161.34666666666666
 20
498.5333333333333
  0
HATCH
  5
EF
330
17
100
AcDbEntity
  8
RAYADO_FORJADO
 62
5
100
AcDbHatch
 10
0.0
 20
0.0
 30
0.0
210
0.0
220
0.0
230
1.0
  2
SOLID
 70
1
 71
0
 91
1
 92
3
 72
0
 73
1
 93
12
 10
161.20000000000002
 20
498.5333333333333
 10
161.20000000000002
 20
500.1333333333333
 10
161.3466666666667
 20
500.1333333333333
 10
161.34666666666666
 20
499.37666666666667
 10
162.65333333333336
 20
499.37666666666667
 10
162.65333333333336
 20
500.1333333333333
 10
162.8
 20
500.1333333333333
 10
162.8
 20
498.5333333333333
 10
162.65333333333334
 20
498.5333333333333
 10
162.65333333333336
 20
499.29
 10
161.34666666666666
 20
499.29
 10
161.34666666666666
 20
498.5333333333333
 97
0
 75
1
 76
1
 98
0
  0
LINE
  5
F0
330
17
100
AcDbEntity
  8
HUECOS
100
AcDbLine
 10
115.33333333333334
 20
342.0
 30
0.0
 11
115.33333333333334
 21
349.3333333333333
 31
0.0
  0
LINE
  5
F1
330
17
100
AcDbEntity
  8
HUECOS
100
AcDbLine
 10
164.0
 20
342.0
 30
0.0
 11
164.0
 21
349.3333333333333
 31
0.0
  0
LINE
  5
F2
330
17
100
AcDbEntity
  8
CARPINTERIA
100
AcDbLine
 10
115.33333333333334
 20
344.56666666666666
 30
0.0
 11
164.0
 21
344.56666666666666
 31
0.0
  0
LINE
  5
F3
330
17
100
AcDbEntity
  8
CARPINTERIA
100
AcDbLine
 10
115.33333333333334
 20
346.76666666666665
 30
0.0
 11
164.0
 21
346.76666666666665
 31
0.0
  0
LINE
  5
F4
330
17
100
AcDbEntity
  8
HUECOS
100
AcDbLine
 10
166.66666666666669
 20
342.0
 30
0.0
 11
166.66666666666669
 21
349.3333333333333
 31
0.0
  0
LINE
  5
F5
330
17
100
AcDbEntity
  8
HUECOS
100
AcDbLine
 10
185.33333333333331
 20
342.0
 30
0.0
 11
185.33333333333331
 21
349.3333333333333
 31
0.0
  0
LINE
  5
F6
330
17
100
AcDbEntity
  8
CARPINTERIA
100
AcDbLine
 10
166.66666666666669
 20
349.3333333333333
 30
0.0
 11
166.66666666666669
 21
358.6666666666667
 31
0.0
  0
ARC
  5
F7
330
17
100
AcDbEntity
  8
CARPINTERIA
100
AcDbCircle
 10
166.66666666666669
 20
349.3333333333333
 30
0.0
 40
9.333333333333334
100
AcDbArc
 50
0.0
 51
90.0
  0
LINE
  5
F8
330
17
100
AcDbEntity
  8
CARPINTERIA
100
AcDbLine
 10
185.33333333333331
 20
349.3333333333333
 30
0.0
 11
185.33333333333331
 21
358.6666666666667
 31
0.0
  0
ARC
  5
F9
330
17
100
AcDbEntity
  8
CARPINTERIA
100
AcDbCircle
 10
185.33333333333331
 20
349.3333333333333
 30
0.0
 40
9.333333333333334
100
AcDbArc
 50
90.0
 51
180.0
  0
TEXT
  5
FA
330
17
100
AcDbEntity
  8
TEXTO
100
AcDbText
 10
176.0
 20
355.0
 30
0.0
 40
1.6
  1
P0
 72
1
 11
176.0
 21
355.0
 31
0.0
100
AcDbText
 73
2
  0
LINE
  5
FB
330
17
100
AcDbEntity
  8
HUECOS
100
AcDbLine
 10
82.0
 20
439.6
 30
0.0
 11
82.0
 21
446.93333333333334
 31
0.0
  0
LINE
  5
FC
330
17
100
AcDbEntity
  8
HUECOS
100
AcDbLine
 10
98.0
 20
439.6
 30
0.0
 11
98.0
 21
446.93333333333334
 31
0.0
  0
LINE
  5
FD
330
17
100
AcDbEntity
  8
CARPINTERIA
100
AcDbLine
 10
82.0
 20
442.1666666666667
 30
0.0
 11
98.0
 21
442.1666666666667
 31
0.0
  0
LINE
  5
FE
330
17
100
AcDbEntity
  8
CARPINTERIA
100
AcDbLine
 10
82.0
 20
444.3666666666667
 30
0.0
 11
98.0
 21
444.3666666666667
 31
0.0
  0
LINE
  5
FF
330
17
100
AcDbEntity
  8
HUECOS
100
AcDbLine
 10
79.33333333333333
 20
552.0
 30
0.0
 11
79.33333333333333
 21
559.3333333333334
 31
0.0
  0
LINE
  5
100
330
17
100
AcDbEntity
  8
HUECOS
100
AcDbLine
 10
95.33333333333334
 20
552.0
 30
0.0
 11
95.33333333333334
 21
559.3333333333334
 31
0.0
  0
LINE
  5
101
330
17
100
AcDbEntity
  8
CARPINTERIA
100
AcDbLine
 10
79.33333333333333
 20
554.5666666666667
 30
0.0
 11
95.33333333333334
 21
554.5666666666667
 31
0.0
  0
LINE
  5
102
330
17
100
AcDbEntity
  8
CARPINTERIA
100
AcDbLine
 10
79.33333333333333
 20
556.7666666666667
 30
0.0
 11
95.33333333333334
 21
556.7666666666667
 31
0.0
  0
LINE
  5
103
330
17
100
AcDbEntity
  8
HUECOS
100
AcDbLine
 10
106.0
 20
552.0
 30
0.0
 11
106.0
 21
559.3333333333334
 31
0.0
  0
LINE
  5
104
330
17
100
AcDbEntity
  8
HUECOS
100
AcDbLine
 10
122.0
 20
552.0
 30
0.0
 11
122.0
 21
559.3333333333334
 31
0.0
  0
LINE
  5
105
330
17
100
AcDbEntity
  8
CARPINTERIA
100
AcDbLine
 10
106.0
 20
554.5666666666667
 30
0.0
 11
122.0
 21
554.5666666666667
 31
0.0
  0
LINE
  5
106
330
17
100
AcDbEntity
  8
CARPINTERIA
100
AcDbLine
 10
106.0
 20
556.7666666666667
 30
0.0
 11
122.0
 21
556.7666666666667
 31
0.0
  0
LINE
  5
107
330
17
100
AcDbEntity
  8
HUECOS
100
AcDbLine
 10
140.0
 20
552.0
 30
0.0
 11
140.0
 21
559.3333333333334
 31
0.0
  0
LINE
  5
108
330
17
100
AcDbEntity
  8
HUECOS
100
AcDbLine
 10
156.0
 20
552.0
 30
0.0
 11
156.0
 21
559.3333333333334
 31
0.0
  0
LINE
  5
109
330
17
100
AcDbEntity
  8
CARPINTERIA
100
AcDbLine
 10
140.0
 20
554.5666666666667
 30
0.0
 11
156.0
 21
554.5666666666667
 31
0.0
  0
LINE
  5
10A
330
17
100
AcDbEntity
  8
CARPINTERIA
100
AcDbLine
 10
140.0
 20
556.7666666666667
 30
0.0
 11
156.0
 21
556.7666666666667
 31
0.0
  0
LINE
  5
10B
330
17
100
AcDbEntity
  8
HUECOS
100
AcDbLine
 10
166.0
 20
552.0
 30
0.0
 11
166.0
 21
559.3333333333334
 31
0.0
  0
LINE
  5
10C
330
17
100
AcDbEntity
  8
HUECOS
100
AcDbLine
 10
179.33333333333334
 20
552.0
 30
0.0
 11
179.33333333333334
 21
559.3333333333334
 31
0.0
  0
LINE
  5
10D
330
17
100
AcDbEntity
  8
CARPINTERIA
100
AcDbLine
 10
166.0
 20
552.0
 30
0.0
 11
166.0
 21
538.6666666666667
 31
0.0
  0
ARC
  5
10E
330
17
100
AcDbEntity
  8
CARPINTERIA
100
AcDbCircle
 10
166.0
 20
552.0
 30
0.0
 40
13.333333333333334
100
AcDbArc
 50
-90.0
 51
0.0
  0
TEXT
  5
10F
330
17
100
AcDbEntity
  8
TEXTO
100
AcDbText
 10
172.66666666666669
 20
549.0
 30
0.0
 40
1.6
  1
P0
 72
1
 11
172.66666666666669
 21
549.0
 31
0.0
100
AcDbText
 73
2
  0
LINE
  5
110
330
17
100
AcDbEntity
  8
HUECOS
100
AcDbLine
 10
186.0
 20
515.3333333333334
 30
0.0
 11
193.33333333333334
 21
515.3333333333334
 31
0.0
  0
LINE
  5
111
330
17
100
AcDbEntity
  8
HUECOS
100
AcDbLine
 10
186.0
 20
536.6666666666666
 30
0.0
 11
193.33333333333334
 21
536.6666666666666
 31
0.0
  0
LINE
  5
112
330
17
100
AcDbEntity
  8
CARPINTERIA
100
AcDbLine
 10
188.56666666666666
 20
515.3333333333334
 30
0.0
 11
188.56666666666666
 21
536.6666666666666
 31
0.0
  0
LINE
  5
113
330
17
100
AcDbEntity
  8
CARPINTERIA
100
AcDbLine
 10
190.76666666666665
 20
515.3333333333334
 30
0.0
 11
190.76666666666665
 21
536.6666666666666
 31
0.0
  0
LINE
  5
114
330
17
100
AcDbEntity
  8
HUECOS
100
AcDbLine
 10
219.33333333333334
 20
470.0
 30
0.0
 11
226.66666666666669
 21
470.0
 31
0.0
  0
LINE
  5
115
330
17
100
AcDbEntity
  8
HUECOS
100
AcDbLine
 10
219.33333333333334
 20
482.0
 30
0.0
 11
226.66666666666669
 21
482.0
 31
0.0
  0
LINE
  5
116
330
17
100
AcDbEntity
  8
CARPINTERIA
100
AcDbLine
 10
221.9
 20
470.0
 30
0.0
 11
221.9
 21
482.0
 31
0.0
  0
LINE
  5
117
330
17
100
AcDbEntity
  8
CARPINTERIA
100
AcDbLine
 10
224.1
 20
470.0
 30
0.0
 11
224.1
 21
482.0
 31
0.0
  0
LINE
  5
118
330
17
100
AcDbEntity
  8
HUECOS
100
AcDbLine
 10
110.66666666666667
 20
478.0
 30
0.0
 11
112.0
 21
478.0
 31
0.0
  0
LINE
  5
119
330
17
100
AcDbEntity
  8
HUECOS
100
AcDbLine
 10
110.66666666666667
 20
490.0
 30
0.0
 11
112.0
 21
490.0
 31
0.0
  0
LINE
  5
11A
330
17
100
AcDbEntity
  8
CARPINTERIA
100
AcDbLine
 10
110.66666666666667
 20
478.0
 30
0.0
 11
98.66666666666667
 21
478.0
 31
0.0
  0
ARC
  5
11B
330
17
100
AcDbEntity
  8
CARPINTERIA
100
AcDbCircle
 10
110.66666666666667
 20
478.0
 30
0.0
 40
12.0
100
AcDbArc
 50
90.0
 51
180.0
  0
TEXT
  5
11C
330
17
100
AcDbEntity
  8
TEXTO
100
AcDbText
 10
105.33333333333333
 20
484.0
 30
0.0
 40
1.6
  1
P2
 72
1
 11
105.33333333333333
 21
484.0
 31
0.0
100
AcDbText
 73
2
  0
LINE
  5
11D
330
17
100
AcDbEntity
  8
HUECOS
100
AcDbLine
 10
86.0
 20
466.6666666666667
 30
0.0
 11
86.0
 21
468.0
 31
0.0
  0
LINE
  5
11E
330
17
100
AcDbEntity
  8
HUECOS
100
AcDbLine
 10
96.66666666666666
 20
466.6666666666667
 30
0.0
 11
96.66666666666666
 21
468.0
 31
0.0
  0
LINE
  5
11F
330
17
100
AcDbEntity
  8
CARPINTERIA
100
AcDbLine
 10
86.0
 20
466.6666666666667
 30
0.0
 11
86.0
 21
456.0
 31
0.0
  0
ARC
  5
120
330
17
100
AcDbEntity
  8
CARPINTERIA
100
AcDbCircle
 10
86.0
 20
466.6666666666667
 30
0.0
 40
10.666666666666668
100
AcDbArc
 50
-90.0
 51
0.0
  0
TEXT
  5
121
330
17
100
AcDbEntity
  8
TEXTO
100
AcDbText
 10
91.33333333333333
 20
462.0
 30
0.0
 40
1.6
  1
P3
 72
1
 11
91.33333333333333
 21
462.0
 31
0.0
100
AcDbText
 73
2
  0
LINE
  5
122
330
17
100
AcDbEntity
  8
HUECOS
100
AcDbLine
 10
86.0
 20
498.6666666666667
 30
0.0
 11
86.0
 21
500.0
 31
0.0
  0
LINE
  5
123
330
17
100
AcDbEntity
  8
HUECOS
100
AcDbLine
 10
96.66666666666666
 20
498.6666666666667
 30
0.0
 11
96.66666666666666
 21
500.0
 31
0.0
  0
LINE
  5
124
330
17
100
AcDbEntity
  8
CARPINTERIA
100
AcDbLine
 10
86.0
 20
500.0
 30
0.0
 11
86.0
 21
510.6666666666667
 31
0.0
  0
ARC
  5
125
330
17
100
AcDbEntity
  8
CARPINTERIA
100
AcDbCircle
 10
86.0
 20
500.0
 30
0.0
 40
10.666666666666668
100
AcDbArc
 50
0.0
 51
90.0
  0
TEXT
  5
126
330
17
100
AcDbEntity
  8
TEXTO
100
AcDbText
 10
91.33333333333333
 20
504.6666666666667
 30
0.0
 40
1.6
  1
P3
 72
1
 11
91.33333333333333
 21
504.6666666666667
 31
0.0
100
AcDbText
 73
2
  0
LINE
  5
127
330
17
100
AcDbEntity
  8
HUECOS
100
AcDbLine
 10
136.66666666666669
 20
498.6666666666667
 30
0.0
 11
136.66666666666669
 21
500.0
 31
0.0
  0
LINE
  5
128
330
17
100
AcDbEntity
  8
HUECOS
100
AcDbLine
 10
160.66666666666669
 20
498.6666666666667
 30
0.0
 11
160.66666666666669
 21
500.0
 31
0.0
  0
LINE
  5
129
330
17
100
AcDbEntity
  8
HUECOS
100
AcDbLine
 10
186.0
 20
464.66666666666663
 30
0.0
 11
187.33333333333331
 21
464.66666666666663
 31
0.0
  0
LINE
  5
12A
330
17
100
AcDbEntity
  8
HUECOS
100
AcDbLine
 10
186.0
 20
475.33333333333337
 30
0.0
 11
187.33333333333331
 21
475.33333333333337
 31
0.0
  0
LINE
  5
12B
330
17
100
AcDbEntity
  8
CARPINTERIA
100
AcDbLine
 10
187.33333333333331
 20
464.66666666666663
 30
0.0
 11
198.0
 21
464.66666666666663
 31
0.0
  0
ARC
  5
12C
330
17
100
AcDbEntity
  8
CARPINTERIA
100
AcDbCircle
 10
187.33333333333331
 20
464.66666666666663
 30
0.0
 40
10.666666666666668
100
AcDbArc
 50
0.0
 51
90.0
  0
TEXT
  5
12D
330
17
100
AcDbEntity
  8
TEXTO
100
AcDbText
 10
192.0
 20
470.0
 30
0.0
 40
1.6
  1
P3
 72
1
 11
192.0
 21
470.0
 31
0.0
100
AcDbText
 73
2
  0
LINE
  5
12E
330
17
100
AcDbEntity
  8
escalera
100
AcDbLine
 10
174.66666666666669
 20
461.3333333333333
 30
0.0
 11
186.0
 21
461.3333333333333
 31
0.0
  0
LINE
  5
12F
330
17
100
AcDbEntity
  8
escalera
100
AcDbLine
 10
174.66666666666669
 20
464.5333333333333
 30
0.0
 11
186.0
 21
464.5333333333333
 31
0.0
  0
LINE
  5
130
330
17
100
AcDbEntity
  8
escalera
100
AcDbLine
 10
174.66666666666669
 20
467.73333333333335
 30
0.0
 11
186.0
 21
467.73333333333335
 31
0.0
  0
LINE
  5
131
330
17
100
AcDbEntity
  8
escalera
100
AcDbLine
 10
174.66666666666669
 20
470.93333333333334
 30
0.0
 11
186.0
 21
470.93333333333334
 31
0.0
  0
LINE
  5
132
330
17
100
AcDbEntity
  8
escalera
100
AcDbLine
 10
174.66666666666669
 20
474.1333333333333
 30
0.0
 11
186.0
 21
474.1333333333333
 31
0.0
  0
LINE
  5
133
330
17
100
AcDbEntity
  8
escalera
100
AcDbLine
 10
174.66666666666669
 20
477.3333333333333
 30
0.0
 11
186.0
 21
477.3333333333333
 31
0.0
  0
LINE
  5
134
330
17
100
AcDbEntity
  8
escalera
100
AcDbLine
 10
174.66666666666669
 20
480.5333333333333
 30
0.0
 11
186.0
 21
480.5333333333333
 31
0.0
  0
LINE
  5
135
330
17
100
AcDbEntity
  8
escalera
100
AcDbLine
 10
174.66666666666669
 20
483.73333333333335
 30
0.0
 11
186.0
 21
483.73333333333335
 31
0.0
  0
LINE
  5
136
330
17
100
AcDbEntity
  8
escalera
100
AcDbLine
 10
174.66666666666669
 20
486.93333333333334
 30
0.0
 11
186.0
 21
486.93333333333334
 31
0.0
  0
LINE
  5
137
330
17
100
AcDbEntity
  8
escalera
100
AcDbLine
 10
162.66666666666669
 20
486.4
 30
0.0
 11
174.0
 21
486.4
 31
0.0
  0
LINE
  5
138
330
17
100
AcDbEntity
  8
escalera
100
AcDbLine
 10
162.66666666666669
 20
483.20000000000005
 30
0.0
 11
174.0
 21
483.20000000000005
 31
0.0
  0
LINE
  5
139
330
17
100
AcDbEntity
  8
escalera
100
AcDbLine
 10
162.66666666666669
 20
480.0
 30
0.0
 11
174.0
 21
480.0
 31
0.0
  0
LINE
  5
13A
330
17
100
AcDbEntity
  8
escalera
100
AcDbLine
 10
162.66666666666669
 20
476.8
 30
0.0
 11
174.0
 21
476.8
 31
0.0
  0
LINE
  5
13B
330
17
100
AcDbEntity
  8
escalera
100
AcDbLine
 10
162.66666666666669
 20
473.6
 30
0.0
 11
174.0
 21
473.6
 31
0.0
  0
LINE
  5
13C
330
17
100
AcDbEntity
  8
escalera
100
AcDbLine
 10
162.66666666666669
 20
470.4
 30
0.0
 11
174.0
 21
470.4
 31
0.0
  0
LINE
  5
13D
330
17
100
AcDbEntity
  8
escalera
100
AcDbLine
 10
162.66666666666669
 20
467.20000000000005
 30
0.0
 11
174.0
 21
467.20000000000005
 31
0.0
  0
LINE
  5
13E
330
17
100
AcDbEntity
  8
escalera
100
AcDbLine
 10
162.66666666666669
 20
464.0
 30
0.0
 11
174.0
 21
464.0
 31
0.0
  0
LINE
  5
13F
330
17
100
AcDbEntity
  8
escalera
100
AcDbLine
 10
162.66666666666669
 20
460.8
 30
0.0
 11
174.0
 21
460.8
 31
0.0
  0
TEXT
  5
140
330
17
100
AcDbEntity
  8
TEXTO
100
AcDbText
 10
180.4
 20
474.0
 30
0.0
 40
1.2
  1
SUBE
 50
90.0
 72
1
 11
180.4
 21
474.0
 31
0.0
100
AcDbText
 73
2
  0
LWPOLYLINE
  5
141
330
17
100
AcDbEntity
  8
VIGAS
100
AcDbPolyline
 90
2
 70
0
 10
100.66666666666669
 20
443.3333333333333
 10
189.66666666666669
 20
443.3333333333333
  0
TEXT
  5
142
330
17
100
AcDbEntity
  8
TEXTO
100
AcDbText
 10
146.0
 20
439.3333333333333
 30
0.0
 40
1.4
  1
viga de acero (antes muro)
 72
1
 11
146.0
 21
439.3333333333333
 31
0.0
100
AcDbText
 73
2
  0
TEXT
  5
143
330
17
100
AcDbEntity
  8
TEXTO
100
AcDbText
 10
140.2
 20
400.8
 30
0.0
 40
2.0
  1
Salón con comedor
 72
1
 11
140.2
 21
400.8
 31
0.0
100
AcDbText
 73
2
  0
TEXT
  5
144
330
17
100
AcDbEntity
  8
TEXTO
100
AcDbText
 10
140.2
 20
394.8
 30
0.0
 40
1.7
  1
31.1 m²
 72
1
 11
140.2
 21
394.8
 31
0.0
100
AcDbText
 73
2
  0
TEXT
  5
145
330
17
100
AcDbEntity
  8
TEXTO
100
AcDbText
 10
176.33333333333334
 20
400.8
 30
0.0
 40
1.5
  1
Pasillo entrada
 72
1
 11
176.33333333333334
 21
400.8
 31
0.0
100
AcDbText
 73
2
  0
TEXT
  5
146
330
17
100
AcDbEntity
  8
TEXTO
100
AcDbText
 10
176.33333333333334
 20
394.8
 30
0.0
 40
1.3
  1
10.6 m²
 72
1
 11
176.33333333333334
 21
394.8
 31
0.0
100
AcDbText
 73
2
  0
TEXT
  5
147
330
17
100
AcDbEntity
  8
TEXTO
100
AcDbText
 10
174.33333333333334
 20
456.8
 30
0.0
 40
1.5
  1
Entrada
 72
1
 11
174.33333333333334
 21
456.8
 31
0.0
100
AcDbText
 73
2
  0
TEXT
  5
148
330
17
100
AcDbEntity
  8
TEXTO
100
AcDbText
 10
174.33333333333334
 20
450.8
 30
0.0
 40
1.3
  1
1.9 m²
 72
1
 11
174.33333333333334
 21
450.8
 31
0.0
100
AcDbText
 73
2
  0
TEXT
  5
149
330
17
100
AcDbEntity
  8
TEXTO
100
AcDbText
 10
174.33333333333334
 20
482.66666666666663
 30
0.0
 40
1.5
  1
Escalera
 72
1
 11
174.33333333333334
 21
482.66666666666663
 31
0.0
100
AcDbText
 73
2
  0
TEXT
  5
14A
330
17
100
AcDbEntity
  8
TEXTO
100
AcDbText
 10
174.33333333333334
 20
476.66666666666663
 30
0.0
 40
1.3
  1
4.9 m²
 72
1
 11
174.33333333333334
 21
476.66666666666663
 31
0.0
100
AcDbText
 73
2
  0
TEXT
  5
14B
330
17
100
AcDbEntity
  8
TEXTO
100
AcDbText
 10
203.33333333333334
 20
478.6666666666667
 30
0.0
 40
2.0
  1
Baño grande
 72
1
 11
203.33333333333334
 21
478.6666666666667
 31
0.0
100
AcDbText
 73
2
  0
TEXT
  5
14C
330
17
100
AcDbEntity
  8
TEXTO
100
AcDbText
 10
203.33333333333334
 20
472.6666666666667
 30
0.0
 40
1.7
  1
5.8 m²
 72
1
 11
203.33333333333334
 21
472.6666666666667
 31
0.0
100
AcDbText
 73
2
  0
TEXT
  5
14D
330
17
100
AcDbEntity
  8
TEXTO
100
AcDbText
 10
136.66666666666669
 20
487.3333333333333
 30
0.0
 40
2.0
  1
Sala de estar y paso
 72
1
 11
136.66666666666669
 21
487.3333333333333
 31
0.0
100
AcDbText
 73
2
  0
TEXT
  5
14E
330
17
100
AcDbEntity
  8
TEXTO
100
AcDbText
 10
136.66666666666669
 20
481.33333333333337
 30
0.0
 40
1.7
  1
10.4 m²
 72
1
 11
136.66666666666669
 21
481.33333333333337
 31
0.0
100
AcDbText
 73
2
  0
TEXT
  5
14F
330
17
100
AcDbEntity
  8
TEXTO
100
AcDbText
 10
159.66666666666669
 20
528.6666666666667
 30
0.0
 40
2.0
  1
Cocina
 72
1
 11
159.66666666666669
 21
528.6666666666667
 31
0.0
100
AcDbText
 73
2
  0
TEXT
  5
150
330
17
100
AcDbEntity
  8
TEXTO
100
AcDbText
 10
159.66666666666669
 20
522.6666666666667
 30
0.0
 40
1.7
  1
15.4 m²
 72
1
 11
159.66666666666669
 21
522.6666666666667
 31
0.0
100
AcDbText
 73
2
  0
TEXT
  5
151
330
17
100
AcDbEntity
  8
TEXTO
100
AcDbText
 10
102.66666666666667
 20
528.6666666666667
 30
0.0
 40
2.0
  1
Dormitorio principal
 72
1
 11
102.66666666666667
 21
528.6666666666667
 31
0.0
100
AcDbText
 73
2
  0
TEXT
  5
152
330
17
100
AcDbEntity
  8
TEXTO
100
AcDbText
 10
102.66666666666667
 20
522.6666666666667
 30
0.0
 40
1.7
  1
17.2 m²
 72
1
 11
102.66666666666667
 21
522.6666666666667
 31
0.0
100
AcDbText
 73
2
  0
TEXT
  5
153
330
17
100
AcDbEntity
  8
TEXTO
100
AcDbText
 10
92.0
 20
486.0
 30
0.0
 40
2.0
  1
Vestidor
 72
1
 11
92.0
 21
486.0
 31
0.0
100
AcDbText
 73
2
  0
TEXT
  5
154
330
17
100
AcDbEntity
  8
TEXTO
100
AcDbText
 10
92.0
 20
480.0
 30
0.0
 40
1.7
  1
6.4 m²
 72
1
 11
92.0
 21
480.0
 31
0.0
100
AcDbText
 73
2
  0
TEXT
  5
155
330
17
100
AcDbEntity
  8
TEXTO
100
AcDbText
 10
92.0
 20
459.46666666666664
 30
0.0
 40
1.5
  1
Baño principal
 72
1
 11
92.0
 21
459.46666666666664
 31
0.0
100
AcDbText
 73
2
  0
TEXT
  5
156
330
17
100
AcDbEntity
  8
TEXTO
100
AcDbText
 10
92.0
 20
453.4666666666667
 30
0.0
 40
1.3
  1
4.1 m²
 72
1
 11
92.0
 21
453.4666666666667
 31
0.0
100
AcDbText
 73
2
  0
DIMENSION
  5
157
330
17
100
AcDbEntity
  8
COTAS
100
AcDbDimension
280
0
  2
*D1
  3
EZDXF
 10
108.0
 20
332.6666666666667
 30
0.0
 11
150.66666666666669
 21
334.3666666666667
 31
0.0
 70
32
 71
5
  1
6.40
100
AcDbAlignedDimension
 13
108.0
 23
342.0
 33
0.0
 14
193.33333333333334
 24
342.0
 34
0.0
 50
0.0
100
AcDbRotatedDimension
1001
ACAD
1000
DSTYLE
1002
{
1070
140
1040
2.2
1070
41
1040
1.8
1070
44
1040
1.0
1070
42
1040
0.8
1070
147
1040
0.6
1070
77
1070
1
1070
178
1070
3
1002
}
  0
DIMENSION
  5
166
330
17
100
AcDbEntity
  8
COTAS
100
AcDbDimension
280
0
  2
*D2
  3
EZDXF
 10
234.66666666666669
 20
342.0
 30
0.0
 11
232.9666666666667
 21
397.33333333333337
 31
0.0
 70
32
 71
5
  1
8.30
100
AcDbAlignedDimension
 13
226.66666666666669
 23
342.0
 33
0.0
 14
226.66666666666669
 24
452.6666666666667
 34
0.0
 50
90.0
100
AcDbRotatedDimension
1001
ACAD
1000
DSTYLE
1002
{
1070
140
1040
2.2
1070
41
1040
1.8
1070
44
1040
1.0
1070
42
1040
0.8
1070
147
1040
0.6
1070
77
1070
1
1070
178
1070
3
1002
}
  0
DIMENSION
  5
175
330
17
100
AcDbEntity
  8
COTAS
100
AcDbDimension
280
0
  2
*D3
  3
EZDXF
 10
234.66666666666669
 20
452.6666666666667
 30
0.0
 11
232.9666666666667
 21
476.0
 31
0.0
 70
32
 71
5
  1
3.50
100
AcDbAlignedDimension
 13
226.66666666666669
 23
452.6666666666667
 33
0.0
 14
226.66666666666669
 24
499.33333333333337
 34
0.0
 50
90.0
100
AcDbRotatedDimension
1001
ACAD
1000
DSTYLE
1002
{
1070
140
1040
2.2
1070
41
1040
1.8
1070
44
1040
1.0
1070
42
1040
0.8
1070
147
1040
0.6
1070
77
1070
1
1070
178
1070
3
1002
}
  0
DIMENSION
  5
184
330
17
100
AcDbEntity
  8
COTAS
100
AcDbDimension
280
0
  2
*D4
  3
EZDXF
 10
234.66666666666669
 20
499.33333333333337
 30
0.0
 11
232.9666666666667
 21
529.3333333333334
 31
0.0
 70
32
 71
5
  1
4.50
100
AcDbAlignedDimension
 13
226.66666666666669
 23
499.33333333333337
 33
0.0
 14
226.66666666666669
 24
559.3333333333334
 34
0.0
 50
90.0
100
AcDbRotatedDimension
1001
ACAD
1000
DSTYLE
1002
{
1070
140
1040
2.2
1070
41
1040
1.8
1070
44
1040
1.0
1070
42
1040
0.8
1070
147
1040
0.6
1070
77
1070
1
1070
178
1070
3
1002
}
  0
DIMENSION
  5
193
330
17
100
AcDbEntity
  8
COTAS
100
AcDbDimension
280
0
  2
*D5
  3
EZDXF
 10
242.66666666666669
 20
342.0
 30
0.0
 11
240.9666666666667
 21
450.6666666666667
 31
0.0
 70
32
 71
5
  1
16.30
100
AcDbAlignedDimension
 13
226.66666666666669
 23
342.0
 33
0.0
 14
226.66666666666669
 24
559.3333333333334
 34
0.0
 50
90.0
100
AcDbRotatedDimension
1001
ACAD
1000
DSTYLE
1002
{
1070
140
1040
2.2
1070
41
1040
1.8
1070
44
1040
1.0
1070
42
1040
0.8
1070
147
1040
0.6
1070
77
1070
1
1070
178
1070
3
1002
}
  0
DIMENSION
  5
1A2
330
17
100
AcDbEntity
  8
COTAS
100
AcDbDimension
280
0
  2
*D6
  3
EZDXF
 10
66.0
 20
567.3333333333334
 30
0.0
 11
129.66666666666669
 21
569.0333333333334
 31
0.0
 70
32
 71
5
  1
9.55
100
AcDbAlignedDimension
 13
66.0
 23
559.3333333333334
 33
0.0
 14
193.33333333333334
 24
559.3333333333334
 34
0.0
 50
0.0
100
AcDbRotatedDimension
1001
ACAD
1000
DSTYLE
1002
{
1070
140
1040
2.2
1070
41
1040
1.8
1070
44
1040
1.0
1070
42
1040
0.8
1070
147
1040
0.6
1070
77
1070
1
1070
178
1070
3
1002
}
  0
DIMENSION
  5
1B1
330
17
100
AcDbEntity
  8
COTAS
100
AcDbDimension
280
0
  2
*D7
  3
EZDXF
 10
58.0
 20
439.6
 30
0.0
 11
56.3
 21
499.4666666666667
 31
0.0
 70
32
 71
5
  1
8.98
100
AcDbAlignedDimension
 13
66.0
 23
439.6
 33
0.0
 14
66.0
 24
559.3333333333334
 34
0.0
 50
90.0
100
AcDbRotatedDimension
1001
ACAD
1000
DSTYLE
1002
{
1070
140
1040
2.2
1070
41
1040
1.8
1070
44
1040
1.0
1070
42
1040
0.8
1070
147
1040
0.6
1070
77
1070
1
1070
178
1070
3
1002
}
  0
LINE
  5
1C0
330
17
100
AcDbEntity
  8
COTAS
100
AcDbLine
 10
48.666666666666664
 20
539.3333333333334
 30
0.0
 11
48.666666666666664
 21
519.3333333333334
 31
0.0
  0
LINE
  5
1C1
330
17
100
AcDbEntity
  8
COTAS
100
AcDbLine
 10
48.666666666666664
 20
519.3333333333334
 30
0.0
 11
46.66666666666667
 21
524.6666666666667
 31
0.0
  0
LINE
  5
1C2
330
17
100
AcDbEntity
  8
COTAS
100
AcDbLine
 10
48.666666666666664
 20
519.3333333333334
 30
0.0
 11
50.66666666666667
 21
524.6666666666667
 31
0.0
  0
TEXT
  5
1C3
330
17
100
AcDbEntity
  8
TEXTO
100
AcDbText
 10
48.666666666666664
 20
512.6666666666667
 30
0.0
 40
1.8
  1
N (supuesto)
 72
1
 11
48.666666666666664
 21
512.6666666666667
 31
0.0
100
AcDbText
 73
2
  0
LINE
  5
1C4
330
17
100
AcDbEntity
  8
CORTES
100
AcDbLine
 10
149.33333333333334
 20
337.3333333333333
 30
0.0
 11
149.33333333333334
 21
564.0
 31
0.0
  0
LINE
  5
1C5
330
17
100
AcDbEntity
  8
CORTES
100
AcDbLine
 10
61.333333333333336
 20
476.0
 30
0.0
 11
231.33333333333334
 21
476.0
 31
0.0
  0
TEXT
  5
1C6
330
17
100
AcDbEntity
  8
CORTES
100
AcDbText
 10
149.33333333333334
 20
334.0
 30
0.0
 40
3.0
  1
A
 72
1
 11
149.33333333333334
 21
334.0
 31
0.0
100
AcDbText
 73
2
  0
TEXT
  5
1C7
330
17
100
AcDbEntity
  8
CORTES
100
AcDbText
 10
149.33333333333334
 20
567.3333333333334
 30
0.0
 40
3.0
  1
A'
 72
1
 11
149.33333333333334
 21
567.3333333333334
 31
0.0
100
AcDbText
 73
2
  0
TEXT
  5
1C8
330
17
100
AcDbEntity
  8
CORTES
100
AcDbText
 10
58.0
 20
476.0
 30
0.0
 40
3.0
  1
B
 72
1
 11
58.0
 21
476.0
 31
0.0
100
AcDbText
 73
2
  0
TEXT
  5
1C9
330
17
100
AcDbEntity
  8
CORTES
100
AcDbText
 10
234.66666666666669
 20
476.0
 30
0.0
 40
3.0
  1
B'
 72
1
 11
234.66666666666669
 21
476.0
 31
0.0
100
AcDbText
 73
2
  0
TEXT
  5
1CA
330
17
100
AcDbEntity
  8
TEXTO
100
AcDbText
 10
145.66666666666669
 20
318.0
 30
0.0
 40
4.0
  1
PLANTA BAJA  esc. 1/75
 72
1
 11
145.66666666666669
 21
318.0
 31
0.0
100
AcDbText
 73
2
  0
LWPOLYLINE
  5
1CB
330
17
100
AcDbEntity
  8
muros_PA
100
AcDbPolyline
 90
8
 70
1
 10
336.0
 20
559.3333333333334
 10
336.0
 20
439.6
 10
352.0
 20
439.6
 10
352.0
 20
446.93333333333334
 10
343.3333333333333
 20
446.93333333333334
 10
343.3333333333333
 20
552.0
 10
349.3333333333333
 20
552.0
 10
349.3333333333333
 20
559.3333333333334
  0
HATCH
  5
1CC
330
17
100
AcDbEntity
  8
RAYADO_MURO
 62
7
100
AcDbHatch
 10
0.0
 20
0.0
 30
0.0
210
0.0
220
0.0
230
1.0
  2
ANSI31
 70
0
 71
0
 91
1
 92
3
 72
0
 73
1
 93
8
 10
336.0
 20
559.3333333333334
 10
336.0
 20
439.6
 10
352.0
 20
439.6
 10
352.0
 20
446.93333333333334
 10
343.3333333333333
 20
446.93333333333334
 10
343.3333333333333
 20
552.0
 10
349.3333333333333
 20
552.0
 10
349.3333333333333
 20
559.3333333333334
 97
0
 75
1
 76
1
 52
45.0
 41
0.6
 77
0
 78
1
 53
90.0
 43
0.0
 44
0.0
 45
-1.905
 46
0.0
 79
0
 98
0
  0
LWPOLYLINE
  5
1CD
330
17
100
AcDbEntity
  8
muros_PA
100
AcDbPolyline
 90
4
 70
1
 10
370.6666666666667
 20
446.93333333333334
 10
370.6666666666667
 20
439.6
 10
382.0
 20
439.6
 10
382.0
 20
446.93333333333334
  0
HATCH
  5
1CE
330
17
100
AcDbEntity
  8
RAYADO_MURO
 62
7
100
AcDbHatch
 10
0.0
 20
0.0
 30
0.0
210
0.0
220
0.0
230
1.0
  2
ANSI31
 70
0
 71
0
 91
1
 92
3
 72
0
 73
1
 93
4
 10
370.6666666666667
 20
446.93333333333334
 10
370.6666666666667
 20
439.6
 10
382.0
 20
439.6
 10
382.0
 20
446.93333333333334
 97
0
 75
1
 76
1
 52
45.0
 41
0.6
 77
0
 78
1
 53
90.0
 43
0.0
 44
0.0
 45
-1.905
 46
0.0
 79
0
 98
0
  0
LWPOLYLINE
  5
1CF
330
17
100
AcDbEntity
  8
muros_PA
100
AcDbPolyline
 90
12
 70
1
 10
463.33333333333337
 20
499.33333333333337
 10
480.6666666666667
 20
499.33333333333337
 10
480.6666666666667
 20
452.6666666666667
 10
463.33333333333337
 20
452.6666666666667
 10
463.33333333333337
 20
439.6
 10
456.0
 20
439.6
 10
456.0
 20
456.6666666666667
 10
476.6666666666667
 20
456.6666666666667
 10
476.6666666666667
 20
495.33333333333337
 10
456.0
 20
495.33333333333337
 10
456.0
 20
523.3333333333334
 10
463.33333333333337
 20
523.3333333333334
  0
HATCH
  5
1D0
330
17
100
AcDbEntity
  8
RAYADO_MURO
 62
7
100
AcDbHatch
 10
0.0
 20
0.0
 30
0.0
210
0.0
220
0.0
230
1.0
  2
ANSI31
 70
0
 71
0
 91
1
 92
3
 72
0
 73
1
 93
12
 10
463.33333333333337
 20
499.33333333333337
 10
480.6666666666667
 20
499.33333333333337
 10
480.6666666666667
 20
452.6666666666667
 10
463.33333333333337
 20
452.6666666666667
 10
463.33333333333337
 20
439.6
 10
456.0
 20
439.6
 10
456.0
 20
456.6666666666667
 10
476.6666666666667
 20
456.6666666666667
 10
476.6666666666667
 20
495.33333333333337
 10
456.0
 20
495.33333333333337
 10
456.0
 20
523.3333333333334
 10
463.33333333333337
 20
523.3333333333334
 97
0
 75
1
 76
1
 52
45.0
 41
0.6
 77
0
 78
1
 53
90.0
 43
0.0
 44
0.0
 45
-1.905
 46
0.0
 79
0
 98
0
  0
LWPOLYLINE
  5
1D1
330
17
100
AcDbEntity
  8
muros_PA
100
AcDbPolyline
 90
6
 70
1
 10
456.0
 20
539.3333333333333
 10
463.33333333333337
 20
539.3333333333333
 10
463.33333333333337
 20
559.3333333333334
 10
449.33333333333337
 20
559.3333333333334
 10
449.33333333333337
 20
552.0
 10
456.0
 20
552.0
  0
HATCH
  5
1D2
330
17
100
AcDbEntity
  8
RAYADO_MURO
 62
7
100
AcDbHatch
 10
0.0
 20
0.0
 30
0.0
210
0.0
220
0.0
230
1.0
  2
ANSI31
 70
0
 71
0
 91
1
 92
3
 72
0
 73
1
 93
6
 10
456.0
 20
539.3333333333333
 10
463.33333333333337
 20
539.3333333333333
 10
463.33333333333337
 20
559.3333333333334
 10
449.33333333333337
 20
559.3333333333334
 10
449.33333333333337
 20
552.0
 10
456.0
 20
552.0
 97
0
 75
1
 76
1
 52
45.0
 41
0.6
 77
0
 78
1
 53
90.0
 43
0.0
 44
0.0
 45
-1.905
 46
0.0
 79
0
 98
0
  0
LWPOLYLINE
  5
1D3
330
17
100
AcDbEntity
  8
muros_PA
100
AcDbPolyline
 90
4
 70
1
 10
436.0
 20
559.3333333333334
 10
436.0
 20
552.0
 10
426.0
 20
552.0
 10
426.0
 20
559.3333333333334
  0
HATCH
  5
1D4
330
17
100
AcDbEntity
  8
RAYADO_MURO
 62
7
100
AcDbHatch
 10
0.0
 20
0.0
 30
0.0
210
0.0
220
0.0
230
1.0
  2
ANSI31
 70
0
 71
0
 91
1
 92
3
 72
0
 73
1
 93
4
 10
436.0
 20
559.3333333333334
 10
436.0
 20
552.0
 10
426.0
 20
552.0
 10
426.0
 20
559.3333333333334
 97
0
 75
1
 76
1
 52
45.0
 41
0.6
 77
0
 78
1
 53
90.0
 43
0.0
 44
0.0
 45
-1.905
 46
0.0
 79
0
 98
0
  0
LWPOLYLINE
  5
1D5
330
17
100
AcDbEntity
  8
muros_PA
100
AcDbPolyline
 90
4
 70
1
 10
410.0
 20
559.3333333333334
 10
410.0
 20
552.0
 10
392.0
 20
552.0
 10
392.0
 20
559.3333333333334
  0
HATCH
  5
1D6
330
17
100
AcDbEntity
  8
RAYADO_MURO
 62
7
100
AcDbHatch
 10
0.0
 20
0.0
 30
0.0
210
0.0
220
0.0
230
1.0
  2
ANSI31
 70
0
 71
0
 91
1
 92
3
 72
0
 73
1
 93
4
 10
410.0
 20
559.3333333333334
 10
410.0
 20
552.0
 10
392.0
 20
552.0
 10
392.0
 20
559.3333333333334
 97
0
 75
1
 76
1
 52
45.0
 41
0.6
 77
0
 78
1
 53
90.0
 43
0.0
 44
0.0
 45
-1.905
 46
0.0
 79
0
 98
0
  0
LWPOLYLINE
  5
1D7
330
17
100
AcDbEntity
  8
muros_PA
100
AcDbPolyline
 90
4
 70
1
 10
376.0
 20
559.3333333333334
 10
376.0
 20
552.0
 10
365.3333333333333
 20
552.0
 10
365.3333333333333
 20
559.3333333333334
  0
HATCH
  5
1D8
330
17
100
AcDbEntity
  8
RAYADO_MURO
 62
7
100
AcDbHatch
 10
0.0
 20
0.0
 30
0.0
210
0.0
220
0.0
230
1.0
  2
ANSI31
 70
0
 71
0
 91
1
 92
3
 72
0
 73
1
 93
4
 10
376.0
 20
559.3333333333334
 10
376.0
 20
552.0
 10
365.3333333333333
 20
552.0
 10
365.3333333333333
 20
559.3333333333334
 97
0
 75
1
 76
1
 52
45.0
 41
0.6
 77
0
 78
1
 53
90.0
 43
0.0
 44
0.0
 45
-1.905
 46
0.0
 79
0
 98
0
  0
LWPOLYLINE
  5
1D9
330
17
100
AcDbEntity
  8
tabiques_PA
100
AcDbPolyline
 90
8
 70
1
 10
343.3333333333333
 20
500.0
 10
384.0
 20
500.0
 10
384.0
 20
498.6666666666667
 10
382.0
 20
498.6666666666667
 10
382.0
 20
480.6666666666667
 10
380.6666666666667
 20
480.6666666666667
 10
380.6666666666667
 20
498.6666666666667
 10
343.3333333333333
 20
498.6666666666667
  0
HATCH
  5
1DA
330
17
100
AcDbEntity
  8
RAYADO_OTROS
 62
7
100
AcDbHatch
 10
0.0
 20
0.0
 30
0.0
210
0.0
220
0.0
230
1.0
  2
SOLID
 70
1
 71
0
 91
1
 92
3
 72
0
 73
1
 93
8
 10
343.3333333333333
 20
500.0
 10
384.0
 20
500.0
 10
384.0
 20
498.6666666666667
 10
382.0
 20
498.6666666666667
 10
382.0
 20
480.6666666666667
 10
380.6666666666667
 20
480.6666666666667
 10
380.6666666666667
 20
498.6666666666667
 10
343.3333333333333
 20
498.6666666666667
 97
0
 75
1
 76
1
 98
0
  0
LWPOLYLINE
  5
1DB
330
17
100
AcDbEntity
  8
tabiques_PA
100
AcDbPolyline
 90
8
 70
1
 10
394.6666666666667
 20
500.0
 10
402.0
 20
500.0
 10
402.0
 20
552.0
 10
403.33333333333337
 20
552.0
 10
403.3333333333333
 20
500.0
 10
409.33333333333337
 20
500.0
 10
409.33333333333337
 20
498.6666666666667
 10
394.6666666666667
 20
498.6666666666667
  0
HATCH
  5
1DC
330
17
100
AcDbEntity
  8
RAYADO_OTROS
 62
7
100
AcDbHatch
 10
0.0
 20
0.0
 30
0.0
210
0.0
220
0.0
230
1.0
  2
SOLID
 70
1
 71
0
 91
1
 92
3
 72
0
 73
1
 93
8
 10
394.6666666666667
 20
500.0
 10
402.0
 20
500.0
 10
402.0
 20
552.0
 10
403.33333333333337
 20
552.0
 10
403.3333333333333
 20
500.0
 10
409.33333333333337
 20
500.0
 10
409.33333333333337
 20
498.6666666666667
 10
394.6666666666667
 20
498.6666666666667
 97
0
 75
1
 76
1
 98
0
  0
LWPOLYLINE
  5
1DD
330
17
100
AcDbEntity
  8
tabiques_PA
100
AcDbPolyline
 90
4
 70
1
 10
380.6666666666667
 20
468.6666666666667
 10
382.0
 20
468.6666666666667
 10
382.0
 20
446.93333333333334
 10
380.6666666666667
 20
446.93333333333334
  0
HATCH
  5
1DE
330
17
100
AcDbEntity
  8
RAYADO_OTROS
 62
7
100
AcDbHatch
 10
0.0
 20
0.0
 30
0.0
210
0.0
220
0.0
230
1.0
  2
SOLID
 70
1
 71
0
 91
1
 92
3
 72
0
 73
1
 93
4
 10
380.6666666666667
 20
468.6666666666667
 10
382.0
 20
468.6666666666667
 10
382.0
 20
446.93333333333334
 10
380.6666666666667
 20
446.93333333333334
 97
0
 75
1
 76
1
 98
0
  0
LWPOLYLINE
  5
1DF
330
17
100
AcDbEntity
  8
tabiques_PA
100
AcDbPolyline
 90
8
 70
1
 10
420.0
 20
500.0
 10
420.0
 20
498.6666666666667
 10
431.33333333333337
 20
498.6666666666667
 10
431.33333333333337
 20
461.3333333333333
 10
432.6666666666667
 20
461.3333333333333
 10
432.6666666666667
 20
498.6666666666667
 10
456.0
 20
498.6666666666667
 10
456.0
 20
500.0
  0
HATCH
  5
1E0
330
17
100
AcDbEntity
  8
RAYADO_OTROS
 62
7
100
AcDbHatch
 10
0.0
 20
0.0
 30
0.0
210
0.0
220
0.0
230
1.0
  2
SOLID
 70
1
 71
0
 91
1
 92
3
 72
0
 73
1
 93
8
 10
420.0
 20
500.0
 10
420.0
 20
498.6666666666667
 10
431.33333333333337
 20
498.6666666666667
 10
431.33333333333337
 20
461.3333333333333
 10
432.6666666666667
 20
461.3333333333333
 10
432.6666666666667
 20
498.6666666666667
 10
456.0
 20
498.6666666666667
 10
456.0
 20
500.0
 97
0
 75
1
 76
1
 98
0
  0
LWPOLYLINE
  5
1E1
330
17
100
AcDbEntity
  8
tabiques_PA
100
AcDbPolyline
 90
4
 70
1
 10
456.0
 20
492.0
 10
457.3333333333333
 20
492.0
 10
457.3333333333333
 20
475.33333333333337
 10
456.0
 20
475.33333333333337
  0
HATCH
  5
1E2
330
17
100
AcDbEntity
  8
RAYADO_OTROS
 62
7
100
AcDbHatch
 10
0.0
 20
0.0
 30
0.0
210
0.0
220
0.0
230
1.0
  2
SOLID
 70
1
 71
0
 91
1
 92
3
 72
0
 73
1
 93
4
 10
456.0
 20
492.0
 10
457.3333333333333
 20
492.0
 10
457.3333333333333
 20
475.33333333333337
 10
456.0
 20
475.33333333333337
 97
0
 75
1
 76
1
 98
0
  0
LWPOLYLINE
  5
1E3
330
17
100
AcDbEntity
  8
tabiques_PA
100
AcDbPolyline
 90
4
 70
1
 10
456.0
 20
464.66666666666663
 10
457.3333333333333
 20
464.66666666666663
 10
457.3333333333333
 20
460.0
 10
456.0
 20
460.0
  0
HATCH
  5
1E4
330
17
100
AcDbEntity
  8
RAYADO_OTROS
 62
7
100
AcDbHatch
 10
0.0
 20
0.0
 30
0.0
210
0.0
220
0.0
230
1.0
  2
SOLID
 70
1
 71
0
 91
1
 92
3
 72
0
 73
1
 93
4
 10
456.0
 20
464.66666666666663
 10
457.3333333333333
 20
464.66666666666663
 10
457.3333333333333
 20
460.0
 10
456.0
 20
460.0
 97
0
 75
1
 76
1
 98
0
  0
LWPOLYLINE
  5
1E5
330
17
100
AcDbEntity
  8
chimenea
100
AcDbPolyline
 90
4
 70
1
 10
385.3333333333333
 20
468.0
 10
392.0
 20
468.0
 10
392.0
 20
461.3333333333333
 10
385.3333333333333
 20
461.3333333333333
  0
LWPOLYLINE
  5
1E6
330
17
100
AcDbEntity
  8
acero_pilares
100
AcDbPolyline
 90
12
 70
1
 10
376.53333333333336
 20
442.5333333333333
 10
376.53333333333336
 20
444.1333333333333
 10
376.68
 20
444.1333333333333
 10
376.68
 20
443.37666666666667
 10
377.9866666666667
 20
443.37666666666667
 10
377.9866666666667
 20
444.1333333333333
 10
378.1333333333333
 20
444.1333333333333
 10
378.1333333333333
 20
442.5333333333333
 10
377.9866666666667
 20
442.5333333333333
 10
377.9866666666667
 20
443.29
 10
376.68
 20
443.28999999999996
 10
376.68
 20
442.5333333333333
  0
HATCH
  5
1E7
330
17
100
AcDbEntity
  8
RAYADO_FORJADO
 62
5
100
AcDbHatch
 10
0.0
 20
0.0
 30
0.0
210
0.0
220
0.0
230
1.0
  2
SOLID
 70
1
 71
0
 91
1
 92
3
 72
0
 73
1
 93
12
 10
376.53333333333336
 20
442.5333333333333
 10
376.53333333333336
 20
444.1333333333333
 10
376.68
 20
444.1333333333333
 10
376.68
 20
443.37666666666667
 10
377.9866666666667
 20
443.37666666666667
 10
377.9866666666667
 20
444.1333333333333
 10
378.1333333333333
 20
444.1333333333333
 10
378.1333333333333
 20
442.5333333333333
 10
377.9866666666667
 20
442.5333333333333
 10
377.9866666666667
 20
443.29
 10
376.68
 20
443.28999999999996
 10
376.68
 20
442.5333333333333
 97
0
 75
1
 76
1
 98
0
  0
LWPOLYLINE
  5
1E8
330
17
100
AcDbEntity
  8
acero_pilares
100
AcDbPolyline
 90
12
 70
1
 10
376.53333333333336
 20
498.5333333333333
 10
376.53333333333336
 20
500.1333333333333
 10
376.68
 20
500.1333333333333
 10
376.68
 20
499.37666666666667
 10
377.9866666666667
 20
499.37666666666667
 10
377.9866666666667
 20
500.1333333333333
 10
378.1333333333333
 20
500.1333333333333
 10
378.1333333333333
 20
498.5333333333333
 10
377.9866666666667
 20
498.5333333333333
 10
377.9866666666667
 20
499.29
 10
376.68
 20
499.29
 10
376.68
 20
498.5333333333333
  0
HATCH
  5
1E9
330
17
100
AcDbEntity
  8
RAYADO_FORJADO
 62
5
100
AcDbHatch
 10
0.0
 20
0.0
 30
0.0
210
0.0
220
0.0
230
1.0
  2
SOLID
 70
1
 71
0
 91
1
 92
3
 72
0
 73
1
 93
12
 10
376.53333333333336
 20
498.5333333333333
 10
376.53333333333336
 20
500.1333333333333
 10
376.68
 20
500.1333333333333
 10
376.68
 20
499.37666666666667
 10
377.9866666666667
 20
499.37666666666667
 10
377.9866666666667
 20
500.1333333333333
 10
378.1333333333333
 20
500.1333333333333
 10
378.1333333333333
 20
498.5333333333333
 10
377.9866666666667
 20
498.5333333333333
 10
377.9866666666667
 20
499.29
 10
376.68
 20
499.29
 10
376.68
 20
498.5333333333333
 97
0
 75
1
 76
1
 98
0
  0
LWPOLYLINE
  5
1EA
330
17
100
AcDbEntity
  8
acero_pilares
100
AcDbPolyline
 90
12
 70
1
 10
405.8666666666667
 20
442.5333333333333
 10
405.8666666666667
 20
444.1333333333333
 10
406.0133333333333
 20
444.1333333333333
 10
406.0133333333333
 20
443.37666666666667
 10
407.32
 20
443.37666666666667
 10
407.32
 20
444.1333333333333
 10
407.4666666666667
 20
444.1333333333333
 10
407.4666666666667
 20
442.5333333333333
 10
407.32
 20
442.5333333333333
 10
407.32
 20
443.29
 10
406.0133333333333
 20
443.28999999999996
 10
406.0133333333333
 20
442.5333333333333
  0
HATCH
  5
1EB
330
17
100
AcDbEntity
  8
RAYADO_FORJADO
 62
5
100
AcDbHatch
 10
0.0
 20
0.0
 30
0.0
210
0.0
220
0.0
230
1.0
  2
SOLID
 70
1
 71
0
 91
1
 92
3
 72
0
 73
1
 93
12
 10
405.8666666666667
 20
442.5333333333333
 10
405.8666666666667
 20
444.1333333333333
 10
406.0133333333333
 20
444.1333333333333
 10
406.0133333333333
 20
443.37666666666667
 10
407.32
 20
443.37666666666667
 10
407.32
 20
444.1333333333333
 10
407.4666666666667
 20
444.1333333333333
 10
407.4666666666667
 20
442.5333333333333
 10
407.32
 20
442.5333333333333
 10
407.32
 20
443.29
 10
406.0133333333333
 20
443.28999999999996
 10
406.0133333333333
 20
442.5333333333333
 97
0
 75
1
 76
1
 98
0
  0
LWPOLYLINE
  5
1EC
330
17
100
AcDbEntity
  8
acero_pilares
100
AcDbPolyline
 90
12
 70
1
 10
405.8666666666667
 20
498.5333333333333
 10
405.8666666666667
 20
500.1333333333333
 10
406.0133333333333
 20
500.1333333333333
 10
406.0133333333333
 20
499.37666666666667
 10
407.32
 20
499.37666666666667
 10
407.32
 20
500.1333333333333
 10
407.4666666666667
 20
500.1333333333333
 10
407.4666666666667
 20
498.5333333333333
 10
407.32
 20
498.5333333333333
 10
407.32
 20
499.29
 10
406.0133333333333
 20
499.29
 10
406.0133333333333
 20
498.5333333333333
  0
HATCH
  5
1ED
330
17
100
AcDbEntity
  8
RAYADO_FORJADO
 62
5
100
AcDbHatch
 10
0.0
 20
0.0
 30
0.0
210
0.0
220
0.0
230
1.0
  2
SOLID
 70
1
 71
0
 91
1
 92
3
 72
0
 73
1
 93
12
 10
405.8666666666667
 20
498.5333333333333
 10
405.8666666666667
 20
500.1333333333333
 10
406.0133333333333
 20
500.1333333333333
 10
406.0133333333333
 20
499.37666666666667
 10
407.32
 20
499.37666666666667
 10
407.32
 20
500.1333333333333
 10
407.4666666666667
 20
500.1333333333333
 10
407.4666666666667
 20
498.5333333333333
 10
407.32
 20
498.5333333333333
 10
407.32
 20
499.29
 10
406.0133333333333
 20
499.29
 10
406.0133333333333
 20
498.5333333333333
 97
0
 75
1
 76
1
 98
0
  0
LWPOLYLINE
  5
1EE
330
17
100
AcDbEntity
  8
acero_pilares
100
AcDbPolyline
 90
12
 70
1
 10
431.20000000000005
 20
442.5333333333333
 10
431.20000000000005
 20
444.1333333333333
 10
431.3466666666667
 20
444.1333333333333
 10
431.3466666666667
 20
443.37666666666667
 10
432.65333333333336
 20
443.37666666666667
 10
432.65333333333336
 20
444.1333333333333
 10
432.8
 20
444.1333333333333
 10
432.8
 20
442.5333333333333
 10
432.6533333333333
 20
442.5333333333333
 10
432.65333333333336
 20
443.29
 10
431.3466666666667
 20
443.28999999999996
 10
431.3466666666667
 20
442.5333333333333
  0
HATCH
  5
1EF
330
17
100
AcDbEntity
  8
RAYADO_FORJADO
 62
5
100
AcDbHatch
 10
0.0
 20
0.0
 30
0.0
210
0.0
220
0.0
230
1.0
  2
SOLID
 70
1
 71
0
 91
1
 92
3
 72
0
 73
1
 93
12
 10
431.20000000000005
 20
442.5333333333333
 10
431.20000000000005
 20
444.1333333333333
 10
431.3466666666667
 20
444.1333333333333
 10
431.3466666666667
 20
443.37666666666667
 10
432.65333333333336
 20
443.37666666666667
 10
432.65333333333336
 20
444.1333333333333
 10
432.8
 20
444.1333333333333
 10
432.8
 20
442.5333333333333
 10
432.6533333333333
 20
442.5333333333333
 10
432.65333333333336
 20
443.29
 10
431.3466666666667
 20
443.28999999999996
 10
431.3466666666667
 20
442.5333333333333
 97
0
 75
1
 76
1
 98
0
  0
LWPOLYLINE
  5
1F0
330
17
100
AcDbEntity
  8
acero_pilares
100
AcDbPolyline
 90
12
 70
1
 10
431.20000000000005
 20
498.5333333333333
 10
431.20000000000005
 20
500.1333333333333
 10
431.3466666666667
 20
500.1333333333333
 10
431.3466666666667
 20
499.37666666666667
 10
432.65333333333336
 20
499.37666666666667
 10
432.65333333333336
 20
500.1333333333333
 10
432.8
 20
500.1333333333333
 10
432.8
 20
498.5333333333333
 10
432.6533333333333
 20
498.5333333333333
 10
432.65333333333336
 20
499.29
 10
431.3466666666667
 20
499.29
 10
431.3466666666667
 20
498.5333333333333
  0
HATCH
  5
1F1
330
17
100
AcDbEntity
  8
RAYADO_FORJADO
 62
5
100
AcDbHatch
 10
0.0
 20
0.0
 30
0.0
210
0.0
220
0.0
230
1.0
  2
SOLID
 70
1
 71
0
 91
1
 92
3
 72
0
 73
1
 93
12
 10
431.20000000000005
 20
498.5333333333333
 10
431.20000000000005
 20
500.1333333333333
 10
431.3466666666667
 20
500.1333333333333
 10
431.3466666666667
 20
499.37666666666667
 10
432.65333333333336
 20
499.37666666666667
 10
432.65333333333336
 20
500.1333333333333
 10
432.8
 20
500.1333333333333
 10
432.8
 20
498.5333333333333
 10
432.6533333333333
 20
498.5333333333333
 10
432.65333333333336
 20
499.29
 10
431.3466666666667
 20
499.29
 10
431.3466666666667
 20
498.5333333333333
 97
0
 75
1
 76
1
 98
0
  0
LINE
  5
1F2
330
17
100
AcDbEntity
  8
HUECOS
100
AcDbLine
 10
352.0
 20
439.6
 30
0.0
 11
352.0
 21
446.93333333333334
 31
0.0
  0
LINE
  5
1F3
330
17
100
AcDbEntity
  8
HUECOS
100
AcDbLine
 10
370.6666666666667
 20
439.6
 30
0.0
 11
370.6666666666667
 21
446.93333333333334
 31
0.0
  0
LINE
  5
1F4
330
17
100
AcDbEntity
  8
CARPINTERIA
100
AcDbLine
 10
352.0
 20
442.1666666666667
 30
0.0
 11
370.6666666666667
 21
442.1666666666667
 31
0.0
  0
LINE
  5
1F5
330
17
100
AcDbEntity
  8
CARPINTERIA
100
AcDbLine
 10
352.0
 20
444.3666666666667
 30
0.0
 11
370.6666666666667
 21
444.3666666666667
 31
0.0
  0
LINE
  5
1F6
330
17
100
AcDbEntity
  8
HUECOS
100
AcDbLine
 10
349.3333333333333
 20
552.0
 30
0.0
 11
349.3333333333333
 21
559.3333333333334
 31
0.0
  0
LINE
  5
1F7
330
17
100
AcDbEntity
  8
HUECOS
100
AcDbLine
 10
365.3333333333333
 20
552.0
 30
0.0
 11
365.3333333333333
 21
559.3333333333334
 31
0.0
  0
LINE
  5
1F8
330
17
100
AcDbEntity
  8
CARPINTERIA
100
AcDbLine
 10
349.3333333333333
 20
554.5666666666667
 30
0.0
 11
365.3333333333333
 21
554.5666666666667
 31
0.0
  0
LINE
  5
1F9
330
17
100
AcDbEntity
  8
CARPINTERIA
100
AcDbLine
 10
349.3333333333333
 20
556.7666666666667
 30
0.0
 11
365.3333333333333
 21
556.7666666666667
 31
0.0
  0
LINE
  5
1FA
330
17
100
AcDbEntity
  8
HUECOS
100
AcDbLine
 10
376.0
 20
552.0
 30
0.0
 11
376.0
 21
559.3333333333334
 31
0.0
  0
LINE
  5
1FB
330
17
100
AcDbEntity
  8
HUECOS
100
AcDbLine
 10
392.0
 20
552.0
 30
0.0
 11
392.0
 21
559.3333333333334
 31
0.0
  0
LINE
  5
1FC
330
17
100
AcDbEntity
  8
CARPINTERIA
100
AcDbLine
 10
376.0
 20
554.5666666666667
 30
0.0
 11
392.0
 21
554.5666666666667
 31
0.0
  0
LINE
  5
1FD
330
17
100
AcDbEntity
  8
CARPINTERIA
100
AcDbLine
 10
376.0
 20
556.7666666666667
 30
0.0
 11
392.0
 21
556.7666666666667
 31
0.0
  0
LINE
  5
1FE
330
17
100
AcDbEntity
  8
HUECOS
100
AcDbLine
 10
410.0
 20
552.0
 30
0.0
 11
410.0
 21
559.3333333333334
 31
0.0
  0
LINE
  5
1FF
330
17
100
AcDbEntity
  8
HUECOS
100
AcDbLine
 10
426.0
 20
552.0
 30
0.0
 11
426.0
 21
559.3333333333334
 31
0.0
  0
LINE
  5
200
330
17
100
AcDbEntity
  8
CARPINTERIA
100
AcDbLine
 10
410.0
 20
554.5666666666667
 30
0.0
 11
426.0
 21
554.5666666666667
 31
0.0
  0
LINE
  5
201
330
17
100
AcDbEntity
  8
CARPINTERIA
100
AcDbLine
 10
410.0
 20
556.7666666666667
 30
0.0
 11
426.0
 21
556.7666666666667
 31
0.0
  0
LINE
  5
202
330
17
100
AcDbEntity
  8
HUECOS
100
AcDbLine
 10
436.0
 20
552.0
 30
0.0
 11
436.0
 21
559.3333333333334
 31
0.0
  0
LINE
  5
203
330
17
100
AcDbEntity
  8
HUECOS
100
AcDbLine
 10
449.33333333333337
 20
552.0
 30
0.0
 11
449.33333333333337
 21
559.3333333333334
 31
0.0
  0
LINE
  5
204
330
17
100
AcDbEntity
  8
CARPINTERIA
100
AcDbLine
 10
436.0
 20
554.5666666666667
 30
0.0
 11
449.33333333333337
 21
554.5666666666667
 31
0.0
  0
LINE
  5
205
330
17
100
AcDbEntity
  8
CARPINTERIA
100
AcDbLine
 10
436.0
 20
556.7666666666667
 30
0.0
 11
449.33333333333337
 21
556.7666666666667
 31
0.0
  0
LINE
  5
206
330
17
100
AcDbEntity
  8
HUECOS
100
AcDbLine
 10
456.0
 20
523.3333333333334
 30
0.0
 11
463.33333333333337
 21
523.3333333333334
 31
0.0
  0
LINE
  5
207
330
17
100
AcDbEntity
  8
HUECOS
100
AcDbLine
 10
456.0
 20
539.3333333333333
 30
0.0
 11
463.33333333333337
 21
539.3333333333333
 31
0.0
  0
LINE
  5
208
330
17
100
AcDbEntity
  8
CARPINTERIA
100
AcDbLine
 10
458.56666666666666
 20
523.3333333333334
 30
0.0
 11
458.56666666666666
 21
539.3333333333333
 31
0.0
  0
LINE
  5
209
330
17
100
AcDbEntity
  8
CARPINTERIA
100
AcDbLine
 10
460.76666666666665
 20
523.3333333333334
 30
0.0
 11
460.76666666666665
 21
539.3333333333333
 31
0.0
  0
LINE
  5
20A
330
17
100
AcDbEntity
  8
HUECOS
100
AcDbLine
 10
380.6666666666667
 20
468.6666666666667
 30
0.0
 11
382.0
 21
468.6666666666667
 31
0.0
  0
LINE
  5
20B
330
17
100
AcDbEntity
  8
HUECOS
100
AcDbLine
 10
380.6666666666667
 20
480.6666666666667
 30
0.0
 11
382.0
 21
480.6666666666667
 31
0.0
  0
LINE
  5
20C
330
17
100
AcDbEntity
  8
CARPINTERIA
100
AcDbLine
 10
380.6666666666667
 20
468.6666666666667
 30
0.0
 11
368.6666666666667
 21
468.6666666666667
 31
0.0
  0
ARC
  5
20D
330
17
100
AcDbEntity
  8
CARPINTERIA
100
AcDbCircle
 10
380.6666666666667
 20
468.6666666666667
 30
0.0
 40
12.0
100
AcDbArc
 50
90.0
 51
180.0
  0
TEXT
  5
20E
330
17
100
AcDbEntity
  8
TEXTO
100
AcDbText
 10
375.3333333333333
 20
474.66666666666663
 30
0.0
 40
1.6
  1
P2
 72
1
 11
375.3333333333333
 21
474.66666666666663
 31
0.0
100
AcDbText
 73
2
  0
LINE
  5
20F
330
17
100
AcDbEntity
  8
HUECOS
100
AcDbLine
 10
384.0
 20
498.6666666666667
 30
0.0
 11
384.0
 21
500.0
 31
0.0
  0
LINE
  5
210
330
17
100
AcDbEntity
  8
HUECOS
100
AcDbLine
 10
394.6666666666667
 20
498.6666666666667
 30
0.0
 11
394.6666666666667
 21
500.0
 31
0.0
  0
LINE
  5
211
330
17
100
AcDbEntity
  8
CARPINTERIA
100
AcDbLine
 10
384.0
 20
500.0
 30
0.0
 11
384.0
 21
510.6666666666667
 31
0.0
  0
ARC
  5
212
330
17
100
AcDbEntity
  8
CARPINTERIA
100
AcDbCircle
 10
384.0
 20
500.0
 30
0.0
 40
10.666666666666668
100
AcDbArc
 50
0.0
 51
90.0
  0
TEXT
  5
213
330
17
100
AcDbEntity
  8
TEXTO
100
AcDbText
 10
389.3333333333333
 20
504.6666666666667
 30
0.0
 40
1.6
  1
P2
 72
1
 11
389.3333333333333
 21
504.6666666666667
 31
0.0
100
AcDbText
 73
2
  0
LINE
  5
214
330
17
100
AcDbEntity
  8
HUECOS
100
AcDbLine
 10
409.33333333333337
 20
498.6666666666667
 30
0.0
 11
409.33333333333337
 21
500.0
 31
0.0
  0
LINE
  5
215
330
17
100
AcDbEntity
  8
HUECOS
100
AcDbLine
 10
420.0
 20
498.6666666666667
 30
0.0
 11
420.0
 21
500.0
 31
0.0
  0
LINE
  5
216
330
17
100
AcDbEntity
  8
CARPINTERIA
100
AcDbLine
 10
409.33333333333337
 20
500.0
 30
0.0
 11
409.33333333333337
 21
510.6666666666667
 31
0.0
  0
ARC
  5
217
330
17
100
AcDbEntity
  8
CARPINTERIA
100
AcDbCircle
 10
409.33333333333337
 20
500.0
 30
0.0
 40
10.666666666666668
100
AcDbArc
 50
0.0
 51
90.0
  0
TEXT
  5
218
330
17
100
AcDbEntity
  8
TEXTO
100
AcDbText
 10
414.6666666666667
 20
504.6666666666667
 30
0.0
 40
1.6
  1
P2
 72
1
 11
414.6666666666667
 21
504.6666666666667
 31
0.0
100
AcDbText
 73
2
  0
LINE
  5
219
330
17
100
AcDbEntity
  8
HUECOS
100
AcDbLine
 10
456.0
 20
464.66666666666663
 30
0.0
 11
457.3333333333333
 21
464.66666666666663
 31
0.0
  0
LINE
  5
21A
330
17
100
AcDbEntity
  8
HUECOS
100
AcDbLine
 10
456.0
 20
475.33333333333337
 30
0.0
 11
457.3333333333333
 21
475.33333333333337
 31
0.0
  0
LINE
  5
21B
330
17
100
AcDbEntity
  8
CARPINTERIA
100
AcDbLine
 10
457.3333333333333
 20
464.66666666666663
 30
0.0
 11
468.0
 21
464.66666666666663
 31
0.0
  0
ARC
  5
21C
330
17
100
AcDbEntity
  8
CARPINTERIA
100
AcDbCircle
 10
457.3333333333333
 20
464.66666666666663
 30
0.0
 40
10.666666666666668
100
AcDbArc
 50
0.0
 51
90.0
  0
TEXT
  5
21D
330
17
100
AcDbEntity
  8
TEXTO
100
AcDbText
 10
462.0
 20
470.0
 30
0.0
 40
1.6
  1
P3
 72
1
 11
462.0
 21
470.0
 31
0.0
100
AcDbText
 73
2
  0
LWPOLYLINE
  5
21E
330
17
100
AcDbEntity
  8
ESCALERA_ALTA
100
AcDbPolyline
 90
4
 70
1
 10
432.6666666666667
 20
461.3333333333333
 10
456.0
 20
461.3333333333333
 10
456.0
 20
498.6666666666667
 10
432.6666666666667
 20
498.6666666666667
  0
LWPOLYLINE
  5
21F
330
17
100
AcDbEntity
  8
VIGAS
100
AcDbPolyline
 90
2
 70
0
 10
370.6666666666667
 20
443.3333333333333
 10
459.6666666666667
 20
443.3333333333333
  0
TEXT
  5
220
330
17
100
AcDbEntity
  8
TEXTO
100
AcDbText
 10
416.0
 20
439.3333333333333
 30
0.0
 40
1.4
  1
viga de acero (antes muro)
 72
1
 11
416.0
 21
439.3333333333333
 31
0.0
100
AcDbText
 73
2
  0
TEXT
  5
221
330
17
100
AcDbEntity
  8
TEXTO
100
AcDbText
 10
410.2
 20
397.1333333333333
 30
0.0
 40
2.0
  1
Terraza sobre salón
 72
1
 11
410.2
 21
397.1333333333333
 31
0.0
100
AcDbText
 73
2
  0
TEXT
  5
222
330
17
100
AcDbEntity
  8
TEXTO
100
AcDbText
 10
410.2
 20
391.1333333333333
 30
0.0
 40
1.7
  1
25.5 m²
 72
1
 11
410.2
 21
391.1333333333333
 31
0.0
100
AcDbText
 73
2
  0
TEXT
  5
223
330
17
100
AcDbEntity
  8
TEXTO
100
AcDbText
 10
406.6666666666667
 20
475.4666666666667
 30
0.0
 40
2.0
  1
Sala familiar
 72
1
 11
406.6666666666667
 21
475.4666666666667
 31
0.0
100
AcDbText
 73
2
  0
TEXT
  5
224
330
17
100
AcDbEntity
  8
TEXTO
100
AcDbText
 10
406.6666666666667
 20
469.4666666666667
 30
0.0
 40
1.7
  1
14.4 m²
 72
1
 11
406.6666666666667
 21
469.4666666666667
 31
0.0
100
AcDbText
 73
2
  0
TEXT
  5
225
330
17
100
AcDbEntity
  8
TEXTO
100
AcDbText
 10
444.33333333333337
 20
456.8
 30
0.0
 40
1.5
  1
Entrada
 72
1
 11
444.33333333333337
 21
456.8
 31
0.0
100
AcDbText
 73
2
  0
TEXT
  5
226
330
17
100
AcDbEntity
  8
TEXTO
100
AcDbText
 10
444.33333333333337
 20
450.8
 30
0.0
 40
1.3
  1
1.9 m²
 72
1
 11
444.33333333333337
 21
450.8
 31
0.0
100
AcDbText
 73
2
  0
TEXT
  5
227
330
17
100
AcDbEntity
  8
TEXTO
100
AcDbText
 10
467.0
 20
478.6666666666667
 30
0.0
 40
1.5
  1
Baño
 72
1
 11
467.0
 21
478.6666666666667
 31
0.0
100
AcDbText
 73
2
  0
TEXT
  5
228
330
17
100
AcDbEntity
  8
TEXTO
100
AcDbText
 10
467.0
 20
472.6666666666667
 30
0.0
 40
1.3
  1
3.5 m²
 72
1
 11
467.0
 21
472.6666666666667
 31
0.0
100
AcDbText
 73
2
  0
TEXT
  5
229
330
17
100
AcDbEntity
  8
TEXTO
100
AcDbText
 10
362.0
 20
475.4666666666667
 30
0.0
 40
2.0
  1
Dormitorio 1
 72
1
 11
362.0
 21
475.4666666666667
 31
0.0
100
AcDbText
 73
2
  0
TEXT
  5
22A
330
17
100
AcDbEntity
  8
TEXTO
100
AcDbText
 10
362.0
 20
469.4666666666667
 30
0.0
 40
1.7
  1
10.9 m²
 72
1
 11
362.0
 21
469.4666666666667
 31
0.0
100
AcDbText
 73
2
  0
TEXT
  5
22B
330
17
100
AcDbEntity
  8
TEXTO
100
AcDbText
 10
372.6666666666667
 20
528.6666666666667
 30
0.0
 40
2.0
  1
Dormitorio 2
 72
1
 11
372.6666666666667
 21
528.6666666666667
 31
0.0
100
AcDbText
 73
2
  0
TEXT
  5
22C
330
17
100
AcDbEntity
  8
TEXTO
100
AcDbText
 10
372.6666666666667
 20
522.6666666666667
 30
0.0
 40
1.7
  1
17.2 m²
 72
1
 11
372.6666666666667
 21
522.6666666666667
 31
0.0
100
AcDbText
 73
2
  0
TEXT
  5
22D
330
17
100
AcDbEntity
  8
TEXTO
100
AcDbText
 10
429.6666666666667
 20
528.6666666666667
 30
0.0
 40
2.0
  1
Dormitorio 3 / despacho
 72
1
 11
429.6666666666667
 21
528.6666666666667
 31
0.0
100
AcDbText
 73
2
  0
TEXT
  5
22E
330
17
100
AcDbEntity
  8
TEXTO
100
AcDbText
 10
429.6666666666667
 20
522.6666666666667
 30
0.0
 40
1.7
  1
15.4 m²
 72
1
 11
429.6666666666667
 21
522.6666666666667
 31
0.0
100
AcDbText
 73
2
  0
TEXT
  5
22F
330
17
100
AcDbEntity
  8
TEXTO
100
AcDbText
 10
444.33333333333337
 20
482.66666666666663
 30
0.0
 40
1.5
  1
Hueco escalera
 72
1
 11
444.33333333333337
 21
482.66666666666663
 31
0.0
100
AcDbText
 73
2
  0
TEXT
  5
230
330
17
100
AcDbEntity
  8
TEXTO
100
AcDbText
 10
444.33333333333337
 20
476.66666666666663
 30
0.0
 40
1.3
  1
4.9 m²
 72
1
 11
444.33333333333337
 21
476.66666666666663
 31
0.0
100
AcDbText
 73
2
  0
DIMENSION
  5
231
330
17
100
AcDbEntity
  8
COTAS
100
AcDbDimension
280
0
  2
*D8
  3
EZDXF
 10
378.0
 20
332.6666666666667
 30
0.0
 11
420.6666666666667
 21
334.3666666666667
 31
0.0
 70
32
 71
5
  1
6.40
100
AcDbAlignedDimension
 13
378.0
 23
342.0
 33
0.0
 14
463.33333333333337
 24
342.0
 34
0.0
 50
0.0
100
AcDbRotatedDimension
1001
ACAD
1000
DSTYLE
1002
{
1070
140
1040
2.2
1070
41
1040
1.8
1070
44
1040
1.0
1070
42
1040
0.8
1070
147
1040
0.6
1070
77
1070
1
1070
178
1070
3
1002
}
  0
DIMENSION
  5
240
330
17
100
AcDbEntity
  8
COTAS
100
AcDbDimension
280
0
  2
*D9
  3
EZDXF
 10
504.6666666666667
 20
342.0
 30
0.0
 11
502.9666666666667
 21
397.33333333333337
 31
0.0
 70
32
 71
5
  1
8.30
100
AcDbAlignedDimension
 13
496.6666666666667
 23
342.0
 33
0.0
 14
496.6666666666667
 24
452.6666666666667
 34
0.0
 50
90.0
100
AcDbRotatedDimension
1001
ACAD
1000
DSTYLE
1002
{
1070
140
1040
2.2
1070
41
1040
1.8
1070
44
1040
1.0
1070
42
1040
0.8
1070
147
1040
0.6
1070
77
1070
1
1070
178
1070
3
1002
}
  0
DIMENSION
  5
24F
330
17
100
AcDbEntity
  8
COTAS
100
AcDbDimension
280
0
  2
*D10
  3
EZDXF
 10
504.6666666666667
 20
452.6666666666667
 30
0.0
 11
502.9666666666667
 21
476.0
 31
0.0
 70
32
 71
5
  1
3.50
100
AcDbAlignedDimension
 13
496.6666666666667
 23
452.6666666666667
 33
0.0
 14
496.6666666666667
 24
499.33333333333337
 34
0.0
 50
90.0
100
AcDbRotatedDimension
1001
ACAD
1000
DSTYLE
1002
{
1070
140
1040
2.2
1070
41
1040
1.8
1070
44
1040
1.0
1070
42
1040
0.8
1070
147
1040
0.6
1070
77
1070
1
1070
178
1070
3
1002
}
  0
DIMENSION
  5
25E
330
17
100
AcDbEntity
  8
COTAS
100
AcDbDimension
280
0
  2
*D11
  3
EZDXF
 10
504.6666666666667
 20
499.33333333333337
 30
0.0
 11
502.9666666666667
 21
529.3333333333334
 31
0.0
 70
32
 71
5
  1
4.50
100
AcDbAlignedDimension
 13
496.6666666666667
 23
499.33333333333337
 33
0.0
 14
496.6666666666667
 24
559.3333333333334
 34
0.0
 50
90.0
100
AcDbRotatedDimension
1001
ACAD
1000
DSTYLE
1002
{
1070
140
1040
2.2
1070
41
1040
1.8
1070
44
1040
1.0
1070
42
1040
0.8
1070
147
1040
0.6
1070
77
1070
1
1070
178
1070
3
1002
}
  0
DIMENSION
  5
26D
330
17
100
AcDbEntity
  8
COTAS
100
AcDbDimension
280
0
  2
*D12
  3
EZDXF
 10
512.6666666666667
 20
342.0
 30
0.0
 11
510.96666666666675
 21
450.6666666666667
 31
0.0
 70
32
 71
5
  1
16.30
100
AcDbAlignedDimension
 13
496.6666666666667
 23
342.0
 33
0.0
 14
496.6666666666667
 24
559.3333333333334
 34
0.0
 50
90.0
100
AcDbRotatedDimension
1001
ACAD
1000
DSTYLE
1002
{
1070
140
1040
2.2
1070
41
1040
1.8
1070
44
1040
1.0
1070
42
1040
0.8
1070
147
1040
0.6
1070
77
1070
1
1070
178
1070
3
1002
}
  0
DIMENSION
  5
27C
330
17
100
AcDbEntity
  8
COTAS
100
AcDbDimension
280
0
  2
*D13
  3
EZDXF
 10
336.0
 20
567.3333333333334
 30
0.0
 11
399.6666666666667
 21
569.0333333333334
 31
0.0
 70
32
 71
5
  1
9.55
100
AcDbAlignedDimension
 13
336.0
 23
559.3333333333334
 33
0.0
 14
463.33333333333337
 24
559.3333333333334
 34
0.0
 50
0.0
100
AcDbRotatedDimension
1001
ACAD
1000
DSTYLE
1002
{
1070
140
1040
2.2
1070
41
1040
1.8
1070
44
1040
1.0
1070
42
1040
0.8
1070
147
1040
0.6
1070
77
1070
1
1070
178
1070
3
1002
}
  0
DIMENSION
  5
28B
330
17
100
AcDbEntity
  8
COTAS
100
AcDbDimension
280
0
  2
*D14
  3
EZDXF
 10
328.0
 20
439.6
 30
0.0
 11
326.3
 21
499.4666666666667
 31
0.0
 70
32
 71
5
  1
8.98
100
AcDbAlignedDimension
 13
336.0
 23
439.6
 33
0.0
 14
336.0
 24
559.3333333333334
 34
0.0
 50
90.0
100
AcDbRotatedDimension
1001
ACAD
1000
DSTYLE
1002
{
1070
140
1040
2.2
1070
41
1040
1.8
1070
44
1040
1.0
1070
42
1040
0.8
1070
147
1040
0.6
1070
77
1070
1
1070
178
1070
3
1002
}
  0
LINE
  5
29A
330
17
100
AcDbEntity
  8
COTAS
100
AcDbLine
 10
318.6666666666667
 20
539.3333333333334
 30
0.0
 11
318.6666666666667
 21
519.3333333333334
 31
0.0
  0
LINE
  5
29B
330
17
100
AcDbEntity
  8
COTAS
100
AcDbLine
 10
318.6666666666667
 20
519.3333333333334
 30
0.0
 11
316.6666666666667
 21
524.6666666666667
 31
0.0
  0
LINE
  5
29C
330
17
100
AcDbEntity
  8
COTAS
100
AcDbLine
 10
318.6666666666667
 20
519.3333333333334
 30
0.0
 11
320.6666666666667
 21
524.6666666666667
 31
0.0
  0
TEXT
  5
29D
330
17
100
AcDbEntity
  8
TEXTO
100
AcDbText
 10
318.6666666666667
 20
512.6666666666667
 30
0.0
 40
1.8
  1
N (supuesto)
 72
1
 11
318.6666666666667
 21
512.6666666666667
 31
0.0
100
AcDbText
 73
2
  0
TEXT
  5
29E
330
17
100
AcDbEntity
  8
TEXTO
100
AcDbText
 10
415.6666666666667
 20
318.0
 30
0.0
 40
4.0
  1
PLANTA ALTA  esc. 1/75
 72
1
 11
415.6666666666667
 21
318.0
 31
0.0
100
AcDbText
 73
2
  0
LWPOLYLINE
  5
29F
330
17
100
AcDbEntity
  8
cimentacion
100
AcDbPolyline
 90
4
 70
1
 10
574.3333333333334
 20
337.99
 10
574.3333333333334
 20
329.99
 10
589.0
 20
329.99
 10
589.0
 20
337.99
  0
HATCH
  5
2A0
330
17
100
AcDbEntity
  8
RAYADO_OTROS
 62
8
100
AcDbHatch
 10
0.0
 20
0.0
 30
0.0
210
0.0
220
0.0
230
1.0
  2
SOLID
 70
1
 71
0
 91
1
 92
3
 72
0
 73
1
 93
4
 10
574.3333333333334
 20
337.99
 10
574.3333333333334
 20
329.99
 10
589.0
 20
329.99
 10
589.0
 20
337.99
 97
0
 75
1
 76
1
 98
0
  0
LWPOLYLINE
  5
2A1
330
17
100
AcDbEntity
  8
cimentacion
100
AcDbPolyline
 90
4
 70
1
 10
784.3333333333334
 20
329.99
 10
784.3333333333334
 20
337.99
 10
799.0
 20
337.99
 10
799.0
 20
329.99
  0
HATCH
  5
2A2
330
17
100
AcDbEntity
  8
RAYADO_OTROS
 62
8
100
AcDbHatch
 10
0.0
 20
0.0
 30
0.0
210
0.0
220
0.0
230
1.0
  2
SOLID
 70
1
 71
0
 91
1
 92
3
 72
0
 73
1
 93
4
 10
784.3333333333334
 20
329.99
 10
784.3333333333334
 20
337.99
 10
799.0
 20
337.99
 10
799.0
 20
329.99
 97
0
 75
1
 76
1
 98
0
  0
LWPOLYLINE
  5
2A3
330
17
100
AcDbEntity
  8
muros_PB
100
AcDbPolyline
 90
4
 70
1
 10
578.0
 20
381.45666666666665
 10
585.3333333333334
 20
381.45666666666665
 10
585.3333333333334
 20
371.99
 10
578.0
 20
371.99
  0
HATCH
  5
2A4
330
17
100
AcDbEntity
  8
RAYADO_MURO
 62
7
100
AcDbHatch
 10
0.0
 20
0.0
 30
0.0
210
0.0
220
0.0
230
1.0
  2
ANSI31
 70
0
 71
0
 91
1
 92
3
 72
0
 73
1
 93
4
 10
578.0
 20
381.45666666666665
 10
585.3333333333334
 20
381.45666666666665
 10
585.3333333333334
 20
371.99
 10
578.0
 20
371.99
 97
0
 75
1
 76
1
 52
45.0
 41
0.6
 77
0
 78
1
 53
90.0
 43
0.0
 44
0.0
 45
-1.905
 46
0.0
 79
0
 98
0
  0
LWPOLYLINE
  5
2A5
330
17
100
AcDbEntity
  8
muros_PB
100
AcDbPolyline
 90
4
 70
1
 10
788.0
 20
337.99
 10
788.0
 20
349.99
 10
795.3333333333334
 20
349.99
 10
795.3333333333334
 20
337.99
  0
HATCH
  5
2A6
330
17
100
AcDbEntity
  8
RAYADO_MURO
 62
7
100
AcDbHatch
 10
0.0
 20
0.0
 30
0.0
210
0.0
220
0.0
230
1.0
  2
ANSI31
 70
0
 71
0
 91
1
 92
3
 72
0
 73
1
 93
4
 10
788.0
 20
337.99
 10
788.0
 20
349.99
 10
795.3333333333334
 20
349.99
 10
795.3333333333334
 20
337.99
 97
0
 75
1
 76
1
 52
45.0
 41
0.6
 77
0
 78
1
 53
90.0
 43
0.0
 44
0.0
 45
-1.905
 46
0.0
 79
0
 98
0
  0
LWPOLYLINE
  5
2A7
330
17
100
AcDbEntity
  8
muros_PB
100
AcDbPolyline
 90
4
 70
1
 10
788.0
 20
381.45666666666665
 10
795.3333333333334
 20
381.45666666666665
 10
795.3333333333334
 20
367.3233333333333
 10
788.0
 20
367.3233333333333
  0
HATCH
  5
2A8
330
17
100
AcDbEntity
  8
RAYADO_MURO
 62
7
100
AcDbHatch
 10
0.0
 20
0.0
 30
0.0
210
0.0
220
0.0
230
1.0
  2
ANSI31
 70
0
 71
0
 91
1
 92
3
 72
0
 73
1
 93
4
 10
788.0
 20
381.45666666666665
 10
795.3333333333334
 20
381.45666666666665
 10
795.3333333333334
 20
367.3233333333333
 10
788.0
 20
367.3233333333333
 97
0
 75
1
 76
1
 52
45.0
 41
0.6
 77
0
 78
1
 53
90.0
 43
0.0
 44
0.0
 45
-1.905
 46
0.0
 79
0
 98
0
  0
LWPOLYLINE
  5
2A9
330
17
100
AcDbEntity
  8
muros_PA
100
AcDbPolyline
 90
4
 70
1
 10
788.0
 20
381.45666666666665
 10
788.0
 20
393.45666666666665
 10
795.3333333333334
 20
393.45666666666665
 10
795.3333333333334
 20
381.45666666666665
  0
HATCH
  5
2AA
330
17
100
AcDbEntity
  8
RAYADO_MURO
 62
7
100
AcDbHatch
 10
0.0
 20
0.0
 30
0.0
210
0.0
220
0.0
230
1.0
  2
ANSI31
 70
0
 71
0
 91
1
 92
3
 72
0
 73
1
 93
4
 10
788.0
 20
381.45666666666665
 10
788.0
 20
393.45666666666665
 10
795.3333333333334
 20
393.45666666666665
 10
795.3333333333334
 20
381.45666666666665
 97
0
 75
1
 76
1
 52
45.0
 41
0.6
 77
0
 78
1
 53
90.0
 43
0.0
 44
0.0
 45
-1.905
 46
0.0
 79
0
 98
0
  0
LWPOLYLINE
  5
2AB
330
17
100
AcDbEntity
  8
muros_PA
100
AcDbPolyline
 90
4
 70
1
 10
788.0
 20
417.45666666666665
 10
795.3333333333334
 20
417.45666666666665
 10
795.3333333333334
 20
410.79
 10
788.0
 20
410.79
  0
HATCH
  5
2AC
330
17
100
AcDbEntity
  8
RAYADO_MURO
 62
7
100
AcDbHatch
 10
0.0
 20
0.0
 30
0.0
210
0.0
220
0.0
230
1.0
  2
ANSI31
 70
0
 71
0
 91
1
 92
3
 72
0
 73
1
 93
4
 10
788.0
 20
417.45666666666665
 10
795.3333333333334
 20
417.45666666666665
 10
795.3333333333334
 20
410.79
 10
788.0
 20
410.79
 97
0
 75
1
 76
1
 52
45.0
 41
0.6
 77
0
 78
1
 53
90.0
 43
0.0
 44
0.0
 45
-1.905
 46
0.0
 79
0
 98
0
  0
LWPOLYLINE
  5
2AD
330
17
100
AcDbEntity
  8
parapeto_terraza
100
AcDbPolyline
 90
4
 70
1
 10
578.0
 20
394.79
 10
582.0
 20
394.79
 10
582.0
 20
381.45666666666665
 10
578.0
 20
381.45666666666665
  0
HATCH
  5
2AE
330
17
100
AcDbEntity
  8
RAYADO_MURO
 62
7
100
AcDbHatch
 10
0.0
 20
0.0
 30
0.0
210
0.0
220
0.0
230
1.0
  2
ANSI31
 70
0
 71
0
 91
1
 92
3
 72
0
 73
1
 93
4
 10
578.0
 20
394.79
 10
582.0
 20
394.79
 10
582.0
 20
381.45666666666665
 10
578.0
 20
381.45666666666665
 97
0
 75
1
 76
1
 52
45.0
 41
0.6
 77
0
 78
1
 53
90.0
 43
0.0
 44
0.0
 45
-1.905
 46
0.0
 79
0
 98
0
  0
LWPOLYLINE
  5
2AF
330
17
100
AcDbEntity
  8
parapeto_terraza
100
AcDbPolyline
 90
4
 70
1
 10
671.6
 20
381.45666666666665
 10
671.6
 20
394.79
 10
672.9333333333334
 20
394.79
 10
672.9333333333334
 20
381.45666666666665
  0
HATCH
  5
2B0
330
17
100
AcDbEntity
  8
RAYADO_MURO
 62
7
100
AcDbHatch
 10
0.0
 20
0.0
 30
0.0
210
0.0
220
0.0
230
1.0
  2
ANSI31
 70
0
 71
0
 91
1
 92
3
 72
0
 73
1
 93
4
 10
671.6
 20
381.45666666666665
 10
671.6
 20
394.79
 10
672.9333333333334
 20
394.79
 10
672.9333333333334
 20
381.45666666666665
 97
0
 75
1
 76
1
 52
45.0
 41
0.6
 77
0
 78
1
 53
90.0
 43
0.0
 44
0.0
 45
-1.905
 46
0.0
 79
0
 98
0
  0
LWPOLYLINE
  5
2B1
330
17
100
AcDbEntity
  8
parapeto_cubierta
100
AcDbPolyline
 90
4
 70
1
 10
675.6
 20
424.12333333333333
 10
679.6
 20
424.12333333333333
 10
679.6
 20
417.45666666666665
 10
675.6
 20
417.45666666666665
  0
HATCH
  5
2B2
330
17
100
AcDbEntity
  8
RAYADO_MURO
 62
7
100
AcDbHatch
 10
0.0
 20
0.0
 30
0.0
210
0.0
220
0.0
230
1.0
  2
ANSI31
 70
0
 71
0
 91
1
 92
3
 72
0
 73
1
 93
4
 10
675.6
 20
424.12333333333333
 10
679.6
 20
424.12333333333333
 10
679.6
 20
417.45666666666665
 10
675.6
 20
417.45666666666665
 97
0
 75
1
 76
1
 52
45.0
 41
0.6
 77
0
 78
1
 53
90.0
 43
0.0
 44
0.0
 45
-1.905
 46
0.0
 79
0
 98
0
  0
LWPOLYLINE
  5
2B3
330
17
100
AcDbEntity
  8
parapeto_cubierta
100
AcDbPolyline
 90
4
 70
1
 10
791.3333333333334
 20
417.45666666666665
 10
791.3333333333334
 20
424.12333333333333
 10
795.3333333333334
 20
424.12333333333333
 10
795.3333333333334
 20
417.45666666666665
  0
HATCH
  5
2B4
330
17
100
AcDbEntity
  8
RAYADO_MURO
 62
7
100
AcDbHatch
 10
0.0
 20
0.0
 30
0.0
210
0.0
220
0.0
230
1.0
  2
ANSI31
 70
0
 71
0
 91
1
 92
3
 72
0
 73
1
 93
4
 10
791.3333333333334
 20
417.45666666666665
 10
791.3333333333334
 20
424.12333333333333
 10
795.3333333333334
 20
424.12333333333333
 10
795.3333333333334
 20
417.45666666666665
 97
0
 75
1
 76
1
 52
45.0
 41
0.6
 77
0
 78
1
 53
90.0
 43
0.0
 44
0.0
 45
-1.905
 46
0.0
 79
0
 98
0
  0
LWPOLYLINE
  5
2B5
330
17
100
AcDbEntity
  8
forjado_PB_PA
100
AcDbPolyline
 90
4
 70
1
 10
578.0
 20
381.4566666666667
 10
795.3333333333334
 20
381.4566666666667
 10
795.3333333333334
 20
379.45666666666665
 10
578.0
 20
379.45666666666665
  0
HATCH
  5
2B6
330
17
100
AcDbEntity
  8
RAYADO_FORJADO
 62
7
100
AcDbHatch
 10
0.0
 20
0.0
 30
0.0
210
0.0
220
0.0
230
1.0
  2
SOLID
 70
1
 71
0
 91
1
 92
3
 72
0
 73
1
 93
4
 10
578.0
 20
381.4566666666667
 10
795.3333333333334
 20
381.4566666666667
 10
795.3333333333334
 20
379.45666666666665
 10
578.0
 20
379.45666666666665
 97
0
 75
1
 76
1
 98
0
  0
LWPOLYLINE
  5
2B7
330
17
100
AcDbEntity
  8
forjado_cubierta
100
AcDbPolyline
 90
4
 70
1
 10
675.6
 20
417.4566666666667
 10
795.3333333333334
 20
417.4566666666667
 10
795.3333333333334
 20
415.45666666666665
 10
675.6
 20
415.4566666666667
  0
HATCH
  5
2B8
330
17
100
AcDbEntity
  8
RAYADO_FORJADO
 62
7
100
AcDbHatch
 10
0.0
 20
0.0
 30
0.0
210
0.0
220
0.0
230
1.0
  2
SOLID
 70
1
 71
0
 91
1
 92
3
 72
0
 73
1
 93
4
 10
675.6
 20
417.4566666666667
 10
795.3333333333334
 20
417.4566666666667
 10
795.3333333333334
 20
415.45666666666665
 10
675.6
 20
415.4566666666667
 97
0
 75
1
 76
1
 98
0
  0
LWPOLYLINE
  5
2B9
330
17
100
AcDbEntity
  8
tabiques_PB
100
AcDbPolyline
 90
4
 70
1
 10
734.6666666666667
 20
379.45666666666665
 10
736.0
 20
379.45666666666665
 10
736.0
 20
369.99
 10
734.6666666666667
 20
369.99
  0
HATCH
  5
2BA
330
17
100
AcDbEntity
  8
RAYADO_OTROS
 62
7
100
AcDbHatch
 10
0.0
 20
0.0
 30
0.0
210
0.0
220
0.0
230
1.0
  2
SOLID
 70
1
 71
0
 91
1
 92
3
 72
0
 73
1
 93
4
 10
734.6666666666667
 20
379.45666666666665
 10
736.0
 20
379.45666666666665
 10
736.0
 20
369.99
 10
734.6666666666667
 20
369.99
 97
0
 75
1
 76
1
 98
0
  0
LWPOLYLINE
  5
2BB
330
17
100
AcDbEntity
  8
tabiques_PA
100
AcDbPolyline
 90
4
 70
1
 10
734.6666666666667
 20
415.4566666666667
 10
736.0
 20
415.4566666666667
 10
736.0
 20
408.79
 10
734.6666666666667
 20
408.78999999999996
  0
HATCH
  5
2BC
330
17
100
AcDbEntity
  8
RAYADO_OTROS
 62
7
100
AcDbHatch
 10
0.0
 20
0.0
 30
0.0
210
0.0
220
0.0
230
1.0
  2
SOLID
 70
1
 71
0
 91
1
 92
3
 72
0
 73
1
 93
4
 10
734.6666666666667
 20
415.4566666666667
 10
736.0
 20
415.4566666666667
 10
736.0
 20
408.79
 10
734.6666666666667
 20
408.78999999999996
 97
0
 75
1
 76
1
 98
0
  0
LWPOLYLINE
  5
2BD
330
17
100
AcDbEntity
  8
acero_viguetas_salon
100
AcDbPolyline
 90
12
 70
1
 10
590.5333333333333
 20
379.45666666666665
 10
592.1333333333333
 20
379.45666666666665
 10
592.1333333333333
 20
379.326
 10
591.3746666666667
 20
379.326
 10
591.3746666666667
 20
376.38733333333334
 10
592.1333333333333
 20
376.38733333333334
 10
592.1333333333333
 20
376.25666666666666
 10
590.5333333333333
 20
376.25666666666666
 10
590.5333333333333
 20
376.38733333333334
 10
591.292
 20
376.38733333333334
 10
591.292
 20
379.326
 10
590.5333333333333
 20
379.326
  0
HATCH
  5
2BE
330
17
100
AcDbEntity
  8
RAYADO_FORJADO
 62
5
100
AcDbHatch
 10
0.0
 20
0.0
 30
0.0
210
0.0
220
0.0
230
1.0
  2
SOLID
 70
1
 71
0
 91
1
 92
3
 72
0
 73
1
 93
12
 10
590.5333333333333
 20
379.45666666666665
 10
592.1333333333333
 20
379.45666666666665
 10
592.1333333333333
 20
379.326
 10
591.3746666666667
 20
379.326
 10
591.3746666666667
 20
376.38733333333334
 10
592.1333333333333
 20
376.38733333333334
 10
592.1333333333333
 20
376.25666666666666
 10
590.5333333333333
 20
376.25666666666666
 10
590.5333333333333
 20
376.38733333333334
 10
591.292
 20
376.38733333333334
 10
591.292
 20
379.326
 10
590.5333333333333
 20
379.326
 97
0
 75
1
 76
1
 98
0
  0
LWPOLYLINE
  5
2BF
330
17
100
AcDbEntity
  8
acero_viguetas_salon
100
AcDbPolyline
 90
12
 70
1
 10
606.5333333333333
 20
379.45666666666665
 10
608.1333333333333
 20
379.45666666666665
 10
608.1333333333333
 20
379.326
 10
607.3746666666667
 20
379.326
 10
607.3746666666667
 20
376.38733333333334
 10
608.1333333333333
 20
376.38733333333334
 10
608.1333333333333
 20
376.25666666666666
 10
606.5333333333333
 20
376.25666666666666
 10
606.5333333333333
 20
376.38733333333334
 10
607.292
 20
376.38733333333334
 10
607.292
 20
379.326
 10
606.5333333333333
 20
379.326
  0
HATCH
  5
2C0
330
17
100
AcDbEntity
  8
RAYADO_FORJADO
 62
5
100
AcDbHatch
 10
0.0
 20
0.0
 30
0.0
210
0.0
220
0.0
230
1.0
  2
SOLID
 70
1
 71
0
 91
1
 92
3
 72
0
 73
1
 93
12
 10
606.5333333333333
 20
379.45666666666665
 10
608.1333333333333
 20
379.45666666666665
 10
608.1333333333333
 20
379.326
 10
607.3746666666667
 20
379.326
 10
607.3746666666667
 20
376.38733333333334
 10
608.1333333333333
 20
376.38733333333334
 10
608.1333333333333
 20
376.25666666666666
 10
606.5333333333333
 20
376.25666666666666
 10
606.5333333333333
 20
376.38733333333334
 10
607.292
 20
376.38733333333334
 10
607.292
 20
379.326
 10
606.5333333333333
 20
379.326
 97
0
 75
1
 76
1
 98
0
  0
LWPOLYLINE
  5
2C1
330
17
100
AcDbEntity
  8
acero_viguetas_salon
100
AcDbPolyline
 90
12
 70
1
 10
622.5333333333333
 20
379.45666666666665
 10
624.1333333333333
 20
379.45666666666665
 10
624.1333333333333
 20
379.326
 10
623.3746666666667
 20
379.326
 10
623.3746666666667
 20
376.38733333333334
 10
624.1333333333333
 20
376.38733333333334
 10
624.1333333333333
 20
376.25666666666666
 10
622.5333333333333
 20
376.25666666666666
 10
622.5333333333333
 20
376.38733333333334
 10
623.292
 20
376.38733333333334
 10
623.292
 20
379.326
 10
622.5333333333333
 20
379.326
  0
HATCH
  5
2C2
330
17
100
AcDbEntity
  8
RAYADO_FORJADO
 62
5
100
AcDbHatch
 10
0.0
 20
0.0
 30
0.0
210
0.0
220
0.0
230
1.0
  2
SOLID
 70
1
 71
0
 91
1
 92
3
 72
0
 73
1
 93
12
 10
622.5333333333333
 20
379.45666666666665
 10
624.1333333333333
 20
379.45666666666665
 10
624.1333333333333
 20
379.326
 10
623.3746666666667
 20
379.326
 10
623.3746666666667
 20
376.38733333333334
 10
624.1333333333333
 20
376.38733333333334
 10
624.1333333333333
 20
376.25666666666666
 10
622.5333333333333
 20
376.25666666666666
 10
622.5333333333333
 20
376.38733333333334
 10
623.292
 20
376.38733333333334
 10
623.292
 20
379.326
 10
622.5333333333333
 20
379.326
 97
0
 75
1
 76
1
 98
0
  0
LWPOLYLINE
  5
2C3
330
17
100
AcDbEntity
  8
acero_viguetas_salon
100
AcDbPolyline
 90
12
 70
1
 10
638.5333333333333
 20
379.45666666666665
 10
640.1333333333333
 20
379.45666666666665
 10
640.1333333333333
 20
379.326
 10
639.3746666666667
 20
379.326
 10
639.3746666666667
 20
376.38733333333334
 10
640.1333333333333
 20
376.38733333333334
 10
640.1333333333333
 20
376.25666666666666
 10
638.5333333333333
 20
376.25666666666666
 10
638.5333333333333
 20
376.38733333333334
 10
639.292
 20
376.38733333333334
 10
639.292
 20
379.326
 10
638.5333333333333
 20
379.326
  0
HATCH
  5
2C4
330
17
100
AcDbEntity
  8
RAYADO_FORJADO
 62
5
100
AcDbHatch
 10
0.0
 20
0.0
 30
0.0
210
0.0
220
0.0
230
1.0
  2
SOLID
 70
1
 71
0
 91
1
 92
3
 72
0
 73
1
 93
12
 10
638.5333333333333
 20
379.45666666666665
 10
640.1333333333333
 20
379.45666666666665
 10
640.1333333333333
 20
379.326
 10
639.3746666666667
 20
379.326
 10
639.3746666666667
 20
376.38733333333334
 10
640.1333333333333
 20
376.38733333333334
 10
640.1333333333333
 20
376.25666666666666
 10
638.5333333333333
 20
376.25666666666666
 10
638.5333333333333
 20
376.38733333333334
 10
639.292
 20
376.38733333333334
 10
639.292
 20
379.326
 10
638.5333333333333
 20
379.326
 97
0
 75
1
 76
1
 98
0
  0
LWPOLYLINE
  5
2C5
330
17
100
AcDbEntity
  8
acero_viguetas_salon
100
AcDbPolyline
 90
12
 70
1
 10
654.5333333333333
 20
379.45666666666665
 10
656.1333333333333
 20
379.45666666666665
 10
656.1333333333333
 20
379.326
 10
655.3746666666666
 20
379.326
 10
655.3746666666667
 20
376.38733333333334
 10
656.1333333333333
 20
376.38733333333334
 10
656.1333333333333
 20
376.25666666666666
 10
654.5333333333333
 20
376.25666666666666
 10
654.5333333333333
 20
376.38733333333334
 10
655.292
 20
376.38733333333334
 10
655.292
 20
379.326
 10
654.5333333333333
 20
379.326
  0
HATCH
  5
2C6
330
17
100
AcDbEntity
  8
RAYADO_FORJADO
 62
5
100
AcDbHatch
 10
0.0
 20
0.0
 30
0.0
210
0.0
220
0.0
230
1.0
  2
SOLID
 70
1
 71
0
 91
1
 92
3
 72
0
 73
1
 93
12
 10
654.5333333333333
 20
379.45666666666665
 10
656.1333333333333
 20
379.45666666666665
 10
656.1333333333333
 20
379.326
 10
655.3746666666666
 20
379.326
 10
655.3746666666667
 20
376.38733333333334
 10
656.1333333333333
 20
376.38733333333334
 10
656.1333333333333
 20
376.25666666666666
 10
654.5333333333333
 20
376.25666666666666
 10
654.5333333333333
 20
376.38733333333334
 10
655.292
 20
376.38733333333334
 10
655.292
 20
379.326
 10
654.5333333333333
 20
379.326
 97
0
 75
1
 76
1
 98
0
  0
LWPOLYLINE
  5
2C7
330
17
100
AcDbEntity
  8
acero_viguetas_salon
100
AcDbPolyline
 90
12
 70
1
 10
667.2
 20
379.45666666666665
 10
668.8
 20
379.45666666666665
 10
668.8
 20
379.326
 10
668.0413333333333
 20
379.326
 10
668.0413333333333
 20
376.38733333333334
 10
668.8
 20
376.38733333333334
 10
668.8
 20
376.25666666666666
 10
667.2
 20
376.25666666666666
 10
667.2
 20
376.38733333333334
 10
667.9586666666667
 20
376.38733333333334
 10
667.9586666666667
 20
379.326
 10
667.2
 20
379.326
  0
HATCH
  5
2C8
330
17
100
AcDbEntity
  8
RAYADO_FORJADO
 62
5
100
AcDbHatch
 10
0.0
 20
0.0
 30
0.0
210
0.0
220
0.0
230
1.0
  2
SOLID
 70
1
 71
0
 91
1
 92
3
 72
0
 73
1
 93
12
 10
667.2
 20
379.45666666666665
 10
668.8
 20
379.45666666666665
 10
668.8
 20
379.326
 10
668.0413333333333
 20
379.326
 10
668.0413333333333
 20
376.38733333333334
 10
668.8
 20
376.38733333333334
 10
668.8
 20
376.25666666666666
 10
667.2
 20
376.25666666666666
 10
667.2
 20
376.38733333333334
 10
667.9586666666667
 20
376.38733333333334
 10
667.9586666666667
 20
379.326
 10
667.2
 20
379.326
 97
0
 75
1
 76
1
 98
0
  0
LWPOLYLINE
  5
2C9
330
17
100
AcDbEntity
  8
acero_viguetas_casa
100
AcDbPolyline
 90
12
 70
1
 10
688.5066666666667
 20
379.45666666666665
 10
689.36
 20
379.45666666666665
 10
689.36
 20
379.37266666666665
 10
688.9626666666667
 20
379.37266666666665
 10
688.9626666666667
 20
377.9406666666667
 10
689.36
 20
377.9406666666667
 10
689.36
 20
377.8566666666667
 10
688.5066666666667
 20
377.8566666666667
 10
688.5066666666667
 20
377.9406666666667
 10
688.904
 20
377.9406666666667
 10
688.904
 20
379.37266666666665
 10
688.5066666666667
 20
379.37266666666665
  0
HATCH
  5
2CA
330
17
100
AcDbEntity
  8
RAYADO_FORJADO
 62
5
100
AcDbHatch
 10
0.0
 20
0.0
 30
0.0
210
0.0
220
0.0
230
1.0
  2
SOLID
 70
1
 71
0
 91
1
 92
3
 72
0
 73
1
 93
12
 10
688.5066666666667
 20
379.45666666666665
 10
689.36
 20
379.45666666666665
 10
689.36
 20
379.37266666666665
 10
688.9626666666667
 20
379.37266666666665
 10
688.9626666666667
 20
377.9406666666667
 10
689.36
 20
377.9406666666667
 10
689.36
 20
377.8566666666667
 10
688.5066666666667
 20
377.8566666666667
 10
688.5066666666667
 20
377.9406666666667
 10
688.904
 20
377.9406666666667
 10
688.904
 20
379.37266666666665
 10
688.5066666666667
 20
379.37266666666665
 97
0
 75
1
 76
1
 98
0
  0
LWPOLYLINE
  5
2CB
330
17
100
AcDbEntity
  8
acero_viguetas_casa
100
AcDbPolyline
 90
12
 70
1
 10
704.5066666666667
 20
379.45666666666665
 10
705.36
 20
379.45666666666665
 10
705.36
 20
379.37266666666665
 10
704.9626666666667
 20
379.37266666666665
 10
704.9626666666667
 20
377.9406666666667
 10
705.36
 20
377.9406666666667
 10
705.36
 20
377.8566666666667
 10
704.5066666666667
 20
377.8566666666667
 10
704.5066666666667
 20
377.9406666666667
 10
704.904
 20
377.9406666666667
 10
704.904
 20
379.37266666666665
 10
704.5066666666667
 20
379.37266666666665
  0
HATCH
  5
2CC
330
17
100
AcDbEntity
  8
RAYADO_FORJADO
 62
5
100
AcDbHatch
 10
0.0
 20
0.0
 30
0.0
210
0.0
220
0.0
230
1.0
  2
SOLID
 70
1
 71
0
 91
1
 92
3
 72
0
 73
1
 93
12
 10
704.5066666666667
 20
379.45666666666665
 10
705.36
 20
379.45666666666665
 10
705.36
 20
379.37266666666665
 10
704.9626666666667
 20
379.37266666666665
 10
704.9626666666667
 20
377.9406666666667
 10
705.36
 20
377.9406666666667
 10
705.36
 20
377.8566666666667
 10
704.5066666666667
 20
377.8566666666667
 10
704.5066666666667
 20
377.9406666666667
 10
704.904
 20
377.9406666666667
 10
704.904
 20
379.37266666666665
 10
704.5066666666667
 20
379.37266666666665
 97
0
 75
1
 76
1
 98
0
  0
LWPOLYLINE
  5
2CD
330
17
100
AcDbEntity
  8
acero_viguetas_casa
100
AcDbPolyline
 90
12
 70
1
 10
720.5066666666667
 20
379.45666666666665
 10
721.36
 20
379.45666666666665
 10
721.36
 20
379.37266666666665
 10
720.9626666666667
 20
379.37266666666665
 10
720.9626666666667
 20
377.9406666666667
 10
721.36
 20
377.9406666666667
 10
721.36
 20
377.8566666666667
 10
720.5066666666667
 20
377.8566666666667
 10
720.5066666666667
 20
377.9406666666667
 10
720.904
 20
377.9406666666667
 10
720.904
 20
379.37266666666665
 10
720.5066666666667
 20
379.37266666666665
  0
HATCH
  5
2CE
330
17
100
AcDbEntity
  8
RAYADO_FORJADO
 62
5
100
AcDbHatch
 10
0.0
 20
0.0
 30
0.0
210
0.0
220
0.0
230
1.0
  2
SOLID
 70
1
 71
0
 91
1
 92
3
 72
0
 73
1
 93
12
 10
720.5066666666667
 20
379.45666666666665
 10
721.36
 20
379.45666666666665
 10
721.36
 20
379.37266666666665
 10
720.9626666666667
 20
379.37266666666665
 10
720.9626666666667
 20
377.9406666666667
 10
721.36
 20
377.9406666666667
 10
721.36
 20
377.8566666666667
 10
720.5066666666667
 20
377.8566666666667
 10
720.5066666666667
 20
377.9406666666667
 10
720.904
 20
377.9406666666667
 10
720.904
 20
379.37266666666665
 10
720.5066666666667
 20
379.37266666666665
 97
0
 75
1
 76
1
 98
0
  0
LWPOLYLINE
  5
2CF
330
17
100
AcDbEntity
  8
acero_viguetas_casa
100
AcDbPolyline
 90
12
 70
1
 10
736.5066666666667
 20
379.45666666666665
 10
737.36
 20
379.45666666666665
 10
737.36
 20
379.37266666666665
 10
736.9626666666667
 20
379.37266666666665
 10
736.9626666666667
 20
377.9406666666667
 10
737.36
 20
377.9406666666667
 10
737.36
 20
377.8566666666667
 10
736.5066666666667
 20
377.8566666666667
 10
736.5066666666667
 20
377.9406666666667
 10
736.904
 20
377.9406666666667
 10
736.904
 20
379.37266666666665
 10
736.5066666666667
 20
379.37266666666665
  0
HATCH
  5
2D0
330
17
100
AcDbEntity
  8
RAYADO_FORJADO
 62
5
100
AcDbHatch
 10
0.0
 20
0.0
 30
0.0
210
0.0
220
0.0
230
1.0
  2
SOLID
 70
1
 71
0
 91
1
 92
3
 72
0
 73
1
 93
12
 10
736.5066666666667
 20
379.45666666666665
 10
737.36
 20
379.45666666666665
 10
737.36
 20
379.37266666666665
 10
736.9626666666667
 20
379.37266666666665
 10
736.9626666666667
 20
377.9406666666667
 10
737.36
 20
377.9406666666667
 10
737.36
 20
377.8566666666667
 10
736.5066666666667
 20
377.8566666666667
 10
736.5066666666667
 20
377.9406666666667
 10
736.904
 20
377.9406666666667
 10
736.904
 20
379.37266666666665
 10
736.5066666666667
 20
379.37266666666665
 97
0
 75
1
 76
1
 98
0
  0
LWPOLYLINE
  5
2D1
330
17
100
AcDbEntity
  8
acero_viguetas_casa
100
AcDbPolyline
 90
12
 70
1
 10
752.5066666666667
 20
379.45666666666665
 10
753.36
 20
379.45666666666665
 10
753.36
 20
379.37266666666665
 10
752.9626666666667
 20
379.37266666666665
 10
752.9626666666667
 20
377.9406666666667
 10
753.36
 20
377.9406666666667
 10
753.36
 20
377.8566666666667
 10
752.5066666666667
 20
377.8566666666667
 10
752.5066666666667
 20
377.9406666666667
 10
752.904
 20
377.9406666666667
 10
752.904
 20
379.37266666666665
 10
752.5066666666667
 20
379.37266666666665
  0
HATCH
  5
2D2
330
17
100
AcDbEntity
  8
RAYADO_FORJADO
 62
5
100
AcDbHatch
 10
0.0
 20
0.0
 30
0.0
210
0.0
220
0.0
230
1.0
  2
SOLID
 70
1
 71
0
 91
1
 92
3
 72
0
 73
1
 93
12
 10
752.5066666666667
 20
379.45666666666665
 10
753.36
 20
379.45666666666665
 10
753.36
 20
379.37266666666665
 10
752.9626666666667
 20
379.37266666666665
 10
752.9626666666667
 20
377.9406666666667
 10
753.36
 20
377.9406666666667
 10
753.36
 20
377.8566666666667
 10
752.5066666666667
 20
377.8566666666667
 10
752.5066666666667
 20
377.9406666666667
 10
752.904
 20
377.9406666666667
 10
752.904
 20
379.37266666666665
 10
752.5066666666667
 20
379.37266666666665
 97
0
 75
1
 76
1
 98
0
  0
LWPOLYLINE
  5
2D3
330
17
100
AcDbEntity
  8
acero_viguetas_casa
100
AcDbPolyline
 90
12
 70
1
 10
768.5066666666667
 20
379.45666666666665
 10
769.36
 20
379.45666666666665
 10
769.36
 20
379.37266666666665
 10
768.9626666666667
 20
379.37266666666665
 10
768.9626666666667
 20
377.9406666666667
 10
769.36
 20
377.9406666666667
 10
769.36
 20
377.8566666666667
 10
768.5066666666667
 20
377.8566666666667
 10
768.5066666666667
 20
377.9406666666667
 10
768.904
 20
377.9406666666667
 10
768.904
 20
379.37266666666665
 10
768.5066666666667
 20
379.37266666666665
  0
HATCH
  5
2D4
330
17
100
AcDbEntity
  8
RAYADO_FORJADO
 62
5
100
AcDbHatch
 10
0.0
 20
0.0
 30
0.0
210
0.0
220
0.0
230
1.0
  2
SOLID
 70
1
 71
0
 91
1
 92
3
 72
0
 73
1
 93
12
 10
768.5066666666667
 20
379.45666666666665
 10
769.36
 20
379.45666666666665
 10
769.36
 20
379.37266666666665
 10
768.9626666666667
 20
379.37266666666665
 10
768.9626666666667
 20
377.9406666666667
 10
769.36
 20
377.9406666666667
 10
769.36
 20
377.8566666666667
 10
768.5066666666667
 20
377.8566666666667
 10
768.5066666666667
 20
377.9406666666667
 10
768.904
 20
377.9406666666667
 10
768.904
 20
379.37266666666665
 10
768.5066666666667
 20
379.37266666666665
 97
0
 75
1
 76
1
 98
0
  0
LWPOLYLINE
  5
2D5
330
17
100
AcDbEntity
  8
acero_viguetas_casa
100
AcDbPolyline
 90
12
 70
1
 10
784.5066666666667
 20
379.45666666666665
 10
785.36
 20
379.45666666666665
 10
785.36
 20
379.37266666666665
 10
784.9626666666667
 20
379.37266666666665
 10
784.9626666666667
 20
377.9406666666667
 10
785.36
 20
377.9406666666667
 10
785.36
 20
377.8566666666667
 10
784.5066666666667
 20
377.8566666666667
 10
784.5066666666667
 20
377.9406666666667
 10
784.904
 20
377.9406666666667
 10
784.904
 20
379.37266666666665
 10
784.5066666666667
 20
379.37266666666665
  0
HATCH
  5
2D6
330
17
100
AcDbEntity
  8
RAYADO_FORJADO
 62
5
100
AcDbHatch
 10
0.0
 20
0.0
 30
0.0
210
0.0
220
0.0
230
1.0
  2
SOLID
 70
1
 71
0
 91
1
 92
3
 72
0
 73
1
 93
12
 10
784.5066666666667
 20
379.45666666666665
 10
785.36
 20
379.45666666666665
 10
785.36
 20
379.37266666666665
 10
784.9626666666667
 20
379.37266666666665
 10
784.9626666666667
 20
377.9406666666667
 10
785.36
 20
377.9406666666667
 10
785.36
 20
377.8566666666667
 10
784.5066666666667
 20
377.8566666666667
 10
784.5066666666667
 20
377.9406666666667
 10
784.904
 20
377.9406666666667
 10
784.904
 20
379.37266666666665
 10
784.5066666666667
 20
379.37266666666665
 97
0
 75
1
 76
1
 98
0
  0
LWPOLYLINE
  5
2D7
330
17
100
AcDbEntity
  8
acero_viguetas_cubierta
100
AcDbPolyline
 90
12
 70
1
 10
688.5066666666667
 20
415.45666666666665
 10
689.36
 20
415.45666666666665
 10
689.36
 20
415.37266666666665
 10
688.9626666666667
 20
415.37266666666665
 10
688.9626666666667
 20
413.9406666666667
 10
689.36
 20
413.9406666666667
 10
689.36
 20
413.8566666666667
 10
688.5066666666667
 20
413.8566666666667
 10
688.5066666666667
 20
413.9406666666667
 10
688.904
 20
413.9406666666667
 10
688.904
 20
415.37266666666665
 10
688.5066666666667
 20
415.37266666666665
  0
HATCH
  5
2D8
330
17
100
AcDbEntity
  8
RAYADO_FORJADO
 62
5
100
AcDbHatch
 10
0.0
 20
0.0
 30
0.0
210
0.0
220
0.0
230
1.0
  2
SOLID
 70
1
 71
0
 91
1
 92
3
 72
0
 73
1
 93
12
 10
688.5066666666667
 20
415.45666666666665
 10
689.36
 20
415.45666666666665
 10
689.36
 20
415.37266666666665
 10
688.9626666666667
 20
415.37266666666665
 10
688.9626666666667
 20
413.9406666666667
 10
689.36
 20
413.9406666666667
 10
689.36
 20
413.8566666666667
 10
688.5066666666667
 20
413.8566666666667
 10
688.5066666666667
 20
413.9406666666667
 10
688.904
 20
413.9406666666667
 10
688.904
 20
415.37266666666665
 10
688.5066666666667
 20
415.37266666666665
 97
0
 75
1
 76
1
 98
0
  0
LWPOLYLINE
  5
2D9
330
17
100
AcDbEntity
  8
acero_viguetas_cubierta
100
AcDbPolyline
 90
12
 70
1
 10
704.5066666666667
 20
415.45666666666665
 10
705.36
 20
415.45666666666665
 10
705.36
 20
415.37266666666665
 10
704.9626666666667
 20
415.37266666666665
 10
704.9626666666667
 20
413.9406666666667
 10
705.36
 20
413.9406666666667
 10
705.36
 20
413.8566666666667
 10
704.5066666666667
 20
413.8566666666667
 10
704.5066666666667
 20
413.9406666666667
 10
704.904
 20
413.9406666666667
 10
704.904
 20
415.37266666666665
 10
704.5066666666667
 20
415.37266666666665
  0
HATCH
  5
2DA
330
17
100
AcDbEntity
  8
RAYADO_FORJADO
 62
5
100
AcDbHatch
 10
0.0
 20
0.0
 30
0.0
210
0.0
220
0.0
230
1.0
  2
SOLID
 70
1
 71
0
 91
1
 92
3
 72
0
 73
1
 93
12
 10
704.5066666666667
 20
415.45666666666665
 10
705.36
 20
415.45666666666665
 10
705.36
 20
415.37266666666665
 10
704.9626666666667
 20
415.37266666666665
 10
704.9626666666667
 20
413.9406666666667
 10
705.36
 20
413.9406666666667
 10
705.36
 20
413.8566666666667
 10
704.5066666666667
 20
413.8566666666667
 10
704.5066666666667
 20
413.9406666666667
 10
704.904
 20
413.9406666666667
 10
704.904
 20
415.37266666666665
 10
704.5066666666667
 20
415.37266666666665
 97
0
 75
1
 76
1
 98
0
  0
LWPOLYLINE
  5
2DB
330
17
100
AcDbEntity
  8
acero_viguetas_cubierta
100
AcDbPolyline
 90
12
 70
1
 10
720.5066666666667
 20
415.45666666666665
 10
721.36
 20
415.45666666666665
 10
721.36
 20
415.37266666666665
 10
720.9626666666667
 20
415.37266666666665
 10
720.9626666666667
 20
413.9406666666667
 10
721.36
 20
413.9406666666667
 10
721.36
 20
413.8566666666667
 10
720.5066666666667
 20
413.8566666666667
 10
720.5066666666667
 20
413.9406666666667
 10
720.904
 20
413.9406666666667
 10
720.904
 20
415.37266666666665
 10
720.5066666666667
 20
415.37266666666665
  0
HATCH
  5
2DC
330
17
100
AcDbEntity
  8
RAYADO_FORJADO
 62
5
100
AcDbHatch
 10
0.0
 20
0.0
 30
0.0
210
0.0
220
0.0
230
1.0
  2
SOLID
 70
1
 71
0
 91
1
 92
3
 72
0
 73
1
 93
12
 10
720.5066666666667
 20
415.45666666666665
 10
721.36
 20
415.45666666666665
 10
721.36
 20
415.37266666666665
 10
720.9626666666667
 20
415.37266666666665
 10
720.9626666666667
 20
413.9406666666667
 10
721.36
 20
413.9406666666667
 10
721.36
 20
413.8566666666667
 10
720.5066666666667
 20
413.8566666666667
 10
720.5066666666667
 20
413.9406666666667
 10
720.904
 20
413.9406666666667
 10
720.904
 20
415.37266666666665
 10
720.5066666666667
 20
415.37266666666665
 97
0
 75
1
 76
1
 98
0
  0
LWPOLYLINE
  5
2DD
330
17
100
AcDbEntity
  8
acero_viguetas_cubierta
100
AcDbPolyline
 90
12
 70
1
 10
736.5066666666667
 20
415.45666666666665
 10
737.36
 20
415.45666666666665
 10
737.36
 20
415.37266666666665
 10
736.9626666666667
 20
415.37266666666665
 10
736.9626666666667
 20
413.9406666666667
 10
737.36
 20
413.9406666666667
 10
737.36
 20
413.8566666666667
 10
736.5066666666667
 20
413.8566666666667
 10
736.5066666666667
 20
413.9406666666667
 10
736.904
 20
413.9406666666667
 10
736.904
 20
415.37266666666665
 10
736.5066666666667
 20
415.37266666666665
  0
HATCH
  5
2DE
330
17
100
AcDbEntity
  8
RAYADO_FORJADO
 62
5
100
AcDbHatch
 10
0.0
 20
0.0
 30
0.0
210
0.0
220
0.0
230
1.0
  2
SOLID
 70
1
 71
0
 91
1
 92
3
 72
0
 73
1
 93
12
 10
736.5066666666667
 20
415.45666666666665
 10
737.36
 20
415.45666666666665
 10
737.36
 20
415.37266666666665
 10
736.9626666666667
 20
415.37266666666665
 10
736.9626666666667
 20
413.9406666666667
 10
737.36
 20
413.9406666666667
 10
737.36
 20
413.8566666666667
 10
736.5066666666667
 20
413.8566666666667
 10
736.5066666666667
 20
413.9406666666667
 10
736.904
 20
413.9406666666667
 10
736.904
 20
415.37266666666665
 10
736.5066666666667
 20
415.37266666666665
 97
0
 75
1
 76
1
 98
0
  0
LWPOLYLINE
  5
2DF
330
17
100
AcDbEntity
  8
acero_viguetas_cubierta
100
AcDbPolyline
 90
12
 70
1
 10
752.5066666666667
 20
415.45666666666665
 10
753.36
 20
415.45666666666665
 10
753.36
 20
415.37266666666665
 10
752.9626666666667
 20
415.37266666666665
 10
752.9626666666667
 20
413.9406666666667
 10
753.36
 20
413.9406666666667
 10
753.36
 20
413.8566666666667
 10
752.5066666666667
 20
413.8566666666667
 10
752.5066666666667
 20
413.9406666666667
 10
752.904
 20
413.9406666666667
 10
752.904
 20
415.37266666666665
 10
752.5066666666667
 20
415.37266666666665
  0
HATCH
  5
2E0
330
17
100
AcDbEntity
  8
RAYADO_FORJADO
 62
5
100
AcDbHatch
 10
0.0
 20
0.0
 30
0.0
210
0.0
220
0.0
230
1.0
  2
SOLID
 70
1
 71
0
 91
1
 92
3
 72
0
 73
1
 93
12
 10
752.5066666666667
 20
415.45666666666665
 10
753.36
 20
415.45666666666665
 10
753.36
 20
415.37266666666665
 10
752.9626666666667
 20
415.37266666666665
 10
752.9626666666667
 20
413.9406666666667
 10
753.36
 20
413.9406666666667
 10
753.36
 20
413.8566666666667
 10
752.5066666666667
 20
413.8566666666667
 10
752.5066666666667
 20
413.9406666666667
 10
752.904
 20
413.9406666666667
 10
752.904
 20
415.37266666666665
 10
752.5066666666667
 20
415.37266666666665
 97
0
 75
1
 76
1
 98
0
  0
LWPOLYLINE
  5
2E1
330
17
100
AcDbEntity
  8
acero_viguetas_cubierta
100
AcDbPolyline
 90
12
 70
1
 10
768.5066666666667
 20
415.45666666666665
 10
769.36
 20
415.45666666666665
 10
769.36
 20
415.37266666666665
 10
768.9626666666667
 20
415.37266666666665
 10
768.9626666666667
 20
413.9406666666667
 10
769.36
 20
413.9406666666667
 10
769.36
 20
413.8566666666667
 10
768.5066666666667
 20
413.8566666666667
 10
768.5066666666667
 20
413.9406666666667
 10
768.904
 20
413.9406666666667
 10
768.904
 20
415.37266666666665
 10
768.5066666666667
 20
415.37266666666665
  0
HATCH
  5
2E2
330
17
100
AcDbEntity
  8
RAYADO_FORJADO
 62
5
100
AcDbHatch
 10
0.0
 20
0.0
 30
0.0
210
0.0
220
0.0
230
1.0
  2
SOLID
 70
1
 71
0
 91
1
 92
3
 72
0
 73
1
 93
12
 10
768.5066666666667
 20
415.45666666666665
 10
769.36
 20
415.45666666666665
 10
769.36
 20
415.37266666666665
 10
768.9626666666667
 20
415.37266666666665
 10
768.9626666666667
 20
413.9406666666667
 10
769.36
 20
413.9406666666667
 10
769.36
 20
413.8566666666667
 10
768.5066666666667
 20
413.8566666666667
 10
768.5066666666667
 20
413.9406666666667
 10
768.904
 20
413.9406666666667
 10
768.904
 20
415.37266666666665
 10
768.5066666666667
 20
415.37266666666665
 97
0
 75
1
 76
1
 98
0
  0
LWPOLYLINE
  5
2E3
330
17
100
AcDbEntity
  8
acero_viguetas_cubierta
100
AcDbPolyline
 90
12
 70
1
 10
784.5066666666667
 20
415.45666666666665
 10
785.36
 20
415.45666666666665
 10
785.36
 20
415.37266666666665
 10
784.9626666666667
 20
415.37266666666665
 10
784.9626666666667
 20
413.9406666666667
 10
785.36
 20
413.9406666666667
 10
785.36
 20
413.8566666666667
 10
784.5066666666667
 20
413.8566666666667
 10
784.5066666666667
 20
413.9406666666667
 10
784.904
 20
413.9406666666667
 10
784.904
 20
415.37266666666665
 10
784.5066666666667
 20
415.37266666666665
  0
HATCH
  5
2E4
330
17
100
AcDbEntity
  8
RAYADO_FORJADO
 62
5
100
AcDbHatch
 10
0.0
 20
0.0
 30
0.0
210
0.0
220
0.0
230
1.0
  2
SOLID
 70
1
 71
0
 91
1
 92
3
 72
0
 73
1
 93
12
 10
784.5066666666667
 20
415.45666666666665
 10
785.36
 20
415.45666666666665
 10
785.36
 20
415.37266666666665
 10
784.9626666666667
 20
415.37266666666665
 10
784.9626666666667
 20
413.9406666666667
 10
785.36
 20
413.9406666666667
 10
785.36
 20
413.8566666666667
 10
784.5066666666667
 20
413.8566666666667
 10
784.5066666666667
 20
413.9406666666667
 10
784.904
 20
413.9406666666667
 10
784.904
 20
415.37266666666665
 10
784.5066666666667
 20
415.37266666666665
 97
0
 75
1
 76
1
 98
0
  0
LWPOLYLINE
  5
2E5
330
17
100
AcDbEntity
  8
acero_vigas_forjado
100
AcDbPolyline
 90
12
 70
1
 10
678.5333333333333
 20
379.45666666666665
 10
680.1333333333333
 20
379.45666666666665
 10
680.1333333333333
 20
379.31
 10
679.3766666666667
 20
379.31
 10
679.3766666666667
 20
378.00333333333333
 10
680.1333333333333
 20
378.00333333333333
 10
680.1333333333333
 20
377.8566666666667
 10
678.5333333333333
 20
377.8566666666667
 10
678.5333333333333
 20
378.00333333333333
 10
679.29
 20
378.00333333333333
 10
679.29
 20
379.31
 10
678.5333333333333
 20
379.31
  0
HATCH
  5
2E6
330
17
100
AcDbEntity
  8
RAYADO_FORJADO
 62
5
100
AcDbHatch
 10
0.0
 20
0.0
 30
0.0
210
0.0
220
0.0
230
1.0
  2
SOLID
 70
1
 71
0
 91
1
 92
3
 72
0
 73
1
 93
12
 10
678.5333333333333
 20
379.45666666666665
 10
680.1333333333333
 20
379.45666666666665
 10
680.1333333333333
 20
379.31
 10
679.3766666666667
 20
379.31
 10
679.3766666666667
 20
378.00333333333333
 10
680.1333333333333
 20
378.00333333333333
 10
680.1333333333333
 20
377.8566666666667
 10
678.5333333333333
 20
377.8566666666667
 10
678.5333333333333
 20
378.00333333333333
 10
679.29
 20
378.00333333333333
 10
679.29
 20
379.31
 10
678.5333333333333
 20
379.31
 97
0
 75
1
 76
1
 98
0
  0
LWPOLYLINE
  5
2E7
330
17
100
AcDbEntity
  8
acero_vigas_cubierta
100
AcDbPolyline
 90
12
 70
1
 10
678.5333333333333
 20
415.45666666666665
 10
680.1333333333333
 20
415.45666666666665
 10
680.1333333333333
 20
415.31
 10
679.3766666666667
 20
415.31
 10
679.3766666666667
 20
414.00333333333333
 10
680.1333333333333
 20
414.00333333333333
 10
680.1333333333333
 20
413.8566666666667
 10
678.5333333333333
 20
413.8566666666667
 10
678.5333333333333
 20
414.00333333333333
 10
679.29
 20
414.00333333333333
 10
679.29
 20
415.31
 10
678.5333333333333
 20
415.31
  0
HATCH
  5
2E8
330
17
100
AcDbEntity
  8
RAYADO_FORJADO
 62
5
100
AcDbHatch
 10
0.0
 20
0.0
 30
0.0
210
0.0
220
0.0
230
1.0
  2
SOLID
 70
1
 71
0
 91
1
 92
3
 72
0
 73
1
 93
12
 10
678.5333333333333
 20
415.45666666666665
 10
680.1333333333333
 20
415.45666666666665
 10
680.1333333333333
 20
415.31
 10
679.3766666666667
 20
415.31
 10
679.3766666666667
 20
414.00333333333333
 10
680.1333333333333
 20
414.00333333333333
 10
680.1333333333333
 20
413.8566666666667
 10
678.5333333333333
 20
413.8566666666667
 10
678.5333333333333
 20
414.00333333333333
 10
679.29
 20
414.00333333333333
 10
679.29
 20
415.31
 10
678.5333333333333
 20
415.31
 97
0
 75
1
 76
1
 98
0
  0
LWPOLYLINE
  5
2E9
330
17
100
AcDbEntity
  8
acero_dintel
100
AcDbPolyline
 90
12
 70
1
 10
580.6
 20
374.12333333333333
 10
582.7333333333333
 20
374.12333333333333
 10
582.7333333333333
 20
373.95
 10
581.72
 20
373.95
 10
581.72
 20
372.16333333333336
 10
582.7333333333333
 20
372.16333333333336
 10
582.7333333333333
 20
371.99
 10
580.6
 20
371.99
 10
580.6
 20
372.16333333333336
 10
581.6133333333333
 20
372.16333333333336
 10
581.6133333333333
 20
373.95
 10
580.6
 20
373.95
  0
HATCH
  5
2EA
330
17
100
AcDbEntity
  8
RAYADO_FORJADO
 62
5
100
AcDbHatch
 10
0.0
 20
0.0
 30
0.0
210
0.0
220
0.0
230
1.0
  2
SOLID
 70
1
 71
0
 91
1
 92
3
 72
0
 73
1
 93
12
 10
580.6
 20
374.12333333333333
 10
582.7333333333333
 20
374.12333333333333
 10
582.7333333333333
 20
373.95
 10
581.72
 20
373.95
 10
581.72
 20
372.16333333333336
 10
582.7333333333333
 20
372.16333333333336
 10
582.7333333333333
 20
371.99
 10
580.6
 20
371.99
 10
580.6
 20
372.16333333333336
 10
581.6133333333333
 20
372.16333333333336
 10
581.6133333333333
 20
373.95
 10
580.6
 20
373.95
 97
0
 75
1
 76
1
 98
0
  0
LWPOLYLINE
  5
2EB
330
17
100
AcDbEntity
  8
acero_dinteles
100
AcDbPolyline
 90
12
 70
1
 10
791.3
 20
368.6566666666667
 10
792.0333333333333
 20
368.6566666666667
 10
792.0333333333333
 20
368.5806666666667
 10
791.694
 20
368.5806666666667
 10
791.694
 20
367.39933333333335
 10
792.0333333333333
 20
367.39933333333335
 10
792.0333333333333
 20
367.3233333333333
 10
791.3
 20
367.3233333333333
 10
791.3
 20
367.39933333333335
 10
791.6393333333333
 20
367.39933333333335
 10
791.6393333333333
 20
368.5806666666667
 10
791.3
 20
368.5806666666667
  0
HATCH
  5
2EC
330
17
100
AcDbEntity
  8
RAYADO_FORJADO
 62
5
100
AcDbHatch
 10
0.0
 20
0.0
 30
0.0
210
0.0
220
0.0
230
1.0
  2
SOLID
 70
1
 71
0
 91
1
 92
3
 72
0
 73
1
 93
12
 10
791.3
 20
368.6566666666667
 10
792.0333333333333
 20
368.6566666666667
 10
792.0333333333333
 20
368.5806666666667
 10
791.694
 20
368.5806666666667
 10
791.694
 20
367.39933333333335
 10
792.0333333333333
 20
367.39933333333335
 10
792.0333333333333
 20
367.3233333333333
 10
791.3
 20
367.3233333333333
 10
791.3
 20
367.39933333333335
 10
791.6393333333333
 20
367.39933333333335
 10
791.6393333333333
 20
368.5806666666667
 10
791.3
 20
368.5806666666667
 97
0
 75
1
 76
1
 98
0
  0
LWPOLYLINE
  5
2ED
330
17
100
AcDbEntity
  8
acero_dinteles
100
AcDbPolyline
 90
12
 70
1
 10
791.3
 20
412.12333333333333
 10
792.0333333333333
 20
412.12333333333333
 10
792.0333333333333
 20
412.0473333333333
 10
791.694
 20
412.0473333333333
 10
791.694
 20
410.866
 10
792.0333333333333
 20
410.866
 10
792.0333333333333
 20
410.79
 10
791.3
 20
410.79
 10
791.3
 20
410.866
 10
791.6393333333333
 20
410.866
 10
791.6393333333333
 20
412.0473333333333
 10
791.3
 20
412.0473333333333
  0
HATCH
  5
2EE
330
17
100
AcDbEntity
  8
RAYADO_FORJADO
 62
5
100
AcDbHatch
 10
0.0
 20
0.0
 30
0.0
210
0.0
220
0.0
230
1.0
  2
SOLID
 70
1
 71
0
 91
1
 92
3
 72
0
 73
1
 93
12
 10
791.3
 20
412.12333333333333
 10
792.0333333333333
 20
412.12333333333333
 10
792.0333333333333
 20
412.0473333333333
 10
791.694
 20
412.0473333333333
 10
791.694
 20
410.866
 10
792.0333333333333
 20
410.866
 10
792.0333333333333
 20
410.79
 10
791.3
 20
410.79
 10
791.3
 20
410.866
 10
791.6393333333333
 20
410.866
 10
791.6393333333333
 20
412.0473333333333
 10
791.3
 20
412.0473333333333
 97
0
 75
1
 76
1
 98
0
  0
DIMENSION
  5
2EF
330
17
100
AcDbEntity
  8
COTAS
100
AcDbDimension
280
0
  2
*D15
  3
EZDXF
 10
566.3333333333334
 20
329.99
 30
0.0
 11
563.6333333333333
 21
333.99
 31
0.0
 70
32
 71
5
  1
0.60
100
AcDbAlignedDimension
 13
574.3333333333334
 23
329.99
 33
0.0
 14
574.3333333333334
 24
337.99
 34
0.0
 50
90.0
100
AcDbRotatedDimension
1001
ACAD
1000
DSTYLE
1002
{
1070
140
1040
2.2
1070
41
1040
1.8
1070
44
1040
1.0
1070
42
1040
0.8
1070
147
1040
0.6
1070
77
1070
1
1070
178
1070
3
1002
}
  0
DIMENSION
  5
2FE
330
17
100
AcDbEntity
  8
COTAS
100
AcDbDimension
280
0
  2
*D16
  3
EZDXF
 10
566.3333333333334
 20
337.99
 30
0.0
 11
564.6333333333333
 21
359.72333333333336
 31
0.0
 70
32
 71
5
  1
3.26
100
AcDbAlignedDimension
 13
574.3333333333334
 23
337.99
 33
0.0
 14
574.3333333333334
 24
381.4566666666667
 34
0.0
 50
90.0
100
AcDbRotatedDimension
1001
ACAD
1000
DSTYLE
1002
{
1070
140
1040
2.2
1070
41
1040
1.8
1070
44
1040
1.0
1070
42
1040
0.8
1070
147
1040
0.6
1070
77
1070
1
1070
178
1070
3
1002
}
  0
DIMENSION
  5
30D
330
17
100
AcDbEntity
  8
COTAS
100
AcDbDimension
280
0
  2
*D17
  3
EZDXF
 10
566.3333333333334
 20
381.4566666666667
 30
0.0
 11
564.6333333333333
 21
399.4566666666667
 31
0.0
 70
32
 71
5
  1
2.70
100
AcDbAlignedDimension
 13
574.3333333333334
 23
381.4566666666667
 33
0.0
 14
574.3333333333334
 24
417.4566666666667
 34
0.0
 50
90.0
100
AcDbRotatedDimension
1001
ACAD
1000
DSTYLE
1002
{
1070
140
1040
2.2
1070
41
1040
1.8
1070
44
1040
1.0
1070
42
1040
0.8
1070
147
1040
0.6
1070
77
1070
1
1070
178
1070
3
1002
}
  0
DIMENSION
  5
31C
330
17
100
AcDbEntity
  8
COTAS
100
AcDbDimension
280
0
  2
*D18
  3
EZDXF
 10
566.3333333333334
 20
417.4566666666667
 30
0.0
 11
563.6333333333333
 21
420.79
 31
0.0
 70
32
 71
5
  1
0.50
100
AcDbAlignedDimension
 13
574.3333333333334
 23
417.4566666666667
 33
0.0
 14
574.3333333333334
 24
424.12333333333333
 34
0.0
 50
90.0
100
AcDbRotatedDimension
1001
ACAD
1000
DSTYLE
1002
{
1070
140
1040
2.2
1070
41
1040
1.8
1070
44
1040
1.0
1070
42
1040
0.8
1070
147
1040
0.6
1070
77
1070
1
1070
178
1070
3
1002
}
  0
DIMENSION
  5
32B
330
17
100
AcDbEntity
  8
COTAS
100
AcDbDimension
280
0
  2
*D19
  3
EZDXF
 10
558.3333333333334
 20
329.99
 30
0.0
 11
556.6333333333333
 21
377.0566666666667
 31
0.0
 70
32
 71
5
  1
7.06
100
AcDbAlignedDimension
 13
574.3333333333334
 23
329.99
 33
0.0
 14
574.3333333333334
 24
424.12333333333333
 34
0.0
 50
90.0
100
AcDbRotatedDimension
1001
ACAD
1000
DSTYLE
1002
{
1070
140
1040
2.2
1070
41
1040
1.8
1070
44
1040
1.0
1070
42
1040
0.8
1070
147
1040
0.6
1070
77
1070
1
1070
178
1070
3
1002
}
  0
DIMENSION
  5
33A
330
17
100
AcDbEntity
  8
COTAS
100
AcDbDimension
280
0
  2
*D20
  3
EZDXF
 10
574.3333333333334
 20
320.6566666666667
 30
0.0
 11
686.6666666666667
 21
322.3566666666667
 31
0.0
 70
32
 71
5
  1
16.85
100
AcDbAlignedDimension
 13
574.3333333333334
 23
329.99
 33
0.0
 14
799.0
 24
329.99
 34
0.0
 50
0.0
100
AcDbRotatedDimension
1001
ACAD
1000
DSTYLE
1002
{
1070
140
1040
2.2
1070
41
1040
1.8
1070
44
1040
1.0
1070
42
1040
0.8
1070
147
1040
0.6
1070
77
1070
1
1070
178
1070
3
1002
}
  0
LINE
  5
349
330
17
100
AcDbEntity
  8
COTAS
100
AcDbLine
 10
803.0
 20
337.99
 30
0.0
 11
812.3333333333334
 21
337.99
 31
0.0
  0
TEXT
  5
34A
330
17
100
AcDbEntity
  8
TEXTO
100
AcDbText
 10
813.0
 20
337.99
 30
0.0
 40
1.7
  1
±0.00 SUELO PB
 11
813.0
 21
337.99
 31
0.0
100
AcDbText
 73
2
  0
LINE
  5
34B
330
17
100
AcDbEntity
  8
COTAS
100
AcDbLine
 10
803.0
 20
381.4566666666667
 30
0.0
 11
812.3333333333334
 21
381.4566666666667
 31
0.0
  0
TEXT
  5
34C
330
17
100
AcDbEntity
  8
TEXTO
100
AcDbText
 10
813.0
 20
381.4566666666667
 30
0.0
 40
1.7
  1
+3.26 SUELO PA / TERRAZA
 11
813.0
 21
381.4566666666667
 31
0.0
100
AcDbText
 73
2
  0
LINE
  5
34D
330
17
100
AcDbEntity
  8
COTAS
100
AcDbLine
 10
803.0
 20
417.4566666666667
 30
0.0
 11
812.3333333333334
 21
417.4566666666667
 31
0.0
  0
TEXT
  5
34E
330
17
100
AcDbEntity
  8
TEXTO
100
AcDbText
 10
813.0
 20
417.4566666666667
 30
0.0
 40
1.7
  1
+5.96 CUBIERTA
 11
813.0
 21
417.4566666666667
 31
0.0
100
AcDbText
 73
2
  0
TEXT
  5
34F
330
17
100
AcDbEntity
  8
TEXTO
100
AcDbText
 10
686.6666666666667
 20
304.6566666666667
 30
0.0
 40
4.0
  1
SECCIÓN A-A' (salón, escalera, cocina)  1/75
 72
1
 11
686.6666666666667
 21
304.6566666666667
 31
0.0
100
AcDbText
 73
2
  0
LWPOLYLINE
  5
350
330
17
100
AcDbEntity
  8
cimentacion
100
AcDbPolyline
 90
4
 70
1
 10
202.33333333333334
 20
51.98999999999999
 10
202.33333333333334
 20
43.98999999999999
 10
187.66666666666669
 20
43.98999999999999
 10
187.66666666666669
 20
51.98999999999999
  0
HATCH
  5
351
330
17
100
AcDbEntity
  8
RAYADO_OTROS
 62
8
100
AcDbHatch
 10
0.0
 20
0.0
 30
0.0
210
0.0
220
0.0
230
1.0
  2
SOLID
 70
1
 71
0
 91
1
 92
3
 72
0
 73
1
 93
4
 10
202.33333333333334
 20
51.98999999999999
 10
202.33333333333334
 20
43.98999999999999
 10
187.66666666666669
 20
43.98999999999999
 10
187.66666666666669
 20
51.98999999999999
 97
0
 75
1
 76
1
 98
0
  0
LWPOLYLINE
  5
352
330
17
100
AcDbEntity
  8
cimentacion
100
AcDbPolyline
 90
4
 70
1
 10
49.0
 20
43.98999999999999
 10
49.0
 20
51.98999999999999
 10
34.33333333333333
 20
51.98999999999999
 10
34.33333333333333
 20
43.98999999999999
  0
HATCH
  5
353
330
17
100
AcDbEntity
  8
RAYADO_OTROS
 62
8
100
AcDbHatch
 10
0.0
 20
0.0
 30
0.0
210
0.0
220
0.0
230
1.0
  2
SOLID
 70
1
 71
0
 91
1
 92
3
 72
0
 73
1
 93
4
 10
49.0
 20
43.98999999999999
 10
49.0
 20
51.98999999999999
 10
34.33333333333333
 20
51.98999999999999
 10
34.33333333333333
 20
43.98999999999999
 97
0
 75
1
 76
1
 98
0
  0
LWPOLYLINE
  5
354
330
17
100
AcDbEntity
  8
muros_PB
100
AcDbPolyline
 90
4
 70
1
 10
45.33333333333333
 20
51.98999999999999
 10
45.33333333333333
 20
95.45666666666665
 10
38.0
 20
95.45666666666665
 10
38.0
 20
51.98999999999999
  0
HATCH
  5
355
330
17
100
AcDbEntity
  8
RAYADO_MURO
 62
7
100
AcDbHatch
 10
0.0
 20
0.0
 30
0.0
210
0.0
220
0.0
230
1.0
  2
ANSI31
 70
0
 71
0
 91
1
 92
3
 72
0
 73
1
 93
4
 10
45.33333333333333
 20
51.98999999999999
 10
45.33333333333333
 20
95.45666666666665
 10
38.0
 20
95.45666666666665
 10
38.0
 20
51.98999999999999
 97
0
 75
1
 76
1
 52
45.0
 41
0.6
 77
0
 78
1
 53
90.0
 43
0.0
 44
0.0
 45
-1.905
 46
0.0
 79
0
 98
0
  0
LWPOLYLINE
  5
356
330
17
100
AcDbEntity
  8
muros_PB
100
AcDbPolyline
 90
4
 70
1
 10
198.66666666666669
 20
71.98999999999998
 10
198.66666666666669
 20
51.98999999999999
 10
191.33333333333334
 20
51.98999999999999
 10
191.33333333333334
 20
71.98999999999998
  0
HATCH
  5
357
330
17
100
AcDbEntity
  8
RAYADO_MURO
 62
7
100
AcDbHatch
 10
0.0
 20
0.0
 30
0.0
210
0.0
220
0.0
230
1.0
  2
ANSI31
 70
0
 71
0
 91
1
 92
3
 72
0
 73
1
 93
4
 10
198.66666666666669
 20
71.98999999999998
 10
198.66666666666669
 20
51.98999999999999
 10
191.33333333333334
 20
51.98999999999999
 10
191.33333333333334
 20
71.98999999999998
 97
0
 75
1
 76
1
 52
45.0
 41
0.6
 77
0
 78
1
 53
90.0
 43
0.0
 44
0.0
 45
-1.905
 46
0.0
 79
0
 98
0
  0
LWPOLYLINE
  5
358
330
17
100
AcDbEntity
  8
muros_PB
100
AcDbPolyline
 90
4
 70
1
 10
198.66666666666669
 20
95.45666666666665
 10
191.33333333333334
 20
95.45666666666665
 10
191.33333333333334
 20
79.99
 10
198.66666666666669
 20
79.98999999999998
  0
HATCH
  5
359
330
17
100
AcDbEntity
  8
RAYADO_MURO
 62
7
100
AcDbHatch
 10
0.0
 20
0.0
 30
0.0
210
0.0
220
0.0
230
1.0
  2
ANSI31
 70
0
 71
0
 91
1
 92
3
 72
0
 73
1
 93
4
 10
198.66666666666669
 20
95.45666666666665
 10
191.33333333333334
 20
95.45666666666665
 10
191.33333333333334
 20
79.99
 10
198.66666666666669
 20
79.98999999999998
 97
0
 75
1
 76
1
 52
45.0
 41
0.6
 77
0
 78
1
 53
90.0
 43
0.0
 44
0.0
 45
-1.905
 46
0.0
 79
0
 98
0
  0
LWPOLYLINE
  5
35A
330
17
100
AcDbEntity
  8
muros_PA
100
AcDbPolyline
 90
4
 70
1
 10
182.66666666666669
 20
95.45666666666665
 10
182.66666666666669
 20
131.45666666666665
 10
178.66666666666669
 20
131.45666666666665
 10
178.66666666666669
 20
95.45666666666665
  0
HATCH
  5
35B
330
17
100
AcDbEntity
  8
RAYADO_MURO
 62
7
100
AcDbHatch
 10
0.0
 20
0.0
 30
0.0
210
0.0
220
0.0
230
1.0
  2
ANSI31
 70
0
 71
0
 91
1
 92
3
 72
0
 73
1
 93
4
 10
182.66666666666669
 20
95.45666666666665
 10
182.66666666666669
 20
131.45666666666665
 10
178.66666666666669
 20
131.45666666666665
 10
178.66666666666669
 20
95.45666666666665
 97
0
 75
1
 76
1
 52
45.0
 41
0.6
 77
0
 78
1
 53
90.0
 43
0.0
 44
0.0
 45
-1.905
 46
0.0
 79
0
 98
0
  0
LWPOLYLINE
  5
35C
330
17
100
AcDbEntity
  8
muros_PA
100
AcDbPolyline
 90
4
 70
1
 10
45.33333333333333
 20
95.45666666666665
 10
45.33333333333333
 20
131.45666666666665
 10
38.0
 20
131.45666666666665
 10
38.0
 20
95.45666666666665
  0
HATCH
  5
35D
330
17
100
AcDbEntity
  8
RAYADO_MURO
 62
7
100
AcDbHatch
 10
0.0
 20
0.0
 30
0.0
210
0.0
220
0.0
230
1.0
  2
ANSI31
 70
0
 71
0
 91
1
 92
3
 72
0
 73
1
 93
4
 10
45.33333333333333
 20
95.45666666666665
 10
45.33333333333333
 20
131.45666666666665
 10
38.0
 20
131.45666666666665
 10
38.0
 20
95.45666666666665
 97
0
 75
1
 76
1
 52
45.0
 41
0.6
 77
0
 78
1
 53
90.0
 43
0.0
 44
0.0
 45
-1.905
 46
0.0
 79
0
 98
0
  0
LWPOLYLINE
  5
35E
330
17
100
AcDbEntity
  8
parapeto_cubierta
100
AcDbPolyline
 90
4
 70
1
 10
42.0
 20
131.45666666666665
 10
38.0
 20
131.45666666666665
 10
38.0
 20
138.12333333333333
 10
42.0
 20
138.12333333333333
  0
HATCH
  5
35F
330
17
100
AcDbEntity
  8
RAYADO_MURO
 62
7
100
AcDbHatch
 10
0.0
 20
0.0
 30
0.0
210
0.0
220
0.0
230
1.0
  2
ANSI31
 70
0
 71
0
 91
1
 92
3
 72
0
 73
1
 93
4
 10
42.0
 20
131.45666666666665
 10
38.0
 20
131.45666666666665
 10
38.0
 20
138.12333333333333
 10
42.0
 20
138.12333333333333
 97
0
 75
1
 76
1
 52
45.0
 41
0.6
 77
0
 78
1
 53
90.0
 43
0.0
 44
0.0
 45
-1.905
 46
0.0
 79
0
 98
0
  0
LWPOLYLINE
  5
360
330
17
100
AcDbEntity
  8
parapeto_cubierta
100
AcDbPolyline
 90
4
 70
1
 10
182.66666666666669
 20
138.12333333333333
 10
182.66666666666669
 20
131.45666666666665
 10
178.66666666666669
 20
131.45666666666665
 10
178.66666666666669
 20
138.12333333333333
  0
HATCH
  5
361
330
17
100
AcDbEntity
  8
RAYADO_MURO
 62
7
100
AcDbHatch
 10
0.0
 20
0.0
 30
0.0
210
0.0
220
0.0
230
1.0
  2
ANSI31
 70
0
 71
0
 91
1
 92
3
 72
0
 73
1
 93
4
 10
182.66666666666669
 20
138.12333333333333
 10
182.66666666666669
 20
131.45666666666665
 10
178.66666666666669
 20
131.45666666666665
 10
178.66666666666669
 20
138.12333333333333
 97
0
 75
1
 76
1
 52
45.0
 41
0.6
 77
0
 78
1
 53
90.0
 43
0.0
 44
0.0
 45
-1.905
 46
0.0
 79
0
 98
0
  0
LWPOLYLINE
  5
362
330
17
100
AcDbEntity
  8
forjado_PB_PA
100
AcDbPolyline
 90
4
 70
1
 10
198.66666666666669
 20
95.45666666666665
 10
198.66666666666669
 20
93.45666666666665
 10
158.0
 20
93.45666666666666
 10
158.0
 20
95.45666666666665
  0
HATCH
  5
363
330
17
100
AcDbEntity
  8
RAYADO_FORJADO
 62
7
100
AcDbHatch
 10
0.0
 20
0.0
 30
0.0
210
0.0
220
0.0
230
1.0
  2
SOLID
 70
1
 71
0
 91
1
 92
3
 72
0
 73
1
 93
4
 10
198.66666666666669
 20
95.45666666666665
 10
198.66666666666669
 20
93.45666666666665
 10
158.0
 20
93.45666666666666
 10
158.0
 20
95.45666666666665
 97
0
 75
1
 76
1
 98
0
  0
LWPOLYLINE
  5
364
330
17
100
AcDbEntity
  8
forjado_PB_PA
100
AcDbPolyline
 90
4
 70
1
 10
134.66666666666669
 20
93.45666666666665
 10
134.66666666666669
 20
95.45666666666665
 10
38.0
 20
95.45666666666665
 10
38.0
 20
93.45666666666665
  0
HATCH
  5
365
330
17
100
AcDbEntity
  8
RAYADO_FORJADO
 62
7
100
AcDbHatch
 10
0.0
 20
0.0
 30
0.0
210
0.0
220
0.0
230
1.0
  2
SOLID
 70
1
 71
0
 91
1
 92
3
 72
0
 73
1
 93
4
 10
134.66666666666669
 20
93.45666666666665
 10
134.66666666666669
 20
95.45666666666665
 10
38.0
 20
95.45666666666665
 10
38.0
 20
93.45666666666665
 97
0
 75
1
 76
1
 98
0
  0
LWPOLYLINE
  5
366
330
17
100
AcDbEntity
  8
forjado_cubierta
100
AcDbPolyline
 90
4
 70
1
 10
134.66666666666669
 20
129.45666666666668
 10
37.99999999999999
 20
129.45666666666668
 10
38.0
 20
131.45666666666665
 10
134.66666666666669
 20
131.45666666666668
  0
HATCH
  5
367
330
17
100
AcDbEntity
  8
RAYADO_FORJADO
 62
7
100
AcDbHatch
 10
0.0
 20
0.0
 30
0.0
210
0.0
220
0.0
230
1.0
  2
SOLID
 70
1
 71
0
 91
1
 92
3
 72
0
 73
1
 93
4
 10
134.66666666666669
 20
129.45666666666668
 10
37.99999999999999
 20
129.45666666666668
 10
38.0
 20
131.45666666666665
 10
134.66666666666669
 20
131.45666666666668
 97
0
 75
1
 76
1
 98
0
  0
LWPOLYLINE
  5
368
330
17
100
AcDbEntity
  8
forjado_cubierta
100
AcDbPolyline
 90
4
 70
1
 10
182.66666666666669
 20
131.45666666666665
 10
182.66666666666669
 20
129.45666666666665
 10
158.0
 20
129.45666666666668
 10
158.0
 20
131.45666666666668
  0
HATCH
  5
369
330
17
100
AcDbEntity
  8
RAYADO_FORJADO
 62
7
100
AcDbHatch
 10
0.0
 20
0.0
 30
0.0
210
0.0
220
0.0
230
1.0
  2
SOLID
 70
1
 71
0
 91
1
 92
3
 72
0
 73
1
 93
4
 10
182.66666666666669
 20
131.45666666666665
 10
182.66666666666669
 20
129.45666666666665
 10
158.0
 20
129.45666666666668
 10
158.0
 20
131.45666666666668
 97
0
 75
1
 76
1
 98
0
  0
LWPOLYLINE
  5
36A
330
17
100
AcDbEntity
  8
tabiques_PB
100
AcDbPolyline
 90
4
 70
1
 10
134.66666666666669
 20
93.45666666666665
 10
133.33333333333334
 20
93.45666666666665
 10
133.33333333333334
 20
51.98999999999999
 10
134.66666666666669
 20
51.98999999999999
  0
HATCH
  5
36B
330
17
100
AcDbEntity
  8
RAYADO_OTROS
 62
7
100
AcDbHatch
 10
0.0
 20
0.0
 30
0.0
210
0.0
220
0.0
230
1.0
  2
SOLID
 70
1
 71
0
 91
1
 92
3
 72
0
 73
1
 93
4
 10
134.66666666666669
 20
93.45666666666665
 10
133.33333333333334
 20
93.45666666666665
 10
133.33333333333334
 20
51.98999999999999
 10
134.66666666666669
 20
51.98999999999999
 97
0
 75
1
 76
1
 98
0
  0
LWPOLYLINE
  5
36C
330
17
100
AcDbEntity
  8
tabiques_PB
100
AcDbPolyline
 90
4
 70
1
 10
84.0
 20
93.45666666666665
 10
82.66666666666667
 20
93.45666666666665
 10
82.66666666666667
 20
51.98999999999999
 10
84.0
 20
51.98999999999999
  0
HATCH
  5
36D
330
17
100
AcDbEntity
  8
RAYADO_OTROS
 62
7
100
AcDbHatch
 10
0.0
 20
0.0
 30
0.0
210
0.0
220
0.0
230
1.0
  2
SOLID
 70
1
 71
0
 91
1
 92
3
 72
0
 73
1
 93
4
 10
84.0
 20
93.45666666666665
 10
82.66666666666667
 20
93.45666666666665
 10
82.66666666666667
 20
51.98999999999999
 10
84.0
 20
51.98999999999999
 97
0
 75
1
 76
1
 98
0
  0
LWPOLYLINE
  5
36E
330
17
100
AcDbEntity
  8
tabiques_PB
100
AcDbPolyline
 90
4
 70
1
 10
159.33333333333331
 20
51.98999999999999
 10
158.0
 20
51.98999999999999
 10
158.0
 20
93.45666666666665
 10
159.33333333333331
 20
93.45666666666665
  0
HATCH
  5
36F
330
17
100
AcDbEntity
  8
RAYADO_OTROS
 62
7
100
AcDbHatch
 10
0.0
 20
0.0
 30
0.0
210
0.0
220
0.0
230
1.0
  2
SOLID
 70
1
 71
0
 91
1
 92
3
 72
0
 73
1
 93
4
 10
159.33333333333331
 20
51.98999999999999
 10
158.0
 20
51.98999999999999
 10
158.0
 20
93.45666666666665
 10
159.33333333333331
 20
93.45666666666665
 97
0
 75
1
 76
1
 98
0
  0
LWPOLYLINE
  5
370
330
17
100
AcDbEntity
  8
tabiques_PA
100
AcDbPolyline
 90
4
 70
1
 10
134.66666666666669
 20
129.45666666666668
 10
133.33333333333334
 20
129.45666666666668
 10
133.33333333333334
 20
95.45666666666665
 10
134.66666666666669
 20
95.45666666666665
  0
HATCH
  5
371
330
17
100
AcDbEntity
  8
RAYADO_OTROS
 62
7
100
AcDbHatch
 10
0.0
 20
0.0
 30
0.0
210
0.0
220
0.0
230
1.0
  2
SOLID
 70
1
 71
0
 91
1
 92
3
 72
0
 73
1
 93
4
 10
134.66666666666669
 20
129.45666666666668
 10
133.33333333333334
 20
129.45666666666668
 10
133.33333333333334
 20
95.45666666666665
 10
134.66666666666669
 20
95.45666666666665
 97
0
 75
1
 76
1
 98
0
  0
LWPOLYLINE
  5
372
330
17
100
AcDbEntity
  8
tabiques_PA
100
AcDbPolyline
 90
4
 70
1
 10
84.0
 20
129.45666666666668
 10
82.66666666666667
 20
129.45666666666668
 10
82.66666666666667
 20
122.78999999999999
 10
84.0
 20
122.78999999999999
  0
HATCH
  5
373
330
17
100
AcDbEntity
  8
RAYADO_OTROS
 62
7
100
AcDbHatch
 10
0.0
 20
0.0
 30
0.0
210
0.0
220
0.0
230
1.0
  2
SOLID
 70
1
 71
0
 91
1
 92
3
 72
0
 73
1
 93
4
 10
84.0
 20
129.45666666666668
 10
82.66666666666667
 20
129.45666666666668
 10
82.66666666666667
 20
122.78999999999999
 10
84.0
 20
122.78999999999999
 97
0
 75
1
 76
1
 98
0
  0
LWPOLYLINE
  5
374
330
17
100
AcDbEntity
  8
tabiques_PA
100
AcDbPolyline
 90
4
 70
1
 10
159.33333333333331
 20
95.45666666666665
 10
158.0
 20
95.45666666666665
 10
158.0
 20
129.45666666666665
 10
159.33333333333331
 20
129.45666666666668
  0
HATCH
  5
375
330
17
100
AcDbEntity
  8
RAYADO_OTROS
 62
7
100
AcDbHatch
 10
0.0
 20
0.0
 30
0.0
210
0.0
220
0.0
230
1.0
  2
SOLID
 70
1
 71
0
 91
1
 92
3
 72
0
 73
1
 93
4
 10
159.33333333333331
 20
95.45666666666665
 10
158.0
 20
95.45666666666665
 10
158.0
 20
129.45666666666665
 10
159.33333333333331
 20
129.45666666666668
 97
0
 75
1
 76
1
 98
0
  0
LWPOLYLINE
  5
376
330
17
100
AcDbEntity
  8
escalera
100
AcDbPolyline
 90
4
 70
1
 10
158.0
 20
51.98999999999999
 10
146.66666666666669
 20
51.98999999999999
 10
146.66666666666669
 20
65.57333333333332
 10
158.0
 20
65.57333333333332
  0
LWPOLYLINE
  5
377
330
17
100
AcDbEntity
  8
escalera
100
AcDbPolyline
 90
4
 70
1
 10
146.0
 20
51.98999999999999
 10
134.66666666666669
 20
51.98999999999999
 10
134.66666666666669
 20
84.58999999999999
 10
146.0
 20
84.58999999999997
  0
LWPOLYLINE
  5
378
330
17
100
AcDbEntity
  8
lucernario
100
AcDbPolyline
 90
4
 70
1
 10
158.66666666666669
 20
131.45666666666665
 10
134.0
 20
131.45666666666665
 10
134.0
 20
132.12333333333333
 10
158.66666666666669
 20
132.12333333333333
  0
LWPOLYLINE
  5
379
330
17
100
AcDbEntity
  8
acero_vigas_forjado
100
AcDbPolyline
 90
12
 70
1
 10
80.26666666666667
 20
93.45666666666665
 10
78.4
 20
93.45666666666665
 10
78.4
 20
93.29666666666665
 10
79.28666666666668
 20
93.29666666666665
 10
79.28666666666668
 20
91.74999999999999
 10
78.4
 20
91.75
 10
78.4
 20
91.59
 10
80.26666666666668
 20
91.59
 10
80.26666666666668
 20
91.75
 10
79.38000000000001
 20
91.75
 10
79.38000000000001
 20
93.29666666666665
 10
80.26666666666667
 20
93.29666666666665
  0
HATCH
  5
37A
330
17
100
AcDbEntity
  8
RAYADO_FORJADO
 62
5
100
AcDbHatch
 10
0.0
 20
0.0
 30
0.0
210
0.0
220
0.0
230
1.0
  2
SOLID
 70
1
 71
0
 91
1
 92
3
 72
0
 73
1
 93
12
 10
80.26666666666667
 20
93.45666666666665
 10
78.4
 20
93.45666666666665
 10
78.4
 20
93.29666666666665
 10
79.28666666666668
 20
93.29666666666665
 10
79.28666666666668
 20
91.74999999999999
 10
78.4
 20
91.75
 10
78.4
 20
91.59
 10
80.26666666666668
 20
91.59
 10
80.26666666666668
 20
91.75
 10
79.38000000000001
 20
91.75
 10
79.38000000000001
 20
93.29666666666665
 10
80.26666666666667
 20
93.29666666666665
 97
0
 75
1
 76
1
 98
0
  0
LWPOLYLINE
  5
37B
330
17
100
AcDbEntity
  8
acero_vigas_forjado
100
AcDbPolyline
 90
12
 70
1
 10
109.60000000000002
 20
93.45666666666665
 10
107.73333333333335
 20
93.45666666666665
 10
107.73333333333333
 20
93.29666666666665
 10
108.62
 20
93.29666666666665
 10
108.62
 20
91.74999999999999
 10
107.73333333333335
 20
91.75
 10
107.73333333333333
 20
91.59
 10
109.60000000000002
 20
91.59
 10
109.60000000000001
 20
91.75
 10
108.71333333333334
 20
91.75
 10
108.71333333333334
 20
93.29666666666665
 10
109.60000000000002
 20
93.29666666666665
  0
HATCH
  5
37C
330
17
100
AcDbEntity
  8
RAYADO_FORJADO
 62
5
100
AcDbHatch
 10
0.0
 20
0.0
 30
0.0
210
0.0
220
0.0
230
1.0
  2
SOLID
 70
1
 71
0
 91
1
 92
3
 72
0
 73
1
 93
12
 10
109.60000000000002
 20
93.45666666666665
 10
107.73333333333335
 20
93.45666666666665
 10
107.73333333333333
 20
93.29666666666665
 10
108.62
 20
93.29666666666665
 10
108.62
 20
91.74999999999999
 10
107.73333333333335
 20
91.75
 10
107.73333333333333
 20
91.59
 10
109.60000000000002
 20
91.59
 10
109.60000000000001
 20
91.75
 10
108.71333333333334
 20
91.75
 10
108.71333333333334
 20
93.29666666666665
 10
109.60000000000002
 20
93.29666666666665
 97
0
 75
1
 76
1
 98
0
  0
LWPOLYLINE
  5
37D
330
17
100
AcDbEntity
  8
acero_vigas_forjado
100
AcDbPolyline
 90
12
 70
1
 10
134.93333333333334
 20
93.45666666666665
 10
133.06666666666666
 20
93.45666666666665
 10
133.06666666666666
 20
93.29666666666665
 10
133.95333333333335
 20
93.29666666666665
 10
133.95333333333335
 20
91.74999999999999
 10
133.06666666666666
 20
91.75
 10
133.06666666666666
 20
91.59
 10
134.93333333333334
 20
91.59
 10
134.93333333333334
 20
91.75
 10
134.04666666666668
 20
91.75
 10
134.04666666666668
 20
93.29666666666665
 10
134.93333333333334
 20
93.29666666666665
  0
HATCH
  5
37E
330
17
100
AcDbEntity
  8
RAYADO_FORJADO
 62
5
100
AcDbHatch
 10
0.0
 20
0.0
 30
0.0
210
0.0
220
0.0
230
1.0
  2
SOLID
 70
1
 71
0
 91
1
 92
3
 72
0
 73
1
 93
12
 10
134.93333333333334
 20
93.45666666666665
 10
133.06666666666666
 20
93.45666666666665
 10
133.06666666666666
 20
93.29666666666665
 10
133.95333333333335
 20
93.29666666666665
 10
133.95333333333335
 20
91.74999999999999
 10
133.06666666666666
 20
91.75
 10
133.06666666666666
 20
91.59
 10
134.93333333333334
 20
91.59
 10
134.93333333333334
 20
91.75
 10
134.04666666666668
 20
91.75
 10
134.04666666666668
 20
93.29666666666665
 10
134.93333333333334
 20
93.29666666666665
 97
0
 75
1
 76
1
 98
0
  0
LWPOLYLINE
  5
37F
330
17
100
AcDbEntity
  8
acero_vigas_forjado
100
AcDbPolyline
 90
12
 70
1
 10
161.06666666666666
 20
93.45666666666665
 10
158.93333333333334
 20
93.45666666666665
 10
158.93333333333334
 20
93.28333333333333
 10
159.9466666666667
 20
93.28333333333333
 10
159.9466666666667
 20
91.49666666666666
 10
158.93333333333334
 20
91.49666666666666
 10
158.93333333333334
 20
91.32333333333332
 10
161.06666666666666
 20
91.32333333333332
 10
161.06666666666666
 20
91.49666666666666
 10
160.05333333333334
 20
91.49666666666666
 10
160.05333333333334
 20
93.28333333333333
 10
161.06666666666666
 20
93.28333333333333
  0
HATCH
  5
380
330
17
100
AcDbEntity
  8
RAYADO_FORJADO
 62
5
100
AcDbHatch
 10
0.0
 20
0.0
 30
0.0
210
0.0
220
0.0
230
1.0
  2
SOLID
 70
1
 71
0
 91
1
 92
3
 72
0
 73
1
 93
12
 10
161.06666666666666
 20
93.45666666666665
 10
158.93333333333334
 20
93.45666666666665
 10
158.93333333333334
 20
93.28333333333333
 10
159.9466666666667
 20
93.28333333333333
 10
159.9466666666667
 20
91.49666666666666
 10
158.93333333333334
 20
91.49666666666666
 10
158.93333333333334
 20
91.32333333333332
 10
161.06666666666666
 20
91.32333333333332
 10
161.06666666666666
 20
91.49666666666666
 10
160.05333333333334
 20
91.49666666666666
 10
160.05333333333334
 20
93.28333333333333
 10
161.06666666666666
 20
93.28333333333333
 97
0
 75
1
 76
1
 98
0
  0
LWPOLYLINE
  5
381
330
17
100
AcDbEntity
  8
acero_vigas_cubierta
100
AcDbPolyline
 90
12
 70
1
 10
80.26666666666667
 20
129.45666666666665
 10
78.4
 20
129.45666666666665
 10
78.4
 20
129.29666666666665
 10
79.28666666666668
 20
129.29666666666665
 10
79.28666666666668
 20
127.75
 10
78.4
 20
127.75
 10
78.4
 20
127.58999999999997
 10
80.26666666666668
 20
127.58999999999997
 10
80.26666666666668
 20
127.75
 10
79.38000000000001
 20
127.75
 10
79.38000000000001
 20
129.29666666666665
 10
80.26666666666667
 20
129.29666666666665
  0
HATCH
  5
382
330
17
100
AcDbEntity
  8
RAYADO_FORJADO
 62
5
100
AcDbHatch
 10
0.0
 20
0.0
 30
0.0
210
0.0
220
0.0
230
1.0
  2
SOLID
 70
1
 71
0
 91
1
 92
3
 72
0
 73
1
 93
12
 10
80.26666666666667
 20
129.45666666666665
 10
78.4
 20
129.45666666666665
 10
78.4
 20
129.29666666666665
 10
79.28666666666668
 20
129.29666666666665
 10
79.28666666666668
 20
127.75
 10
78.4
 20
127.75
 10
78.4
 20
127.58999999999997
 10
80.26666666666668
 20
127.58999999999997
 10
80.26666666666668
 20
127.75
 10
79.38000000000001
 20
127.75
 10
79.38000000000001
 20
129.29666666666665
 10
80.26666666666667
 20
129.29666666666665
 97
0
 75
1
 76
1
 98
0
  0
LWPOLYLINE
  5
383
330
17
100
AcDbEntity
  8
acero_vigas_cubierta
100
AcDbPolyline
 90
12
 70
1
 10
109.60000000000002
 20
129.45666666666665
 10
107.73333333333335
 20
129.45666666666665
 10
107.73333333333333
 20
129.29666666666665
 10
108.62
 20
129.29666666666665
 10
108.62
 20
127.75
 10
107.73333333333335
 20
127.75
 10
107.73333333333333
 20
127.58999999999997
 10
109.60000000000002
 20
127.58999999999997
 10
109.60000000000001
 20
127.75
 10
108.71333333333334
 20
127.75
 10
108.71333333333334
 20
129.29666666666665
 10
109.60000000000002
 20
129.29666666666665
  0
HATCH
  5
384
330
17
100
AcDbEntity
  8
RAYADO_FORJADO
 62
5
100
AcDbHatch
 10
0.0
 20
0.0
 30
0.0
210
0.0
220
0.0
230
1.0
  2
SOLID
 70
1
 71
0
 91
1
 92
3
 72
0
 73
1
 93
12
 10
109.60000000000002
 20
129.45666666666665
 10
107.73333333333335
 20
129.45666666666665
 10
107.73333333333333
 20
129.29666666666665
 10
108.62
 20
129.29666666666665
 10
108.62
 20
127.75
 10
107.73333333333335
 20
127.75
 10
107.73333333333333
 20
127.58999999999997
 10
109.60000000000002
 20
127.58999999999997
 10
109.60000000000001
 20
127.75
 10
108.71333333333334
 20
127.75
 10
108.71333333333334
 20
129.29666666666665
 10
109.60000000000002
 20
129.29666666666665
 97
0
 75
1
 76
1
 98
0
  0
LWPOLYLINE
  5
385
330
17
100
AcDbEntity
  8
acero_vigas_cubierta
100
AcDbPolyline
 90
12
 70
1
 10
134.93333333333334
 20
129.45666666666665
 10
133.06666666666666
 20
129.45666666666665
 10
133.06666666666666
 20
129.29666666666665
 10
133.95333333333335
 20
129.29666666666665
 10
133.95333333333335
 20
127.75
 10
133.06666666666666
 20
127.75
 10
133.06666666666666
 20
127.58999999999997
 10
134.93333333333334
 20
127.58999999999997
 10
134.93333333333334
 20
127.75
 10
134.04666666666668
 20
127.75
 10
134.04666666666668
 20
129.29666666666665
 10
134.93333333333334
 20
129.29666666666665
  0
HATCH
  5
386
330
17
100
AcDbEntity
  8
RAYADO_FORJADO
 62
5
100
AcDbHatch
 10
0.0
 20
0.0
 30
0.0
210
0.0
220
0.0
230
1.0
  2
SOLID
 70
1
 71
0
 91
1
 92
3
 72
0
 73
1
 93
12
 10
134.93333333333334
 20
129.45666666666665
 10
133.06666666666666
 20
129.45666666666665
 10
133.06666666666666
 20
129.29666666666665
 10
133.95333333333335
 20
129.29666666666665
 10
133.95333333333335
 20
127.75
 10
133.06666666666666
 20
127.75
 10
133.06666666666666
 20
127.58999999999997
 10
134.93333333333334
 20
127.58999999999997
 10
134.93333333333334
 20
127.75
 10
134.04666666666668
 20
127.75
 10
134.04666666666668
 20
129.29666666666665
 10
134.93333333333334
 20
129.29666666666665
 97
0
 75
1
 76
1
 98
0
  0
LWPOLYLINE
  5
387
330
17
100
AcDbEntity
  8
acero_vigas_cubierta
100
AcDbPolyline
 90
12
 70
1
 10
161.06666666666666
 20
129.45666666666665
 10
158.93333333333334
 20
129.45666666666665
 10
158.93333333333334
 20
129.28333333333333
 10
159.9466666666667
 20
129.28333333333333
 10
159.9466666666667
 20
127.49666666666664
 10
158.93333333333334
 20
127.49666666666664
 10
158.93333333333334
 20
127.32333333333332
 10
161.06666666666666
 20
127.32333333333332
 10
161.06666666666666
 20
127.49666666666664
 10
160.05333333333334
 20
127.49666666666664
 10
160.05333333333334
 20
129.28333333333333
 10
161.06666666666666
 20
129.28333333333333
  0
HATCH
  5
388
330
17
100
AcDbEntity
  8
RAYADO_FORJADO
 62
5
100
AcDbHatch
 10
0.0
 20
0.0
 30
0.0
210
0.0
220
0.0
230
1.0
  2
SOLID
 70
1
 71
0
 91
1
 92
3
 72
0
 73
1
 93
12
 10
161.06666666666666
 20
129.45666666666665
 10
158.93333333333334
 20
129.45666666666665
 10
158.93333333333334
 20
129.28333333333333
 10
159.9466666666667
 20
129.28333333333333
 10
159.9466666666667
 20
127.49666666666664
 10
158.93333333333334
 20
127.49666666666664
 10
158.93333333333334
 20
127.32333333333332
 10
161.06666666666666
 20
127.32333333333332
 10
161.06666666666666
 20
127.49666666666664
 10
160.05333333333334
 20
127.49666666666664
 10
160.05333333333334
 20
129.28333333333333
 10
161.06666666666666
 20
129.28333333333333
 97
0
 75
1
 76
1
 98
0
  0
LWPOLYLINE
  5
389
330
17
100
AcDbEntity
  8
acero_dinteles
100
AcDbPolyline
 90
12
 70
1
 10
195.36666666666667
 20
81.32333333333332
 10
194.63333333333335
 20
81.32333333333332
 10
194.63333333333335
 20
81.24733333333333
 10
194.9726666666667
 20
81.24733333333333
 10
194.97266666666667
 20
80.06599999999999
 10
194.63333333333333
 20
80.066
 10
194.63333333333335
 20
79.99
 10
195.36666666666667
 20
79.99
 10
195.36666666666667
 20
80.066
 10
195.02733333333333
 20
80.066
 10
195.02733333333336
 20
81.24733333333333
 10
195.3666666666667
 20
81.24733333333333
  0
HATCH
  5
38A
330
17
100
AcDbEntity
  8
RAYADO_FORJADO
 62
5
100
AcDbHatch
 10
0.0
 20
0.0
 30
0.0
210
0.0
220
0.0
230
1.0
  2
SOLID
 70
1
 71
0
 91
1
 92
3
 72
0
 73
1
 93
12
 10
195.36666666666667
 20
81.32333333333332
 10
194.63333333333335
 20
81.32333333333332
 10
194.63333333333335
 20
81.24733333333333
 10
194.9726666666667
 20
81.24733333333333
 10
194.97266666666667
 20
80.06599999999999
 10
194.63333333333333
 20
80.066
 10
194.63333333333335
 20
79.99
 10
195.36666666666667
 20
79.99
 10
195.36666666666667
 20
80.066
 10
195.02733333333333
 20
80.066
 10
195.02733333333336
 20
81.24733333333333
 10
195.3666666666667
 20
81.24733333333333
 97
0
 75
1
 76
1
 98
0
  0
DIMENSION
  5
38B
330
17
100
AcDbEntity
  8
COTAS
100
AcDbDimension
280
0
  2
*D21
  3
EZDXF
 10
26.33333333333333
 20
43.99
 30
0.0
 11
23.63333333333333
 21
47.99
 31
0.0
 70
32
 71
5
  1
0.60
100
AcDbAlignedDimension
 13
34.33333333333333
 23
43.99
 33
0.0
 14
34.33333333333333
 24
51.99
 34
0.0
 50
90.0
100
AcDbRotatedDimension
1001
ACAD
1000
DSTYLE
1002
{
1070
140
1040
2.2
1070
41
1040
1.8
1070
44
1040
1.0
1070
42
1040
0.8
1070
147
1040
0.6
1070
77
1070
1
1070
178
1070
3
1002
}
  0
DIMENSION
  5
39A
330
17
100
AcDbEntity
  8
COTAS
100
AcDbDimension
280
0
  2
*D22
  3
EZDXF
 10
26.33333333333333
 20
51.99
 30
0.0
 11
24.63333333333333
 21
73.72333333333334
 31
0.0
 70
32
 71
5
  1
3.26
100
AcDbAlignedDimension
 13
34.33333333333333
 23
51.99
 33
0.0
 14
34.33333333333333
 24
95.45666666666668
 34
0.0
 50
90.0
100
AcDbRotatedDimension
1001
ACAD
1000
DSTYLE
1002
{
1070
140
1040
2.2
1070
41
1040
1.8
1070
44
1040
1.0
1070
42
1040
0.8
1070
147
1040
0.6
1070
77
1070
1
1070
178
1070
3
1002
}
  0
DIMENSION
  5
3A9
330
17
100
AcDbEntity
  8
COTAS
100
AcDbDimension
280
0
  2
*D23
  3
EZDXF
 10
26.33333333333333
 20
95.45666666666668
 30
0.0
 11
24.63333333333333
 21
113.45666666666668
 31
0.0
 70
32
 71
5
  1
2.70
100
AcDbAlignedDimension
 13
34.33333333333333
 23
95.45666666666668
 33
0.0
 14
34.33333333333333
 24
131.45666666666668
 34
0.0
 50
90.0
100
AcDbRotatedDimension
1001
ACAD
1000
DSTYLE
1002
{
1070
140
1040
2.2
1070
41
1040
1.8
1070
44
1040
1.0
1070
42
1040
0.8
1070
147
1040
0.6
1070
77
1070
1
1070
178
1070
3
1002
}
  0
DIMENSION
  5
3B8
330
17
100
AcDbEntity
  8
COTAS
100
AcDbDimension
280
0
  2
*D24
  3
EZDXF
 10
26.33333333333333
 20
131.45666666666668
 30
0.0
 11
23.63333333333333
 21
134.79000000000002
 31
0.0
 70
32
 71
5
  1
0.50
100
AcDbAlignedDimension
 13
34.33333333333333
 23
131.45666666666668
 33
0.0
 14
34.33333333333333
 24
138.12333333333333
 34
0.0
 50
90.0
100
AcDbRotatedDimension
1001
ACAD
1000
DSTYLE
1002
{
1070
140
1040
2.2
1070
41
1040
1.8
1070
44
1040
1.0
1070
42
1040
0.8
1070
147
1040
0.6
1070
77
1070
1
1070
178
1070
3
1002
}
  0
DIMENSION
  5
3C7
330
17
100
AcDbEntity
  8
COTAS
100
AcDbDimension
280
0
  2
*D25
  3
EZDXF
 10
18.33333333333333
 20
43.99
 30
0.0
 11
16.63333333333333
 21
91.05666666666667
 31
0.0
 70
32
 71
5
  1
7.06
100
AcDbAlignedDimension
 13
34.33333333333333
 23
43.99
 33
0.0
 14
34.33333333333333
 24
138.12333333333333
 34
0.0
 50
90.0
100
AcDbRotatedDimension
1001
ACAD
1000
DSTYLE
1002
{
1070
140
1040
2.2
1070
41
1040
1.8
1070
44
1040
1.0
1070
42
1040
0.8
1070
147
1040
0.6
1070
77
1070
1
1070
178
1070
3
1002
}
  0
DIMENSION
  5
3D6
330
17
100
AcDbEntity
  8
COTAS
100
AcDbDimension
280
0
  2
*D26
  3
EZDXF
 10
34.33333333333333
 20
34.656666666666666
 30
0.0
 11
118.33333333333333
 21
36.35666666666667
 31
0.0
 70
32
 71
5
  1
12.60
100
AcDbAlignedDimension
 13
34.33333333333333
 23
43.99
 33
0.0
 14
202.33333333333334
 24
43.99
 34
0.0
 50
0.0
100
AcDbRotatedDimension
1001
ACAD
1000
DSTYLE
1002
{
1070
140
1040
2.2
1070
41
1040
1.8
1070
44
1040
1.0
1070
42
1040
0.8
1070
147
1040
0.6
1070
77
1070
1
1070
178
1070
3
1002
}
  0
LINE
  5
3E5
330
17
100
AcDbEntity
  8
COTAS
100
AcDbLine
 10
206.33333333333337
 20
51.99
 30
0.0
 11
215.66666666666669
 21
51.99
 31
0.0
  0
TEXT
  5
3E6
330
17
100
AcDbEntity
  8
TEXTO
100
AcDbText
 10
216.33333333333337
 20
51.99
 30
0.0
 40
1.7
  1
±0.00 SUELO PB
 11
216.33333333333337
 21
51.99
 31
0.0
100
AcDbText
 73
2
  0
LINE
  5
3E7
330
17
100
AcDbEntity
  8
COTAS
100
AcDbLine
 10
206.33333333333337
 20
95.45666666666668
 30
0.0
 11
215.66666666666669
 21
95.45666666666668
 31
0.0
  0
TEXT
  5
3E8
330
17
100
AcDbEntity
  8
TEXTO
100
AcDbText
 10
216.33333333333337
 20
95.45666666666668
 30
0.0
 40
1.7
  1
+3.26 SUELO PA / TERRAZA
 11
216.33333333333337
 21
95.45666666666668
 31
0.0
100
AcDbText
 73
2
  0
LINE
  5
3E9
330
17
100
AcDbEntity
  8
COTAS
100
AcDbLine
 10
206.33333333333337
 20
131.45666666666668
 30
0.0
 11
215.66666666666669
 21
131.45666666666668
 31
0.0
  0
TEXT
  5
3EA
330
17
100
AcDbEntity
  8
TEXTO
100
AcDbText
 10
216.33333333333337
 20
131.45666666666668
 30
0.0
 40
1.7
  1
+5.96 CUBIERTA
 11
216.33333333333337
 21
131.45666666666668
 31
0.0
100
AcDbText
 73
2
  0
TEXT
  5
3EB
330
17
100
AcDbEntity
  8
TEXTO
100
AcDbText
 10
118.33333333333334
 20
18.656666666666666
 30
0.0
 40
4.0
  1
SECCIÓN B-B' (dormitorio, escalera, baño)  1/75
 72
1
 11
118.33333333333334
 21
18.656666666666666
 31
0.0
100
AcDbText
 73
2
  0
TEXT
  5
3EC
330
17
100
AcDbEntity
  8
TEXTO
100
AcDbText
 10
300.0
 20
286.0
 30
0.0
 40
3.2
  1
CUADRO DE SUPERFICIES (interiores, aprox.)
100
AcDbText
  0
TEXT
  5
3ED
330
17
100
AcDbEntity
  8
TEXTO
100
AcDbText
 10
301.5
 20
278.1
 30
0.0
 40
2.2
  1
ESTANCIA
100
AcDbText
  0
TEXT
  5
3EE
330
17
100
AcDbEntity
  8
TEXTO
100
AcDbText
 10
379.5
 20
278.1
 30
0.0
 40
2.2
  1
PLANTA
100
AcDbText
  0
TEXT
  5
3EF
330
17
100
AcDbEntity
  8
TEXTO
100
AcDbText
 10
403.5
 20
278.1
 30
0.0
 40
2.2
  1
m²
100
AcDbText
  0
LWPOLYLINE
  5
3F0
330
17
100
AcDbEntity
  8
TABLA
100
AcDbPolyline
 90
4
 70
1
 10
300.0
 20
282.0
 10
428.0
 20
282.0
 10
428.0
 20
276.6
 10
300.0
 20
276.6
  0
TEXT
  5
3F1
330
17
100
AcDbEntity
  8
TEXTO
100
AcDbText
 10
301.5
 20
272.70000000000005
 30
0.0
 40
2.2
  1
Salón con comedor
100
AcDbText
  0
TEXT
  5
3F2
330
17
100
AcDbEntity
  8
TEXTO
100
AcDbText
 10
379.5
 20
272.70000000000005
 30
0.0
 40
2.2
  1
PB
100
AcDbText
  0
TEXT
  5
3F3
330
17
100
AcDbEntity
  8
TEXTO
100
AcDbText
 10
403.5
 20
272.70000000000005
 30
0.0
 40
2.2
  1
31.1
100
AcDbText
  0
LWPOLYLINE
  5
3F4
330
17
100
AcDbEntity
  8
TABLA
100
AcDbPolyline
 90
4
 70
1
 10
300.0
 20
276.6
 10
428.0
 20
276.6
 10
428.0
 20
271.20000000000005
 10
300.0
 20
271.20000000000005
  0
TEXT
  5
3F5
330
17
100
AcDbEntity
  8
TEXTO
100
AcDbText
 10
301.5
 20
267.30000000000007
 30
0.0
 40
2.2
  1
Pasillo entrada
100
AcDbText
  0
TEXT
  5
3F6
330
17
100
AcDbEntity
  8
TEXTO
100
AcDbText
 10
379.5
 20
267.30000000000007
 30
0.0
 40
2.2
  1
PB
100
AcDbText
  0
TEXT
  5
3F7
330
17
100
AcDbEntity
  8
TEXTO
100
AcDbText
 10
403.5
 20
267.30000000000007
 30
0.0
 40
2.2
  1
10.6
100
AcDbText
  0
LWPOLYLINE
  5
3F8
330
17
100
AcDbEntity
  8
TABLA
100
AcDbPolyline
 90
4
 70
1
 10
300.0
 20
271.20000000000005
 10
428.0
 20
271.20000000000005
 10
428.0
 20
265.80000000000007
 10
300.0
 20
265.80000000000007
  0
TEXT
  5
3F9
330
17
100
AcDbEntity
  8
TEXTO
100
AcDbText
 10
301.5
 20
261.9000000000001
 30
0.0
 40
2.2
  1
Entrada
100
AcDbText
  0
TEXT
  5
3FA
330
17
100
AcDbEntity
  8
TEXTO
100
AcDbText
 10
379.5
 20
261.9000000000001
 30
0.0
 40
2.2
  1
PB
100
AcDbText
  0
TEXT
  5
3FB
330
17
100
AcDbEntity
  8
TEXTO
100
AcDbText
 10
403.5
 20
261.9000000000001
 30
0.0
 40
2.2
  1
1.9
100
AcDbText
  0
LWPOLYLINE
  5
3FC
330
17
100
AcDbEntity
  8
TABLA
100
AcDbPolyline
 90
4
 70
1
 10
300.0
 20
265.80000000000007
 10
428.0
 20
265.80000000000007
 10
428.0
 20
260.4000000000001
 10
300.0
 20
260.4000000000001
  0
TEXT
  5
3FD
330
17
100
AcDbEntity
  8
TEXTO
100
AcDbText
 10
301.5
 20
256.5000000000001
 30
0.0
 40
2.2
  1
Escalera
100
AcDbText
  0
TEXT
  5
3FE
330
17
100
AcDbEntity
  8
TEXTO
100
AcDbText
 10
379.5
 20
256.5000000000001
 30
0.0
 40
2.2
  1
PB
100
AcDbText
  0
TEXT
  5
3FF
330
17
100
AcDbEntity
  8
TEXTO
100
AcDbText
 10
403.5
 20
256.5000000000001
 30
0.0
 40
2.2
  1
4.9
100
AcDbText
  0
LWPOLYLINE
  5
400
330
17
100
AcDbEntity
  8
TABLA
100
AcDbPolyline
 90
4
 70
1
 10
300.0
 20
260.4000000000001
 10
428.0
 20
260.4000000000001
 10
428.0
 20
255.00000000000009
 10
300.0
 20
255.00000000000009
  0
TEXT
  5
401
330
17
100
AcDbEntity
  8
TEXTO
100
AcDbText
 10
301.5
 20
251.10000000000008
 30
0.0
 40
2.2
  1
Baño grande
100
AcDbText
  0
TEXT
  5
402
330
17
100
AcDbEntity
  8
TEXTO
100
AcDbText
 10
379.5
 20
251.10000000000008
 30
0.0
 40
2.2
  1
PB
100
AcDbText
  0
TEXT
  5
403
330
17
100
AcDbEntity
  8
TEXTO
100
AcDbText
 10
403.5
 20
251.10000000000008
 30
0.0
 40
2.2
  1
5.8
100
AcDbText
  0
LWPOLYLINE
  5
404
330
17
100
AcDbEntity
  8
TABLA
100
AcDbPolyline
 90
4
 70
1
 10
300.0
 20
255.00000000000009
 10
428.0
 20
255.00000000000009
 10
428.0
 20
249.60000000000008
 10
300.0
 20
249.60000000000008
  0
TEXT
  5
405
330
17
100
AcDbEntity
  8
TEXTO
100
AcDbText
 10
301.5
 20
245.70000000000007
 30
0.0
 40
2.2
  1
Sala de estar y paso
100
AcDbText
  0
TEXT
  5
406
330
17
100
AcDbEntity
  8
TEXTO
100
AcDbText
 10
379.5
 20
245.70000000000007
 30
0.0
 40
2.2
  1
PB
100
AcDbText
  0
TEXT
  5
407
330
17
100
AcDbEntity
  8
TEXTO
100
AcDbText
 10
403.5
 20
245.70000000000007
 30
0.0
 40
2.2
  1
10.4
100
AcDbText
  0
LWPOLYLINE
  5
408
330
17
100
AcDbEntity
  8
TABLA
100
AcDbPolyline
 90
4
 70
1
 10
300.0
 20
249.60000000000008
 10
428.0
 20
249.60000000000008
 10
428.0
 20
244.20000000000007
 10
300.0
 20
244.20000000000007
  0
TEXT
  5
409
330
17
100
AcDbEntity
  8
TEXTO
100
AcDbText
 10
301.5
 20
240.30000000000007
 30
0.0
 40
2.2
  1
Cocina
100
AcDbText
  0
TEXT
  5
40A
330
17
100
AcDbEntity
  8
TEXTO
100
AcDbText
 10
379.5
 20
240.30000000000007
 30
0.0
 40
2.2
  1
PB
100
AcDbText
  0
TEXT
  5
40B
330
17
100
AcDbEntity
  8
TEXTO
100
AcDbText
 10
403.5
 20
240.30000000000007
 30
0.0
 40
2.2
  1
15.4
100
AcDbText
  0
LWPOLYLINE
  5
40C
330
17
100
AcDbEntity
  8
TABLA
100
AcDbPolyline
 90
4
 70
1
 10
300.0
 20
244.20000000000007
 10
428.0
 20
244.20000000000007
 10
428.0
 20
238.80000000000007
 10
300.0
 20
238.80000000000007
  0
TEXT
  5
40D
330
17
100
AcDbEntity
  8
TEXTO
100
AcDbText
 10
301.5
 20
234.90000000000006
 30
0.0
 40
2.2
  1
Dormitorio principal
100
AcDbText
  0
TEXT
  5
40E
330
17
100
AcDbEntity
  8
TEXTO
100
AcDbText
 10
379.5
 20
234.90000000000006
 30
0.0
 40
2.2
  1
PB
100
AcDbText
  0
TEXT
  5
40F
330
17
100
AcDbEntity
  8
TEXTO
100
AcDbText
 10
403.5
 20
234.90000000000006
 30
0.0
 40
2.2
  1
17.2
100
AcDbText
  0
LWPOLYLINE
  5
410
330
17
100
AcDbEntity
  8
TABLA
100
AcDbPolyline
 90
4
 70
1
 10
300.0
 20
238.80000000000007
 10
428.0
 20
238.80000000000007
 10
428.0
 20
233.40000000000006
 10
300.0
 20
233.40000000000006
  0
TEXT
  5
411
330
17
100
AcDbEntity
  8
TEXTO
100
AcDbText
 10
301.5
 20
229.50000000000006
 30
0.0
 40
2.2
  1
Vestidor
100
AcDbText
  0
TEXT
  5
412
330
17
100
AcDbEntity
  8
TEXTO
100
AcDbText
 10
379.5
 20
229.50000000000006
 30
0.0
 40
2.2
  1
PB
100
AcDbText
  0
TEXT
  5
413
330
17
100
AcDbEntity
  8
TEXTO
100
AcDbText
 10
403.5
 20
229.50000000000006
 30
0.0
 40
2.2
  1
6.4
100
AcDbText
  0
LWPOLYLINE
  5
414
330
17
100
AcDbEntity
  8
TABLA
100
AcDbPolyline
 90
4
 70
1
 10
300.0
 20
233.40000000000006
 10
428.0
 20
233.40000000000006
 10
428.0
 20
228.00000000000006
 10
300.0
 20
228.00000000000006
  0
TEXT
  5
415
330
17
100
AcDbEntity
  8
TEXTO
100
AcDbText
 10
301.5
 20
224.10000000000005
 30
0.0
 40
2.2
  1
Baño principal
100
AcDbText
  0
TEXT
  5
416
330
17
100
AcDbEntity
  8
TEXTO
100
AcDbText
 10
379.5
 20
224.10000000000005
 30
0.0
 40
2.2
  1
PB
100
AcDbText
  0
TEXT
  5
417
330
17
100
AcDbEntity
  8
TEXTO
100
AcDbText
 10
403.5
 20
224.10000000000005
 30
0.0
 40
2.2
  1
4.1
100
AcDbText
  0
LWPOLYLINE
  5
418
330
17
100
AcDbEntity
  8
TABLA
100
AcDbPolyline
 90
4
 70
1
 10
300.0
 20
228.00000000000006
 10
428.0
 20
228.00000000000006
 10
428.0
 20
222.60000000000005
 10
300.0
 20
222.60000000000005
  0
TEXT
  5
419
330
17
100
AcDbEntity
  8
TEXTO
100
AcDbText
 10
301.5
 20
218.70000000000005
 30
0.0
 40
2.2
  1
Terraza sobre salón
100
AcDbText
  0
TEXT
  5
41A
330
17
100
AcDbEntity
  8
TEXTO
100
AcDbText
 10
379.5
 20
218.70000000000005
 30
0.0
 40
2.2
  1
PA
100
AcDbText
  0
TEXT
  5
41B
330
17
100
AcDbEntity
  8
TEXTO
100
AcDbText
 10
403.5
 20
218.70000000000005
 30
0.0
 40
2.2
  1
25.5
100
AcDbText
  0
LWPOLYLINE
  5
41C
330
17
100
AcDbEntity
  8
TABLA
100
AcDbPolyline
 90
4
 70
1
 10
300.0
 20
222.60000000000005
 10
428.0
 20
222.60000000000005
 10
428.0
 20
217.20000000000005
 10
300.0
 20
217.20000000000005
  0
TEXT
  5
41D
330
17
100
AcDbEntity
  8
TEXTO
100
AcDbText
 10
301.5
 20
213.30000000000004
 30
0.0
 40
2.2
  1
Sala familiar
100
AcDbText
  0
TEXT
  5
41E
330
17
100
AcDbEntity
  8
TEXTO
100
AcDbText
 10
379.5
 20
213.30000000000004
 30
0.0
 40
2.2
  1
PA
100
AcDbText
  0
TEXT
  5
41F
330
17
100
AcDbEntity
  8
TEXTO
100
AcDbText
 10
403.5
 20
213.30000000000004
 30
0.0
 40
2.2
  1
14.4
100
AcDbText
  0
LWPOLYLINE
  5
420
330
17
100
AcDbEntity
  8
TABLA
100
AcDbPolyline
 90
4
 70
1
 10
300.0
 20
217.20000000000005
 10
428.0
 20
217.20000000000005
 10
428.0
 20
211.80000000000004
 10
300.0
 20
211.80000000000004
  0
TEXT
  5
421
330
17
100
AcDbEntity
  8
TEXTO
100
AcDbText
 10
301.5
 20
207.90000000000003
 30
0.0
 40
2.2
  1
Entrada
100
AcDbText
  0
TEXT
  5
422
330
17
100
AcDbEntity
  8
TEXTO
100
AcDbText
 10
379.5
 20
207.90000000000003
 30
0.0
 40
2.2
  1
PA
100
AcDbText
  0
TEXT
  5
423
330
17
100
AcDbEntity
  8
TEXTO
100
AcDbText
 10
403.5
 20
207.90000000000003
 30
0.0
 40
2.2
  1
1.9
100
AcDbText
  0
LWPOLYLINE
  5
424
330
17
100
AcDbEntity
  8
TABLA
100
AcDbPolyline
 90
4
 70
1
 10
300.0
 20
211.80000000000004
 10
428.0
 20
211.80000000000004
 10
428.0
 20
206.40000000000003
 10
300.0
 20
206.40000000000003
  0
TEXT
  5
425
330
17
100
AcDbEntity
  8
TEXTO
100
AcDbText
 10
301.5
 20
202.50000000000003
 30
0.0
 40
2.2
  1
Baño
100
AcDbText
  0
TEXT
  5
426
330
17
100
AcDbEntity
  8
TEXTO
100
AcDbText
 10
379.5
 20
202.50000000000003
 30
0.0
 40
2.2
  1
PA
100
AcDbText
  0
TEXT
  5
427
330
17
100
AcDbEntity
  8
TEXTO
100
AcDbText
 10
403.5
 20
202.50000000000003
 30
0.0
 40
2.2
  1
3.5
100
AcDbText
  0
LWPOLYLINE
  5
428
330
17
100
AcDbEntity
  8
TABLA
100
AcDbPolyline
 90
4
 70
1
 10
300.0
 20
206.40000000000003
 10
428.0
 20
206.40000000000003
 10
428.0
 20
201.00000000000003
 10
300.0
 20
201.00000000000003
  0
TEXT
  5
429
330
17
100
AcDbEntity
  8
TEXTO
100
AcDbText
 10
301.5
 20
197.10000000000002
 30
0.0
 40
2.2
  1
Dormitorio 1
100
AcDbText
  0
TEXT
  5
42A
330
17
100
AcDbEntity
  8
TEXTO
100
AcDbText
 10
379.5
 20
197.10000000000002
 30
0.0
 40
2.2
  1
PA
100
AcDbText
  0
TEXT
  5
42B
330
17
100
AcDbEntity
  8
TEXTO
100
AcDbText
 10
403.5
 20
197.10000000000002
 30
0.0
 40
2.2
  1
10.9
100
AcDbText
  0
LWPOLYLINE
  5
42C
330
17
100
AcDbEntity
  8
TABLA
100
AcDbPolyline
 90
4
 70
1
 10
300.0
 20
201.00000000000003
 10
428.0
 20
201.00000000000003
 10
428.0
 20
195.60000000000002
 10
300.0
 20
195.60000000000002
  0
TEXT
  5
42D
330
17
100
AcDbEntity
  8
TEXTO
100
AcDbText
 10
301.5
 20
191.70000000000002
 30
0.0
 40
2.2
  1
Dormitorio 2
100
AcDbText
  0
TEXT
  5
42E
330
17
100
AcDbEntity
  8
TEXTO
100
AcDbText
 10
379.5
 20
191.70000000000002
 30
0.0
 40
2.2
  1
PA
100
AcDbText
  0
TEXT
  5
42F
330
17
100
AcDbEntity
  8
TEXTO
100
AcDbText
 10
403.5
 20
191.70000000000002
 30
0.0
 40
2.2
  1
17.2
100
AcDbText
  0
LWPOLYLINE
  5
430
330
17
100
AcDbEntity
  8
TABLA
100
AcDbPolyline
 90
4
 70
1
 10
300.0
 20
195.60000000000002
 10
428.0
 20
195.60000000000002
 10
428.0
 20
190.20000000000002
 10
300.0
 20
190.20000000000002
  0
TEXT
  5
431
330
17
100
AcDbEntity
  8
TEXTO
100
AcDbText
 10
301.5
 20
186.3
 30
0.0
 40
2.2
  1
Dormitorio 3 / despacho
100
AcDbText
  0
TEXT
  5
432
330
17
100
AcDbEntity
  8
TEXTO
100
AcDbText
 10
379.5
 20
186.3
 30
0.0
 40
2.2
  1
PA
100
AcDbText
  0
TEXT
  5
433
330
17
100
AcDbEntity
  8
TEXTO
100
AcDbText
 10
403.5
 20
186.3
 30
0.0
 40
2.2
  1
15.4
100
AcDbText
  0
LWPOLYLINE
  5
434
330
17
100
AcDbEntity
  8
TABLA
100
AcDbPolyline
 90
4
 70
1
 10
300.0
 20
190.20000000000002
 10
428.0
 20
190.20000000000002
 10
428.0
 20
184.8
 10
300.0
 20
184.8
  0
TEXT
  5
435
330
17
100
AcDbEntity
  8
TEXTO
100
AcDbText
 10
301.5
 20
180.9
 30
0.0
 40
2.2
  1
Total casa planta baja
100
AcDbText
  0
TEXT
  5
436
330
17
100
AcDbEntity
  8
TEXTO
100
AcDbText
 10
379.5
 20
180.9
 30
0.0
 40
2.2
  1
PB
100
AcDbText
  0
TEXT
  5
437
330
17
100
AcDbEntity
  8
TEXTO
100
AcDbText
 10
403.5
 20
180.9
 30
0.0
 40
2.2
  1
97.3
100
AcDbText
  0
LWPOLYLINE
  5
438
330
17
100
AcDbEntity
  8
TABLA
100
AcDbPolyline
 90
4
 70
1
 10
300.0
 20
184.8
 10
428.0
 20
184.8
 10
428.0
 20
179.4
 10
300.0
 20
179.4
  0
TEXT
  5
439
330
17
100
AcDbEntity
  8
TEXTO
100
AcDbText
 10
301.5
 20
175.5
 30
0.0
 40
2.2
  1
Total casa planta alta
100
AcDbText
  0
TEXT
  5
43A
330
17
100
AcDbEntity
  8
TEXTO
100
AcDbText
 10
379.5
 20
175.5
 30
0.0
 40
2.2
  1
PA
100
AcDbText
  0
TEXT
  5
43B
330
17
100
AcDbEntity
  8
TEXTO
100
AcDbText
 10
403.5
 20
175.5
 30
0.0
 40
2.2
  1
63.2
100
AcDbText
  0
LWPOLYLINE
  5
43C
330
17
100
AcDbEntity
  8
TABLA
100
AcDbPolyline
 90
4
 70
1
 10
300.0
 20
179.4
 10
428.0
 20
179.4
 10
428.0
 20
174.0
 10
300.0
 20
174.0
  0
TEXT
  5
43D
330
17
100
AcDbEntity
  8
TEXTO
100
AcDbText
 10
300.0
 20
166.0
 30
0.0
 40
2.1
  1
NOTAS: muros existentes de 0,55 m; medidas exteriores del croquis. Tabiques de 0,10 m.
100
AcDbText
  0
TEXT
  5
43E
330
17
100
AcDbEntity
  8
TEXTO
100
AcDbText
 10
300.0
 20
161.2
 30
0.0
 40
2.1
  1
Falta confirmar a qué lado del croquis queda el este (otro terreno con la salida del sol).
100
AcDbText
  0
TEXT
  5
43F
330
17
100
AcDbEntity
  8
TEXTO
100
AcDbText
 10
300.0
 20
156.4
 30
0.0
 40
2.1
  1
Norte abajo (calle y salón), sur arriba. Escalera en U con hueco y lucernario en cubierta.
100
AcDbText
  0
TEXT
  5
440
330
17
100
AcDbEntity
  8
TEXTO
100
AcDbText
 10
300.0
 20
151.6
 30
0.0
 40
2.1
  1
Se demuele el muro de fachada entre salón y casa y la pared central: los sustituyen vigas de acero (línea gruesa).
100
AcDbText
  0
ENDSEC
  0
SECTION
  2
OBJECTS
  0
DICTIONARY
  5
A
330
0
100
AcDbDictionary
281
1
  3
ACAD_COLOR
350
B
  3
ACAD_GROUP
350
C
  3
ACAD_LAYOUT
350
D
  3
ACAD_MATERIAL
350
E
  3
ACAD_MLEADERSTYLE
350
F
  3
ACAD_MLINESTYLE
350
10
  3
ACAD_PLOTSETTINGS
350
11
  3
ACAD_PLOTSTYLENAME
350
12
  3
ACAD_SCALELIST
350
14
  3
ACAD_TABLESTYLE
350
15
  3
ACAD_VISUALSTYLE
350
16
  3
EZDXF_META
350
2D
  0
DICTIONARY
  5
B
330
A
100
AcDbDictionary
281
1
  0
DICTIONARY
  5
C
330
A
100
AcDbDictionary
281
1
  0
DICTIONARY
  5
D
330
A
100
AcDbDictionary
281
1
  3
Model
350
1A
  3
Layout1
350
1E
  0
DICTIONARY
  5
E
330
A
100
AcDbDictionary
281
1
  3
ByBlock
350
1F
  3
ByLayer
350
20
  3
Global
350
21
  0
DICTIONARY
  5
F
330
A
100
AcDbDictionary
281
1
  3
Standard
350
2C
  0
DICTIONARY
  5
10
330
A
100
AcDbDictionary
281
1
  3
Standard
350
22
  0
DICTIONARY
  5
11
330
A
100
AcDbDictionary
281
1
  0
ACDBDICTIONARYWDFLT
  5
12
330
A
100
AcDbDictionary
281
1
  3
Normal
350
13
100
AcDbDictionaryWithDefault
340
13
  0
ACDBPLACEHOLDER
  5
13
330
12
  0
DICTIONARY
  5
14
330
A
100
AcDbDictionary
281
1
  0
DICTIONARY
  5
15
330
A
100
AcDbDictionary
281
1
  0
DICTIONARY
  5
16
330
A
100
AcDbDictionary
281
1
  3
2dWireframe
350
5A
  3
Basic
350
5B
  3
Brighten
350
5C
  3
ColorChange
350
5D
  3
Conceptual
350
5E
  3
Dim
350
5F
  3
EdgeColorOff
350
60
  3
Facepattern
350
61
  3
Flat
350
62
  3
FlatWithEdges
350
63
  3
Gouraud
350
64
  3
GouraudWithEdges
350
65
  3
Hidden
350
66
  3
JitterOff
350
67
  3
Linepattern
350
68
  3
Modeling
350
69
  3
OverhangOff
350
6A
  3
Realistic
350
6B
  3
Shaded
350
6C
  3
Shaded with edges
350
6D
  3
Shades of Gray
350
6E
  3
Sketchy
350
6F
  3
Thicken
350
70
  3
Wireframe
350
71
  3
X-Ray
350
72
  0
LAYOUT
  5
1A
330
D
100
AcDbPlotSettings
  1

  4
A3
  6

 40
7.5
 41
20.0
 42
7.5
 43
20.0
 44
420.0
 45
297.0
 46
0.0
 47
0.0
 48
0.0
 49
0.0
140
0.0
141
0.0
142
1.0
143
1.0
 70
1024
 72
1
 73
0
 74
5
  7

 75
16
 76
0
 77
2
 78
300
147
1.0
148
0.0
149
0.0
100
AcDbLayout
  1
Model
 70
1
 71
0
 10
0.0
 20
0.0
 11
420.0
 21
297.0
 12
0.0
 22
0.0
 32
0.0
 14
1e+20
 24
1e+20
 34
1e+20
 15
-1e+20
 25
-1e+20
 35
-1e+20
146
0.0
 13
0.0
 23
0.0
 33
0.0
 16
1.0
 26
0.0
 36
0.0
 17
0.0
 27
1.0
 37
0.0
 76
1
330
17
  0
LAYOUT
  5
1E
330
D
100
AcDbPlotSettings
  1

  4
A3
  6

 40
7.5
 41
20.0
 42
7.5
 43
20.0
 44
420.0
 45
297.0
 46
0.0
 47
0.0
 48
0.0
 49
0.0
140
0.0
141
0.0
142
1.0
143
1.0
 70
0
 72
1
 73
0
 74
5
  7

 75
16
 76
0
 77
2
 78
300
147
1.0
148
0.0
149
0.0
100
AcDbLayout
  1
Layout1
 70
1
 71
1
 10
0.0
 20
0.0
 11
420.0
 21
297.0
 12
0.0
 22
0.0
 32
0.0
 14
1e+20
 24
1e+20
 34
1e+20
 15
-1e+20
 25
-1e+20
 35
-1e+20
146
0.0
 13
0.0
 23
0.0
 33
0.0
 16
1.0
 26
0.0
 36
0.0
 17
0.0
 27
1.0
 37
0.0
 76
1
330
1B
  0
MATERIAL
  5
1F
102
{ACAD_REACTORS
330
E
102
}
330
E
100
AcDbMaterial
  1
ByBlock
  2

 70
0
 40
1.0
 71
1
 41
1.0
 91
-1023410177
 42
1.0
 72
1
  3

 73
1
 74
1
 75
1
 44
0.5
 73
0
 45
1.0
 46
1.0
 77
1
  4

 78
1
 79
1
170
1
 48
1.0
171
1
  6

172
1
173
1
174
1
140
1.0
141
1.0
175
1
  7

176
1
177
1
178
1
143
1.0
179
1
  8

270
1
271
1
272
1
145
1.0
146
1.0
273
1
  9

274
1
275
1
276
1
 42
1.0
 72
1
  3

 73
1
 74
1
 75
1
 94
63
  0
MATERIAL
  5
20
102
{ACAD_REACTORS
330
E
102
}
330
E
100
AcDbMaterial
  1
ByLayer
  2

 70
0
 40
1.0
 71
1
 41
1.0
 91
-1023410177
 42
1.0
 72
1
  3

 73
1
 74
1
 75
1
 44
0.5
 73
0
 45
1.0
 46
1.0
 77
1
  4

 78
1
 79
1
170
1
 48
1.0
171
1
  6

172
1
173
1
174
1
140
1.0
141
1.0
175
1
  7

176
1
177
1
178
1
143
1.0
179
1
  8

270
1
271
1
272
1
145
1.0
146
1.0
273
1
  9

274
1
275
1
276
1
 42
1.0
 72
1
  3

 73
1
 74
1
 75
1
 94
63
  0
MATERIAL
  5
21
102
{ACAD_REACTORS
330
E
102
}
330
E
100
AcDbMaterial
  1
Global
  2

 70
0
 40
1.0
 71
1
 41
1.0
 91
-1023410177
 42
1.0
 72
1
  3

 73
1
 74
1
 75
1
 44
0.5
 73
0
 45
1.0
 46
1.0
 77
1
  4

 78
1
 79
1
170
1
 48
1.0
171
1
  6

172
1
173
1
174
1
140
1.0
141
1.0
175
1
  7

176
1
177
1
178
1
143
1.0
179
1
  8

270
1
271
1
272
1
145
1.0
146
1.0
273
1
  9

274
1
275
1
276
1
 42
1.0
 72
1
  3

 73
1
 74
1
 75
1
 94
63
  0
MLINESTYLE
  5
22
102
{ACAD_REACTORS
330
10
102
}
330
10
100
AcDbMlineStyle
  2
Standard
 70
0
  3

 62
256
 51
90.0
 52
90.0
 71
2
 49
0.5
 62
256
  6
BYLAYER
 49
-0.5
 62
256
  6
BYLAYER
  0
MLEADERSTYLE
  5
2C
102
{ACAD_REACTORS
330
F
102
}
330
F
100
AcDbMLeaderStyle
179
2
170
2
171
1
172
0
 90
2
 40
0.0
 41
0.0
173
1
 91
-1056964608
 92
-2
290
1
 42
2.0
291
1
 43
8.0
  3
Standard
 44
4.0
300

342
29
174
1
175
1
176
0
178
1
 93
-1056964608
 45
4.0
292
0
297
0
 46
4.0
 94
-1056964608
 47
1.0
 49
1.0
140
1.0
294
1
141
0.0
177
0
142
1.0
295
0
296
0
143
3.75
271
0
272
9
273
9
  0
DICTIONARY
  5
2D
330
A
100
AcDbDictionary
280
1
281
1
  3
CREATED_BY_EZDXF
350
2E
  3
WRITTEN_BY_EZDXF
350
443
  0
DICTIONARYVAR
  5
2E
330
2D
100
DictionaryVariables
280
0
  1
1.4.4 @ 2026-09-29T14:10:06.959890+00:00
  0
VISUALSTYLE
  5
5A
102
{ACAD_REACTORS
330
16
102
}
330
16
100
AcDbVisualStyle
  2
2dWireframe
 70
4
 90
0
 40
0.6
 62
7
290
0
291
0
  0
VISUALSTYLE
  5
5B
102
{ACAD_REACTORS
330
16
102
}
330
16
100
AcDbVisualStyle
  2
Basic
 70
7
 90
1
 40
0.6
 62
7
290
0
291
1
  0
VISUALSTYLE
  5
5C
102
{ACAD_REACTORS
330
16
102
}
330
16
100
AcDbVisualStyle
  2
Brighten
 70
12
 90
2
 40
0.6
 62
7
290
0
291
1
  0
VISUALSTYLE
  5
5D
102
{ACAD_REACTORS
330
16
102
}
330
16
100
AcDbVisualStyle
  2
ColorChange
 70
16
 90
2
 40
0.6
 62
8
290
0
291
1
  0
VISUALSTYLE
  5
5E
102
{ACAD_REACTORS
330
16
102
}
330
16
100
AcDbVisualStyle
  2
Conceptual
 70
9
 90
3
 40
0.6
 62
7
290
0
291
0
  0
VISUALSTYLE
  5
5F
102
{ACAD_REACTORS
330
16
102
}
330
16
100
AcDbVisualStyle
  2
Dim
 70
11
 90
2
 40
0.6
 62
7
290
0
291
1
  0
VISUALSTYLE
  5
60
102
{ACAD_REACTORS
330
16
102
}
330
16
100
AcDbVisualStyle
  2
EdgeColorOff
 70
22
 90
2
 40
0.6
 62
7
290
0
291
1
  0
VISUALSTYLE
  5
61
102
{ACAD_REACTORS
330
16
102
}
330
16
100
AcDbVisualStyle
  2
Facepattern
 70
15
 90
2
 40
0.6
 62
7
290
0
291
1
  0
VISUALSTYLE
  5
62
102
{ACAD_REACTORS
330
16
102
}
330
16
100
AcDbVisualStyle
  2
Flat
 70
0
 90
2
 40
0.6
 62
7
290
0
291
1
  0
VISUALSTYLE
  5
63
102
{ACAD_REACTORS
330
16
102
}
330
16
100
AcDbVisualStyle
  2
FlatWithEdges
 70
1
 90
2
 40
0.6
 62
7
290
0
291
1
  0
VISUALSTYLE
  5
64
102
{ACAD_REACTORS
330
16
102
}
330
16
100
AcDbVisualStyle
  2
Gouraud
 70
2
 90
2
 40
0.6
 62
7
290
0
291
1
  0
VISUALSTYLE
  5
65
102
{ACAD_REACTORS
330
16
102
}
330
16
100
AcDbVisualStyle
  2
GouraudWithEdges
 70
3
 90
2
 40
0.6
 62
7
290
0
291
1
  0
VISUALSTYLE
  5
66
102
{ACAD_REACTORS
330
16
102
}
330
16
100
AcDbVisualStyle
  2
Hidden
 70
6
 90
1
 40
0.6
 62
7
290
0
291
0
  0
VISUALSTYLE
  5
67
102
{ACAD_REACTORS
330
16
102
}
330
16
100
AcDbVisualStyle
  2
JitterOff
 70
20
 90
2
 40
0.6
 62
7
290
0
291
1
  0
VISUALSTYLE
  5
68
102
{ACAD_REACTORS
330
16
102
}
330
16
100
AcDbVisualStyle
  2
Linepattern
 70
14
 90
2
 40
0.6
 62
7
290
0
291
1
  0
VISUALSTYLE
  5
69
102
{ACAD_REACTORS
330
16
102
}
330
16
100
AcDbVisualStyle
  2
Modeling
 70
10
 90
2
 40
0.6
 62
7
290
0
291
0
  0
VISUALSTYLE
  5
6A
102
{ACAD_REACTORS
330
16
102
}
330
16
100
AcDbVisualStyle
  2
OverhangOff
 70
21
 90
2
 40
0.6
 62
7
290
0
291
1
  0
VISUALSTYLE
  5
6B
102
{ACAD_REACTORS
330
16
102
}
330
16
100
AcDbVisualStyle
  2
Realistic
 70
8
 90
2
 40
0.6
 62
7
290
0
291
0
  0
VISUALSTYLE
  5
6C
102
{ACAD_REACTORS
330
16
102
}
330
16
100
AcDbVisualStyle
  2
Shaded
 70
27
 90
2
 40
0.6
 62
7
290
0
291
0
  0
VISUALSTYLE
  5
6D
102
{ACAD_REACTORS
330
16
102
}
330
16
100
AcDbVisualStyle
  2
Shaded with edges
 70
26
 90
2
 40
0.6
 62
7
290
0
291
0
  0
VISUALSTYLE
  5
6E
102
{ACAD_REACTORS
330
16
102
}
330
16
100
AcDbVisualStyle
  2
Shades of Gray
 70
23
 90
2
 40
0.6
 62
7
290
0
291
0
  0
VISUALSTYLE
  5
6F
102
{ACAD_REACTORS
330
16
102
}
330
16
100
AcDbVisualStyle
  2
Sketchy
 70
24
 90
1
 40
0.6
 62
7
290
0
291
0
  0
VISUALSTYLE
  5
70
102
{ACAD_REACTORS
330
16
102
}
330
16
100
AcDbVisualStyle
  2
Thicken
 70
13
 90
2
 40
0.6
 62
7
290
0
291
1
  0
VISUALSTYLE
  5
71
102
{ACAD_REACTORS
330
16
102
}
330
16
100
AcDbVisualStyle
  2
Wireframe
 70
5
 90
0
 40
0.6
 62
7
290
0
291
0
  0
VISUALSTYLE
  5
72
102
{ACAD_REACTORS
330
16
102
}
330
16
100
AcDbVisualStyle
  2
X-Ray
 70
25
 90
2
 40
0.5
 62
7
290
0
291
0
  0
DICTIONARYVAR
  5
443
330
2D
100
DictionaryVariables
280
0
  1
1.4.4 @ 2026-09-29T14:10:08.525121+00:00
  0
ENDSEC
  0
EOF
